-- MariaDB dump 10.17  Distrib 10.4.13-MariaDB, for Win64 (AMD64)
--
-- Host: 127.0.0.1    Database: skillsmatesdb
-- ------------------------------------------------------
-- Server version	10.4.13-MariaDB

/*!40101 SET @OLD_CHARACTER_SET_CLIENT=@@CHARACTER_SET_CLIENT */;
/*!40101 SET @OLD_CHARACTER_SET_RESULTS=@@CHARACTER_SET_RESULTS */;
/*!40101 SET @OLD_COLLATION_CONNECTION=@@COLLATION_CONNECTION */;
/*!40101 SET NAMES utf8 */;
/*!40103 SET @OLD_TIME_ZONE=@@TIME_ZONE */;
/*!40103 SET TIME_ZONE='+00:00' */;
/*!40014 SET @OLD_UNIQUE_CHECKS=@@UNIQUE_CHECKS, UNIQUE_CHECKS=0 */;
/*!40014 SET @OLD_FOREIGN_KEY_CHECKS=@@FOREIGN_KEY_CHECKS, FOREIGN_KEY_CHECKS=0 */;
/*!40101 SET @OLD_SQL_MODE=@@SQL_MODE, SQL_MODE='NO_AUTO_VALUE_ON_ZERO' */;
/*!40111 SET @OLD_SQL_NOTES=@@SQL_NOTES, SQL_NOTES=0 */;

--
-- Table structure for table `account`
--

DROP TABLE IF EXISTS `account`;
/*!40101 SET @saved_cs_client     = @@character_set_client */;
/*!40101 SET character_set_client = utf8 */;
CREATE TABLE `account` (
  `id` int(11) NOT NULL,
  `id_server` varchar(255) NOT NULL,
  `active` bit(1) DEFAULT NULL,
  `created_at` datetime NOT NULL,
  `deleted` bit(1) DEFAULT NULL,
  `modified_at` datetime DEFAULT NULL,
  `revision` bigint(20) DEFAULT NULL,
  `address` varchar(100) DEFAULT NULL,
  `birthdate` datetime DEFAULT NULL,
  `description` varchar(255) DEFAULT NULL,
  `email` varchar(100) DEFAULT NULL,
  `firstname` varchar(50) NOT NULL,
  `lastname` varchar(50) NOT NULL,
  `password` varchar(255) NOT NULL,
  `phone_number` varchar(20) DEFAULT NULL,
  `city` varchar(30) DEFAULT NULL,
  `follower` int(11) DEFAULT 0,
  `following` int(11) DEFAULT 0,
  `profile_picture` varchar(255) DEFAULT NULL,
  `publication` int(11) DEFAULT 0,
  `biography` varchar(5000) DEFAULT NULL,
  `id_country` int(11) DEFAULT NULL,
  `id_gender` int(11) DEFAULT NULL,
  `id_status` int(11) DEFAULT NULL,
  PRIMARY KEY (`id`),
  UNIQUE KEY `UK_iyeg6x6r8s959nhdt76efqc6u` (`id_server`),
  KEY `FKk7k6inityad67q6d6dauvq7se` (`id_country`),
  KEY `FKimysbk21p49j16863efigckk2` (`id_gender`),
  KEY `FKaghw7d40th0m83glnh9iqrvp4` (`id_status`)
) ENGINE=MyISAM DEFAULT CHARSET=utf8;
/*!40101 SET character_set_client = @saved_cs_client */;

--
-- Dumping data for table `account`
--

LOCK TABLES `account` WRITE;
/*!40000 ALTER TABLE `account` DISABLE KEYS */;
INSERT INTO `account` VALUES (21,'205285312177400','','2020-08-24 18:35:43','\0',NULL,0,NULL,NULL,NULL,'innocent.ntafor@gmail.com','Innocent','NTAFOR','b9e4c748061f2c1962f8fee2055bdf92f3ecf4e89cc8e19afb992a8a9121e5b035add71568f5bb6801746ab543d605b55fd8bed141b8facf0ff60a9f3d7f2f52',NULL,'Buea',0,0,'avatar_2b1a1af3.jpg',0,NULL,107,NULL,109),(62,'94568172733300','','2020-09-03 19:21:40','\0',NULL,0,NULL,'2020-05-04 02:00:00',NULL,'belinda.mengue@yopmail.com','Belinda','MENGUE','9e00068ca1fe3558a1e85c241fb05fcb6e4d0464effd36d1eb8a985817bb9df0839b1cbb1c71d86bda1b5e71ae1a29cf2c2bd6953314a6f1e776e02e908f268a',NULL,'Douala',0,0,'avatar_9a6e4ba5.jpg',0,'A quand remonte la dernière fois où vous avez mis à jour votre biographie Instagram ?\n\nParce que la présentation de votre profil est fondamentale pour susciter l’envie des utilisateurs de s’abonner à votre compte, proposer une biographie bien rédigée et attractive est plus important que jamais.\n\nDe la même manière que convertir les visiteurs de votre site Internet en clients, l’objectif de votre profil Instagram est de convertir des visiteurs en nouveaux followers. Cela signifie donc que vous devez vous assurer que votre biographie Instagram comprend tout ce qu’il faut pour faire une excellente première impression.\n\nJe vous expliquerai tout au long de cet article ce qu’il faut savoir pour réussir cet espace fondamental de votre profil, avec de nombreux exemples concrets pour que vous puissiez vous aussi reproduire cela pour votre marque.',107,106,109),(77,'176189985379000','','2020-09-04 18:01:50','\0',NULL,0,NULL,NULL,NULL,'marie.magne@yopmail.com','Marie','MAGNE','86002024197f55ff14d2f58d7230d6ff319944c3c8af2f82ecf14c6cc5e334aa215ac14b572a45f82a3416bd0f02c922744e661878f6b7a2d724b45c291345c0',NULL,NULL,0,0,'avatar_e1d89aea.jpg',0,NULL,NULL,NULL,110),(111,'18773924290900','','2020-09-07 17:14:53','\0',NULL,0,NULL,NULL,NULL,'vanessa.djou@yopmail.com','Vanessa','DJOU','34a8b78a2867c0daf2b08e8cafd74abe9b724549daf0f68cf1948f131f6d58831cef9b74d0382f3ea06a09bc668f131a539b3aa1662df38f4428df7ccd9128be',NULL,'Yaounde',0,0,NULL,0,NULL,107,106,110),(125,'114775214089500','','2020-09-11 17:19:20','\0',NULL,0,NULL,'2020-09-01 02:00:00',NULL,'solange.nana@yopmail.com','Solange','NANA','e7060722640fb48a42c4a3535ae5889ff202fb07c61fe4d2fa608f9a266a9809b6b784491e792703d4ebb7105c8ebdae495111e730cb4290ad652fd359cf1e09',NULL,'Buea',0,0,NULL,0,NULL,107,106,109),(122,'436758040251399','','2020-09-07 17:10:47','\0',NULL,0,NULL,NULL,NULL,'franckamayou@gmail.com','Franck','KAMAYOU','db587fa73c355423ae094bcfc4375a36d52fc8e09253817ee2eccf6c56ced3babd02dc2556d933e823719b99583dabc7ba3fbaad0c64f90e8880d5de3ee85eb3',NULL,NULL,0,0,NULL,0,NULL,NULL,NULL,NULL),(124,'47252260402456','','2020-09-08 10:00:12','\0',NULL,0,NULL,NULL,NULL,'arnaud11a@yahoo.fr','Arnaud ','ELEMVA','7dffa9c6d651249416fc332034ee84a0f3c972e6d022983cd83039b892c8bd37ea9467a6f74cf0c731169219639b3167c29aa404e1dbfb60bfc02c4cdea94de2',NULL,NULL,0,0,NULL,0,NULL,NULL,NULL,NULL),(126,'73717066356829','','2020-09-08 17:21:16','\0',NULL,0,NULL,'1991-01-02 00:00:00',NULL,'keou.fx@gmail.com','François-Xavier','KEOU TCHAKOUE','1790872bc87e9709b82bece51838a44887a67c7183d0e7ec2db5b282c2268992a0864153eaa3952b8a9f13e412bb0b997b3980da34ccfc7d66b46c42703d71d9',NULL,'Asnières-sur-seine',0,0,NULL,0,'Titulaire d\'un Baccalauréat en sciences économiques et sociales, \nJ\'ai entamé des études de Licence en sciences Economiques et Gestion à l\'université de Bourgogne à Dijon',108,105,109),(184,'383060585205774','\0','2020-09-14 11:49:12','\0',NULL,0,NULL,NULL,NULL,'kteophane@gmail.com','Teophane','KESSOU','c4f03b2435b78ee51d976d1e32f259c25f9607f15ee70073e38eedb6f41e7faf8b004e617d875bc340e7f7330077c5520d912e9ca41fd5c26c7e686c1ba9e9a2',NULL,NULL,0,0,NULL,0,NULL,NULL,NULL,NULL),(185,'384219162604019','','2020-09-14 12:08:30','\0',NULL,0,NULL,'2020-09-07 00:00:00',NULL,'atchiegang@gmail.com','Alain','TCHIEGANG','21208acd628f24941e6c5960fbd7e125aa6d4adefc46864f9d751f07a5dacd43b3b5267d653d88ef20a97ac2c3d4a51eafa9afbf22d15c7edb0a80db4f7bd432',NULL,NULL,0,0,NULL,0,NULL,NULL,NULL,NULL),(186,'416653145616686','','2020-09-14 21:09:04','\0',NULL,0,NULL,'1986-01-09 00:00:00',NULL,'kessouteophane@gmail.com','Teophane','KESSOU','630ff2dd225822836c75e9afb275a2cb40d2675db62b5f241acd02b803b6d3e723c04c6a6871a787458c5026c1131c607fe8b70193ff8473f1faebbd2a1a03e8',NULL,'Jouy le moutier',0,0,NULL,0,NULL,108,105,109);
/*!40000 ALTER TABLE `account` ENABLE KEYS */;
UNLOCK TABLES;

--
-- Table structure for table `activity_area`
--

DROP TABLE IF EXISTS `activity_area`;
/*!40101 SET @saved_cs_client     = @@character_set_client */;
/*!40101 SET character_set_client = utf8 */;
CREATE TABLE `activity_area` (
  `id` int(11) NOT NULL,
  `id_server` varchar(255) NOT NULL,
  `activity_area_name` varchar(50) NOT NULL,
  `description` varchar(100) DEFAULT NULL,
  PRIMARY KEY (`id`),
  UNIQUE KEY `UK_8kp9xgj172mu3tjwkq340if7x` (`id_server`)
) ENGINE=MyISAM DEFAULT CHARSET=utf8;
/*!40101 SET character_set_client = @saved_cs_client */;

--
-- Dumping data for table `activity_area`
--

LOCK TABLES `activity_area` WRITE;
/*!40000 ALTER TABLE `activity_area` DISABLE KEYS */;
INSERT INTO `activity_area` VALUES (83,'260378271142800','Agroalimentaire',NULL),(84,'260378271179700','Banque / Assurance',NULL),(85,'260378271183300','Électronique / Électricité',NULL);
/*!40000 ALTER TABLE `activity_area` ENABLE KEYS */;
UNLOCK TABLES;

--
-- Table structure for table `activity_sector`
--

DROP TABLE IF EXISTS `activity_sector`;
/*!40101 SET @saved_cs_client     = @@character_set_client */;
/*!40101 SET character_set_client = utf8 */;
CREATE TABLE `activity_sector` (
  `id` int(11) NOT NULL,
  `id_server` varchar(255) NOT NULL,
  `activity_sector_name` varchar(50) NOT NULL,
  `description` varchar(100) DEFAULT NULL,
  PRIMARY KEY (`id`),
  UNIQUE KEY `UK_g3clcptstkdfkbdsa9s5pxatc` (`id_server`)
) ENGINE=MyISAM DEFAULT CHARSET=utf8;
/*!40101 SET character_set_client = @saved_cs_client */;

--
-- Dumping data for table `activity_sector`
--

LOCK TABLES `activity_sector` WRITE;
/*!40000 ALTER TABLE `activity_sector` DISABLE KEYS */;
INSERT INTO `activity_sector` VALUES (86,'260378372674400','Secteur primaire',NULL),(87,'260378372689000','Secteur secondaire',NULL),(88,'260378372692200','Secteur tertiaire',NULL);
/*!40000 ALTER TABLE `activity_sector` ENABLE KEYS */;
UNLOCK TABLES;

--
-- Table structure for table `batch_job_execution`
--

DROP TABLE IF EXISTS `batch_job_execution`;
/*!40101 SET @saved_cs_client     = @@character_set_client */;
/*!40101 SET character_set_client = utf8 */;
CREATE TABLE `batch_job_execution` (
  `JOB_EXECUTION_ID` bigint(20) NOT NULL,
  `VERSION` bigint(20) DEFAULT NULL,
  `JOB_INSTANCE_ID` bigint(20) NOT NULL,
  `CREATE_TIME` datetime NOT NULL,
  `START_TIME` datetime DEFAULT NULL,
  `END_TIME` datetime DEFAULT NULL,
  `STATUS` varchar(10) DEFAULT NULL,
  `EXIT_CODE` varchar(2500) DEFAULT NULL,
  `EXIT_MESSAGE` varchar(2500) DEFAULT NULL,
  `LAST_UPDATED` datetime DEFAULT NULL,
  `JOB_CONFIGURATION_LOCATION` varchar(2500) DEFAULT NULL,
  PRIMARY KEY (`JOB_EXECUTION_ID`),
  KEY `JOB_INST_EXEC_FK` (`JOB_INSTANCE_ID`),
  CONSTRAINT `JOB_INST_EXEC_FK` FOREIGN KEY (`JOB_INSTANCE_ID`) REFERENCES `batch_job_instance` (`JOB_INSTANCE_ID`)
) ENGINE=InnoDB DEFAULT CHARSET=utf8;
/*!40101 SET character_set_client = @saved_cs_client */;

--
-- Dumping data for table `batch_job_execution`
--

LOCK TABLES `batch_job_execution` WRITE;
/*!40000 ALTER TABLE `batch_job_execution` DISABLE KEYS */;
INSERT INTO `batch_job_execution` VALUES (1,2,1,'2020-09-18 19:50:36','2020-09-18 19:50:36','2020-09-18 19:50:45','FAILED','FAILED','','2020-09-18 19:50:45',NULL),(2,2,2,'2020-09-18 19:53:20','2020-09-18 19:53:20','2020-09-18 19:53:20','FAILED','FAILED','','2020-09-18 19:53:20',NULL),(3,2,3,'2020-09-18 19:55:54','2020-09-18 19:55:54','2020-09-18 19:55:54','FAILED','FAILED','','2020-09-18 19:55:54',NULL),(4,2,4,'2020-09-18 20:03:24','2020-09-18 20:03:24','2020-09-18 20:03:24','FAILED','FAILED','','2020-09-18 20:03:24',NULL),(5,2,5,'2020-09-18 20:07:36','2020-09-18 20:07:36','2020-09-18 20:09:49','COMPLETED','COMPLETED','','2020-09-18 20:09:49',NULL),(6,2,6,'2020-09-18 20:18:57','2020-09-18 20:18:57','2020-09-18 20:20:35','COMPLETED','COMPLETED','','2020-09-18 20:20:35',NULL);
/*!40000 ALTER TABLE `batch_job_execution` ENABLE KEYS */;
UNLOCK TABLES;

--
-- Table structure for table `batch_job_execution_context`
--

DROP TABLE IF EXISTS `batch_job_execution_context`;
/*!40101 SET @saved_cs_client     = @@character_set_client */;
/*!40101 SET character_set_client = utf8 */;
CREATE TABLE `batch_job_execution_context` (
  `JOB_EXECUTION_ID` bigint(20) NOT NULL,
  `SHORT_CONTEXT` varchar(2500) NOT NULL,
  `SERIALIZED_CONTEXT` text DEFAULT NULL,
  PRIMARY KEY (`JOB_EXECUTION_ID`),
  CONSTRAINT `JOB_EXEC_CTX_FK` FOREIGN KEY (`JOB_EXECUTION_ID`) REFERENCES `batch_job_execution` (`JOB_EXECUTION_ID`)
) ENGINE=InnoDB DEFAULT CHARSET=utf8;
/*!40101 SET character_set_client = @saved_cs_client */;

--
-- Dumping data for table `batch_job_execution_context`
--

LOCK TABLES `batch_job_execution_context` WRITE;
/*!40000 ALTER TABLE `batch_job_execution_context` DISABLE KEYS */;
INSERT INTO `batch_job_execution_context` VALUES (1,'{\"STATUS\":\"COMPLETED\"}',NULL),(2,'{}',NULL),(3,'{}',NULL),(4,'{}',NULL),(5,'{}',NULL),(6,'{}',NULL);
/*!40000 ALTER TABLE `batch_job_execution_context` ENABLE KEYS */;
UNLOCK TABLES;

--
-- Table structure for table `batch_job_execution_params`
--

DROP TABLE IF EXISTS `batch_job_execution_params`;
/*!40101 SET @saved_cs_client     = @@character_set_client */;
/*!40101 SET character_set_client = utf8 */;
CREATE TABLE `batch_job_execution_params` (
  `JOB_EXECUTION_ID` bigint(20) NOT NULL,
  `TYPE_CD` varchar(6) NOT NULL,
  `KEY_NAME` varchar(100) NOT NULL,
  `STRING_VAL` varchar(250) DEFAULT NULL,
  `DATE_VAL` datetime DEFAULT NULL,
  `LONG_VAL` bigint(20) DEFAULT NULL,
  `DOUBLE_VAL` double DEFAULT NULL,
  `IDENTIFYING` char(1) NOT NULL,
  KEY `JOB_EXEC_PARAMS_FK` (`JOB_EXECUTION_ID`),
  CONSTRAINT `JOB_EXEC_PARAMS_FK` FOREIGN KEY (`JOB_EXECUTION_ID`) REFERENCES `batch_job_execution` (`JOB_EXECUTION_ID`)
) ENGINE=InnoDB DEFAULT CHARSET=utf8;
/*!40101 SET character_set_client = @saved_cs_client */;

--
-- Dumping data for table `batch_job_execution_params`
--

LOCK TABLES `batch_job_execution_params` WRITE;
/*!40000 ALTER TABLE `batch_job_execution_params` DISABLE KEYS */;
INSERT INTO `batch_job_execution_params` VALUES (1,'LONG','run.id','','1970-01-01 01:00:00',1,0,'Y'),(2,'LONG','run.id','','1970-01-01 01:00:00',2,0,'Y'),(3,'LONG','run.id','','1970-01-01 01:00:00',3,0,'Y'),(4,'LONG','run.id','','1970-01-01 01:00:00',4,0,'Y'),(5,'LONG','run.id','','1970-01-01 01:00:00',5,0,'Y'),(6,'LONG','run.id','','1970-01-01 01:00:00',6,0,'Y');
/*!40000 ALTER TABLE `batch_job_execution_params` ENABLE KEYS */;
UNLOCK TABLES;

--
-- Table structure for table `batch_job_execution_seq`
--

DROP TABLE IF EXISTS `batch_job_execution_seq`;
/*!40101 SET @saved_cs_client     = @@character_set_client */;
/*!40101 SET character_set_client = utf8 */;
CREATE TABLE `batch_job_execution_seq` (
  `ID` bigint(20) NOT NULL,
  `UNIQUE_KEY` char(1) NOT NULL,
  UNIQUE KEY `UNIQUE_KEY_UN` (`UNIQUE_KEY`)
) ENGINE=InnoDB DEFAULT CHARSET=utf8;
/*!40101 SET character_set_client = @saved_cs_client */;

--
-- Dumping data for table `batch_job_execution_seq`
--

LOCK TABLES `batch_job_execution_seq` WRITE;
/*!40000 ALTER TABLE `batch_job_execution_seq` DISABLE KEYS */;
INSERT INTO `batch_job_execution_seq` VALUES (6,'0');
/*!40000 ALTER TABLE `batch_job_execution_seq` ENABLE KEYS */;
UNLOCK TABLES;

--
-- Table structure for table `batch_job_instance`
--

DROP TABLE IF EXISTS `batch_job_instance`;
/*!40101 SET @saved_cs_client     = @@character_set_client */;
/*!40101 SET character_set_client = utf8 */;
CREATE TABLE `batch_job_instance` (
  `JOB_INSTANCE_ID` bigint(20) NOT NULL,
  `VERSION` bigint(20) DEFAULT NULL,
  `JOB_NAME` varchar(100) NOT NULL,
  `JOB_KEY` varchar(32) NOT NULL,
  PRIMARY KEY (`JOB_INSTANCE_ID`),
  UNIQUE KEY `JOB_INST_UN` (`JOB_NAME`,`JOB_KEY`)
) ENGINE=InnoDB DEFAULT CHARSET=utf8;
/*!40101 SET character_set_client = @saved_cs_client */;

--
-- Dumping data for table `batch_job_instance`
--

LOCK TABLES `batch_job_instance` WRITE;
/*!40000 ALTER TABLE `batch_job_instance` DISABLE KEYS */;
INSERT INTO `batch_job_instance` VALUES (1,0,'populateJob','853d3449e311f40366811cbefb3d93d7'),(2,0,'populateJob','e070bff4379694c0210a51d9f6c6a564'),(3,0,'populateJob','a3364faf893276dea0caacefbf618db5'),(4,0,'populateJob','47c0a8118b74165a864b66d37c7b6cf5'),(5,0,'populateJob','ce148f5f9c2bf4dc9bd44a7a5f64204c'),(6,0,'populateJob','bd0034040292bc81e6ccac0e25d9a578');
/*!40000 ALTER TABLE `batch_job_instance` ENABLE KEYS */;
UNLOCK TABLES;

--
-- Table structure for table `batch_job_seq`
--

DROP TABLE IF EXISTS `batch_job_seq`;
/*!40101 SET @saved_cs_client     = @@character_set_client */;
/*!40101 SET character_set_client = utf8 */;
CREATE TABLE `batch_job_seq` (
  `ID` bigint(20) NOT NULL,
  `UNIQUE_KEY` char(1) NOT NULL,
  UNIQUE KEY `UNIQUE_KEY_UN` (`UNIQUE_KEY`)
) ENGINE=InnoDB DEFAULT CHARSET=utf8;
/*!40101 SET character_set_client = @saved_cs_client */;

--
-- Dumping data for table `batch_job_seq`
--

LOCK TABLES `batch_job_seq` WRITE;
/*!40000 ALTER TABLE `batch_job_seq` DISABLE KEYS */;
INSERT INTO `batch_job_seq` VALUES (6,'0');
/*!40000 ALTER TABLE `batch_job_seq` ENABLE KEYS */;
UNLOCK TABLES;

--
-- Table structure for table `batch_step_execution`
--

DROP TABLE IF EXISTS `batch_step_execution`;
/*!40101 SET @saved_cs_client     = @@character_set_client */;
/*!40101 SET character_set_client = utf8 */;
CREATE TABLE `batch_step_execution` (
  `STEP_EXECUTION_ID` bigint(20) NOT NULL,
  `VERSION` bigint(20) NOT NULL,
  `STEP_NAME` varchar(100) NOT NULL,
  `JOB_EXECUTION_ID` bigint(20) NOT NULL,
  `START_TIME` datetime NOT NULL,
  `END_TIME` datetime DEFAULT NULL,
  `STATUS` varchar(10) DEFAULT NULL,
  `COMMIT_COUNT` bigint(20) DEFAULT NULL,
  `READ_COUNT` bigint(20) DEFAULT NULL,
  `FILTER_COUNT` bigint(20) DEFAULT NULL,
  `WRITE_COUNT` bigint(20) DEFAULT NULL,
  `READ_SKIP_COUNT` bigint(20) DEFAULT NULL,
  `WRITE_SKIP_COUNT` bigint(20) DEFAULT NULL,
  `PROCESS_SKIP_COUNT` bigint(20) DEFAULT NULL,
  `ROLLBACK_COUNT` bigint(20) DEFAULT NULL,
  `EXIT_CODE` varchar(2500) DEFAULT NULL,
  `EXIT_MESSAGE` varchar(2500) DEFAULT NULL,
  `LAST_UPDATED` datetime DEFAULT NULL,
  PRIMARY KEY (`STEP_EXECUTION_ID`),
  KEY `JOB_EXEC_STEP_FK` (`JOB_EXECUTION_ID`),
  CONSTRAINT `JOB_EXEC_STEP_FK` FOREIGN KEY (`JOB_EXECUTION_ID`) REFERENCES `batch_job_execution` (`JOB_EXECUTION_ID`)
) ENGINE=InnoDB DEFAULT CHARSET=utf8;
/*!40101 SET character_set_client = @saved_cs_client */;

--
-- Dumping data for table `batch_step_execution`
--

LOCK TABLES `batch_step_execution` WRITE;
/*!40000 ALTER TABLE `batch_step_execution` DISABLE KEYS */;
INSERT INTO `batch_step_execution` VALUES (1,3,'stepFileControl',1,'2020-09-18 19:50:36','2020-09-18 19:50:45','COMPLETED',1,0,0,0,0,0,0,0,'COMPLETED','','2020-09-18 19:50:45'),(2,2,'populateCountries',1,'2020-09-18 19:50:45','2020-09-18 19:50:45','FAILED',0,0,0,0,0,0,0,0,'FAILED','org.springframework.batch.item.ItemStreamException: Failed to initialize the reader\r\n	at org.springframework.batch.item.support.AbstractItemCountingItemStreamItemReader.open(AbstractItemCountingItemStreamItemReader.java:153)\r\n	at org.springframework.batch.item.support.CompositeItemStream.open(CompositeItemStream.java:103)\r\n	at org.springframework.batch.core.step.item.ChunkMonitor.open(ChunkMonitor.java:114)\r\n	at org.springframework.batch.item.support.CompositeItemStream.open(CompositeItemStream.java:103)\r\n	at org.springframework.batch.core.step.tasklet.TaskletStep.open(TaskletStep.java:311)\r\n	at org.springframework.batch.core.step.AbstractStep.execute(AbstractStep.java:205)\r\n	at org.springframework.batch.core.job.SimpleStepHandler.handleStep(SimpleStepHandler.java:148)\r\n	at org.springframework.batch.core.job.flow.JobFlowExecutor.executeStep(JobFlowExecutor.java:68)\r\n	at org.springframework.batch.core.job.flow.support.state.StepState.handle(StepState.java:68)\r\n	at org.springframework.batch.core.job.flow.support.SimpleFlow.resume(SimpleFlow.java:169)\r\n	at org.springframework.batch.core.job.flow.support.SimpleFlow.start(SimpleFlow.java:144)\r\n	at org.springframework.batch.core.job.flow.support.state.SplitState$1.call(SplitState.java:94)\r\n	at org.springframework.batch.core.job.flow.support.state.SplitState$1.call(SplitState.java:91)\r\n	at java.util.concurrent.FutureTask.run$$$capture(FutureTask.java:266)\r\n	at java.util.concurrent.FutureTask.run(FutureTask.java)\r\n	at java.lang.Thread.run(Thread.java:748)\r\nCaused by: java.lang.IllegalStateException: Input resource must exist (reader is in \'strict\' mode): class path resource [D:/skillsmates/imports/file_countries.csv]\r\n	at org.springframework.batch.item.file.FlatFileItemReader.doOpen(FlatFileItemReader.java:257)\r\n	at org.springframework.batch.item.support.AbstractItemCountingItemStreamItemReader.open(AbstractItemCountingItemStreamItemReader.java:150)\r\n	... 15 more\r\n','2020-09-18 19:50:45'),(3,2,'populateCountries',2,'2020-09-18 19:53:20','2020-09-18 19:53:20','FAILED',0,0,0,0,0,0,0,0,'FAILED','org.springframework.batch.item.ItemStreamException: Failed to initialize the reader\r\n	at org.springframework.batch.item.support.AbstractItemCountingItemStreamItemReader.open(AbstractItemCountingItemStreamItemReader.java:153)\r\n	at org.springframework.batch.item.support.CompositeItemStream.open(CompositeItemStream.java:103)\r\n	at org.springframework.batch.core.step.item.ChunkMonitor.open(ChunkMonitor.java:114)\r\n	at org.springframework.batch.item.support.CompositeItemStream.open(CompositeItemStream.java:103)\r\n	at org.springframework.batch.core.step.tasklet.TaskletStep.open(TaskletStep.java:311)\r\n	at org.springframework.batch.core.step.AbstractStep.execute(AbstractStep.java:205)\r\n	at org.springframework.batch.core.job.SimpleStepHandler.handleStep(SimpleStepHandler.java:148)\r\n	at org.springframework.batch.core.job.flow.JobFlowExecutor.executeStep(JobFlowExecutor.java:68)\r\n	at org.springframework.batch.core.job.flow.support.state.StepState.handle(StepState.java:68)\r\n	at org.springframework.batch.core.job.flow.support.SimpleFlow.resume(SimpleFlow.java:169)\r\n	at org.springframework.batch.core.job.flow.support.SimpleFlow.start(SimpleFlow.java:144)\r\n	at org.springframework.batch.core.job.flow.support.state.SplitState$1.call(SplitState.java:94)\r\n	at org.springframework.batch.core.job.flow.support.state.SplitState$1.call(SplitState.java:91)\r\n	at java.util.concurrent.FutureTask.run$$$capture(FutureTask.java:266)\r\n	at java.util.concurrent.FutureTask.run(FutureTask.java)\r\n	at java.lang.Thread.run(Thread.java:748)\r\nCaused by: java.lang.IllegalStateException: Input resource must exist (reader is in \'strict\' mode): class path resource [D:/skillsmates/imports/file_countries.csv]\r\n	at org.springframework.batch.item.file.FlatFileItemReader.doOpen(FlatFileItemReader.java:257)\r\n	at org.springframework.batch.item.support.AbstractItemCountingItemStreamItemReader.open(AbstractItemCountingItemStreamItemReader.java:150)\r\n	... 15 more\r\n','2020-09-18 19:53:20'),(4,2,'populateCountries',3,'2020-09-18 19:55:54','2020-09-18 19:55:54','FAILED',0,0,0,0,0,0,0,0,'FAILED','org.springframework.batch.item.ItemStreamException: Failed to initialize the reader\r\n	at org.springframework.batch.item.support.AbstractItemCountingItemStreamItemReader.open(AbstractItemCountingItemStreamItemReader.java:153)\r\n	at org.springframework.batch.item.support.CompositeItemStream.open(CompositeItemStream.java:103)\r\n	at org.springframework.batch.core.step.item.ChunkMonitor.open(ChunkMonitor.java:114)\r\n	at org.springframework.batch.item.support.CompositeItemStream.open(CompositeItemStream.java:103)\r\n	at org.springframework.batch.core.step.tasklet.TaskletStep.open(TaskletStep.java:311)\r\n	at org.springframework.batch.core.step.AbstractStep.execute(AbstractStep.java:205)\r\n	at org.springframework.batch.core.job.SimpleStepHandler.handleStep(SimpleStepHandler.java:148)\r\n	at org.springframework.batch.core.job.flow.JobFlowExecutor.executeStep(JobFlowExecutor.java:68)\r\n	at org.springframework.batch.core.job.flow.support.state.StepState.handle(StepState.java:68)\r\n	at org.springframework.batch.core.job.flow.support.SimpleFlow.resume(SimpleFlow.java:169)\r\n	at org.springframework.batch.core.job.flow.support.SimpleFlow.start(SimpleFlow.java:144)\r\n	at org.springframework.batch.core.job.flow.support.state.SplitState$1.call(SplitState.java:94)\r\n	at org.springframework.batch.core.job.flow.support.state.SplitState$1.call(SplitState.java:91)\r\n	at java.util.concurrent.FutureTask.run$$$capture(FutureTask.java:266)\r\n	at java.util.concurrent.FutureTask.run(FutureTask.java)\r\n	at java.lang.Thread.run(Thread.java:748)\r\nCaused by: java.lang.IllegalStateException: Input resource must exist (reader is in \'strict\' mode): class path resource [D:/skillsmates/imports/file_countries.csv]\r\n	at org.springframework.batch.item.file.FlatFileItemReader.doOpen(FlatFileItemReader.java:257)\r\n	at org.springframework.batch.item.support.AbstractItemCountingItemStreamItemReader.open(AbstractItemCountingItemStreamItemReader.java:150)\r\n	... 15 more\r\n','2020-09-18 19:55:54'),(5,2,'populateCountries',4,'2020-09-18 20:03:24','2020-09-18 20:03:24','FAILED',0,0,0,0,0,0,0,0,'FAILED','org.springframework.batch.item.ItemStreamException: Failed to initialize the reader\r\n	at org.springframework.batch.item.support.AbstractItemCountingItemStreamItemReader.open(AbstractItemCountingItemStreamItemReader.java:153)\r\n	at org.springframework.batch.item.support.CompositeItemStream.open(CompositeItemStream.java:103)\r\n	at org.springframework.batch.core.step.item.ChunkMonitor.open(ChunkMonitor.java:114)\r\n	at org.springframework.batch.item.support.CompositeItemStream.open(CompositeItemStream.java:103)\r\n	at org.springframework.batch.core.step.tasklet.TaskletStep.open(TaskletStep.java:311)\r\n	at org.springframework.batch.core.step.AbstractStep.execute(AbstractStep.java:205)\r\n	at org.springframework.batch.core.job.SimpleStepHandler.handleStep(SimpleStepHandler.java:148)\r\n	at org.springframework.batch.core.job.flow.JobFlowExecutor.executeStep(JobFlowExecutor.java:68)\r\n	at org.springframework.batch.core.job.flow.support.state.StepState.handle(StepState.java:68)\r\n	at org.springframework.batch.core.job.flow.support.SimpleFlow.resume(SimpleFlow.java:169)\r\n	at org.springframework.batch.core.job.flow.support.SimpleFlow.start(SimpleFlow.java:144)\r\n	at org.springframework.batch.core.job.flow.support.state.SplitState$1.call(SplitState.java:94)\r\n	at org.springframework.batch.core.job.flow.support.state.SplitState$1.call(SplitState.java:91)\r\n	at java.util.concurrent.FutureTask.run$$$capture(FutureTask.java:266)\r\n	at java.util.concurrent.FutureTask.run(FutureTask.java)\r\n	at java.lang.Thread.run(Thread.java:748)\r\nCaused by: java.lang.IllegalStateException: Input resource must exist (reader is in \'strict\' mode): class path resource [D:/skillsmates/imports/file_countries.csv]\r\n	at org.springframework.batch.item.file.FlatFileItemReader.doOpen(FlatFileItemReader.java:257)\r\n	at org.springframework.batch.item.support.AbstractItemCountingItemStreamItemReader.open(AbstractItemCountingItemStreamItemReader.java:150)\r\n	... 15 more\r\n','2020-09-18 20:03:24'),(6,3,'populateCountries',5,'2020-09-18 20:07:36','2020-09-18 20:09:49','COMPLETED',1,2,0,0,0,0,0,1,'COMPLETED','','2020-09-18 20:09:49'),(7,3,'populateCountries',6,'2020-09-18 20:18:57','2020-09-18 20:20:35','COMPLETED',1,5,0,5,0,0,0,0,'COMPLETED','','2020-09-18 20:20:35');
/*!40000 ALTER TABLE `batch_step_execution` ENABLE KEYS */;
UNLOCK TABLES;

--
-- Table structure for table `batch_step_execution_context`
--

DROP TABLE IF EXISTS `batch_step_execution_context`;
/*!40101 SET @saved_cs_client     = @@character_set_client */;
/*!40101 SET character_set_client = utf8 */;
CREATE TABLE `batch_step_execution_context` (
  `STEP_EXECUTION_ID` bigint(20) NOT NULL,
  `SHORT_CONTEXT` varchar(2500) NOT NULL,
  `SERIALIZED_CONTEXT` text DEFAULT NULL,
  PRIMARY KEY (`STEP_EXECUTION_ID`),
  CONSTRAINT `STEP_EXEC_CTX_FK` FOREIGN KEY (`STEP_EXECUTION_ID`) REFERENCES `batch_step_execution` (`STEP_EXECUTION_ID`)
) ENGINE=InnoDB DEFAULT CHARSET=utf8;
/*!40101 SET character_set_client = @saved_cs_client */;

--
-- Dumping data for table `batch_step_execution_context`
--

LOCK TABLES `batch_step_execution_context` WRITE;
/*!40000 ALTER TABLE `batch_step_execution_context` DISABLE KEYS */;
INSERT INTO `batch_step_execution_context` VALUES (1,'{\"batch.taskletType\":\"com.yamo.skillsmates.populate.tasklet.FileControlTasklet\",\"batch.stepType\":\"org.springframework.batch.core.step.tasklet.TaskletStep\"}',NULL),(2,'{}',NULL),(3,'{}',NULL),(4,'{}',NULL),(5,'{}',NULL),(6,'{\"batch.taskletType\":\"org.springframework.batch.core.step.item.ChunkOrientedTasklet\",\"FlatFileItemReader.read.count\":4,\"batch.stepType\":\"org.springframework.batch.core.step.tasklet.TaskletStep\"}',NULL),(7,'{\"batch.taskletType\":\"org.springframework.batch.core.step.item.ChunkOrientedTasklet\",\"countriesInsertCount\":3,\"FlatFileItemReader.read.count\":6,\"batch.stepType\":\"org.springframework.batch.core.step.tasklet.TaskletStep\"}',NULL);
/*!40000 ALTER TABLE `batch_step_execution_context` ENABLE KEYS */;
UNLOCK TABLES;

--
-- Table structure for table `batch_step_execution_seq`
--

DROP TABLE IF EXISTS `batch_step_execution_seq`;
/*!40101 SET @saved_cs_client     = @@character_set_client */;
/*!40101 SET character_set_client = utf8 */;
CREATE TABLE `batch_step_execution_seq` (
  `ID` bigint(20) NOT NULL,
  `UNIQUE_KEY` char(1) NOT NULL,
  UNIQUE KEY `UNIQUE_KEY_UN` (`UNIQUE_KEY`)
) ENGINE=InnoDB DEFAULT CHARSET=utf8;
/*!40101 SET character_set_client = @saved_cs_client */;

--
-- Dumping data for table `batch_step_execution_seq`
--

LOCK TABLES `batch_step_execution_seq` WRITE;
/*!40000 ALTER TABLE `batch_step_execution_seq` DISABLE KEYS */;
INSERT INTO `batch_step_execution_seq` VALUES (7,'0');
/*!40000 ALTER TABLE `batch_step_execution_seq` ENABLE KEYS */;
UNLOCK TABLES;

--
-- Table structure for table `comment`
--

DROP TABLE IF EXISTS `comment`;
/*!40101 SET @saved_cs_client     = @@character_set_client */;
/*!40101 SET character_set_client = utf8 */;
CREATE TABLE `comment` (
  `id` int(11) NOT NULL,
  `id_server` varchar(255) NOT NULL,
  `active` bit(1) DEFAULT NULL,
  `created_at` datetime NOT NULL,
  `deleted` bit(1) DEFAULT NULL,
  `modified_at` datetime DEFAULT NULL,
  `revision` bigint(20) DEFAULT NULL,
  `body` varchar(255) NOT NULL,
  `account` int(11) DEFAULT NULL,
  `post` int(11) DEFAULT NULL,
  PRIMARY KEY (`id`),
  UNIQUE KEY `UK_br19krw6o9vo598yx94h63wxd` (`id_server`),
  KEY `FKg4pifdpsrn19a8hubl96s2ncp` (`account`),
  KEY `FKomrdwc0ub3x7hvvlyu6htn8ti` (`post`)
) ENGINE=MyISAM DEFAULT CHARSET=utf8;
/*!40101 SET character_set_client = @saved_cs_client */;

--
-- Dumping data for table `comment`
--

LOCK TABLES `comment` WRITE;
/*!40000 ALTER TABLE `comment` DISABLE KEYS */;
/*!40000 ALTER TABLE `comment` ENABLE KEYS */;
UNLOCK TABLES;

--
-- Table structure for table `country`
--

DROP TABLE IF EXISTS `country`;
/*!40101 SET @saved_cs_client     = @@character_set_client */;
/*!40101 SET character_set_client = utf8 */;
CREATE TABLE `country` (
  `id` int(11) NOT NULL,
  `id_server` varchar(255) NOT NULL,
  `label` varchar(20) NOT NULL,
  PRIMARY KEY (`id`),
  UNIQUE KEY `UK_bs66m8npqqbrydipm9k2ko187` (`id_server`)
) ENGINE=MyISAM DEFAULT CHARSET=utf8;
/*!40101 SET character_set_client = @saved_cs_client */;

--
-- Dumping data for table `country`
--

LOCK TABLES `country` WRITE;
/*!40000 ALTER TABLE `country` DISABLE KEYS */;
INSERT INTO `country` VALUES (107,'329192866685400','Cameroun'),(108,'329192866701800','France'),(206,'547073834956500','Usa'),(207,'547079685093299','Nigeria'),(208,'547085899094400','Gabon');
/*!40000 ALTER TABLE `country` ENABLE KEYS */;
UNLOCK TABLES;

--
-- Table structure for table `degree_obtained`
--

DROP TABLE IF EXISTS `degree_obtained`;
/*!40101 SET @saved_cs_client     = @@character_set_client */;
/*!40101 SET character_set_client = utf8 */;
CREATE TABLE `degree_obtained` (
  `id` int(11) NOT NULL,
  `id_server` varchar(255) NOT NULL,
  `active` bit(1) DEFAULT NULL,
  `created_at` datetime NOT NULL,
  `deleted` bit(1) DEFAULT NULL,
  `modified_at` datetime DEFAULT NULL,
  `revision` bigint(20) DEFAULT NULL,
  `city` varchar(20) NOT NULL,
  `current_position` bit(1) DEFAULT NULL,
  `description` varchar(100) DEFAULT NULL,
  `establishment_name` varchar(50) NOT NULL,
  `id_account` int(11) DEFAULT NULL,
  `end_date` datetime NOT NULL,
  `start_date` datetime NOT NULL,
  `id_establishment_type` int(11) DEFAULT NULL,
  `id_specialty` int(11) DEFAULT NULL,
  `id_study_level` int(11) DEFAULT NULL,
  `id_teaching_area` int(11) DEFAULT NULL,
  PRIMARY KEY (`id`),
  UNIQUE KEY `UK_it7wk6xlws8hdylq3dieky5ut` (`id_server`),
  KEY `FKh8tevkh5lw7y07a54xo382yft` (`id_establishment_type`),
  KEY `FK60g5abwqrxsu6qaifnp34x4or` (`id_specialty`),
  KEY `FK6j2u3hgmm6idvdjwmmuv7v9w7` (`id_study_level`),
  KEY `FKbj5cgurncx5o2n02unxfjqd0p` (`id_teaching_area`),
  KEY `FK_nlfuly8amp0n6g71i9ewdrqbf` (`id_account`)
) ENGINE=MyISAM DEFAULT CHARSET=utf8;
/*!40101 SET character_set_client = @saved_cs_client */;

--
-- Dumping data for table `degree_obtained`
--

LOCK TABLES `degree_obtained` WRITE;
/*!40000 ALTER TABLE `degree_obtained` DISABLE KEYS */;
INSERT INTO `degree_obtained` VALUES (168,'98076285894600','','2020-09-13 15:36:55','\0',NULL,0,'Buea','\0','dipome','Lycee',62,'2020-09-12 02:00:00','2020-09-01 02:00:00',160,132,128,130),(187,'283787715366800','','2020-09-15 19:11:45','\0',NULL,0,'Yaounde','\0','une description','Lycee du vieux port',62,'2020-09-19 02:00:00','2020-09-01 02:00:00',160,132,128,130);
/*!40000 ALTER TABLE `degree_obtained` ENABLE KEYS */;
UNLOCK TABLES;

--
-- Table structure for table `discipline`
--

DROP TABLE IF EXISTS `discipline`;
/*!40101 SET @saved_cs_client     = @@character_set_client */;
/*!40101 SET character_set_client = utf8 */;
CREATE TABLE `discipline` (
  `id` int(11) NOT NULL,
  `id_server` varchar(255) NOT NULL,
  `description` varchar(100) DEFAULT NULL,
  `discipline_name` varchar(50) NOT NULL,
  PRIMARY KEY (`id`),
  UNIQUE KEY `UK_5hj653mpeo2wjao494f7p1w2w` (`id_server`)
) ENGINE=MyISAM DEFAULT CHARSET=utf8;
/*!40101 SET character_set_client = @saved_cs_client */;

--
-- Dumping data for table `discipline`
--

LOCK TABLES `discipline` WRITE;
/*!40000 ALTER TABLE `discipline` DISABLE KEYS */;
INSERT INTO `discipline` VALUES (22,'358239611631600',NULL,'Discipline1'),(23,'358239611688000',NULL,'Discipline2'),(24,'358239611690800',NULL,'Discipline3'),(25,'358239611691800',NULL,'Discipline4');
/*!40000 ALTER TABLE `discipline` ENABLE KEYS */;
UNLOCK TABLES;

--
-- Table structure for table `education`
--

DROP TABLE IF EXISTS `education`;
/*!40101 SET @saved_cs_client     = @@character_set_client */;
/*!40101 SET character_set_client = utf8 */;
CREATE TABLE `education` (
  `id` int(11) NOT NULL,
  `id_server` varchar(255) NOT NULL,
  `code` varchar(50) NOT NULL,
  `description` varchar(100) DEFAULT NULL,
  `name` varchar(50) NOT NULL,
  PRIMARY KEY (`id`),
  UNIQUE KEY `UK_rxld3r7vdl36kn9gej7eu65b7` (`id_server`)
) ENGINE=MyISAM DEFAULT CHARSET=utf8;
/*!40101 SET character_set_client = @saved_cs_client */;

--
-- Dumping data for table `education`
--

LOCK TABLES `education` WRITE;
/*!40000 ALTER TABLE `education` DISABLE KEYS */;
INSERT INTO `education` VALUES (158,'96980466474400','SECONDARY',NULL,'Enseignement secondaire'),(159,'96980466518200','HIGHER',NULL,'Enseignement supérieure');
/*!40000 ALTER TABLE `education` ENABLE KEYS */;
UNLOCK TABLES;

--
-- Table structure for table `establishment_type`
--

DROP TABLE IF EXISTS `establishment_type`;
/*!40101 SET @saved_cs_client     = @@character_set_client */;
/*!40101 SET character_set_client = utf8 */;
CREATE TABLE `establishment_type` (
  `id` int(11) NOT NULL,
  `id_server` varchar(255) NOT NULL,
  `description` varchar(100) DEFAULT NULL,
  `name` varchar(50) NOT NULL,
  `id_education` int(11) DEFAULT NULL,
  PRIMARY KEY (`id`),
  UNIQUE KEY `UK_8tc237adw2hrai8twqk5lu5kf` (`id_server`),
  KEY `FKdata6mavceqppgtt2407vy8ug` (`id_education`)
) ENGINE=MyISAM DEFAULT CHARSET=utf8;
/*!40101 SET character_set_client = @saved_cs_client */;

--
-- Dumping data for table `establishment_type`
--

LOCK TABLES `establishment_type` WRITE;
/*!40000 ALTER TABLE `establishment_type` DISABLE KEYS */;
INSERT INTO `establishment_type` VALUES (160,'96981026763100',NULL,'Type etablissement 1',158),(161,'96981026797000',NULL,'Type etablissement 2',158),(177,'157443655949000',NULL,'Type etablissement 3',159),(178,'157443656018300',NULL,'Type etablissement 4',159);
/*!40000 ALTER TABLE `establishment_type` ENABLE KEYS */;
UNLOCK TABLES;

--
-- Table structure for table `frequented_class`
--

DROP TABLE IF EXISTS `frequented_class`;
/*!40101 SET @saved_cs_client     = @@character_set_client */;
/*!40101 SET character_set_client = utf8 */;
CREATE TABLE `frequented_class` (
  `id` int(11) NOT NULL,
  `id_server` varchar(255) NOT NULL,
  `description` varchar(100) DEFAULT NULL,
  `name` varchar(50) NOT NULL,
  PRIMARY KEY (`id`),
  UNIQUE KEY `UK_reayxllx7vkm67nddnrjgyaxd` (`id_server`)
) ENGINE=MyISAM DEFAULT CHARSET=utf8;
/*!40101 SET character_set_client = @saved_cs_client */;

--
-- Dumping data for table `frequented_class`
--

LOCK TABLES `frequented_class` WRITE;
/*!40000 ALTER TABLE `frequented_class` DISABLE KEYS */;
INSERT INTO `frequented_class` VALUES (169,'105800436527200',NULL,'Terminale'),(170,'105800436590000',NULL,'Premiére');
/*!40000 ALTER TABLE `frequented_class` ENABLE KEYS */;
UNLOCK TABLES;

--
-- Table structure for table `gender`
--

DROP TABLE IF EXISTS `gender`;
/*!40101 SET @saved_cs_client     = @@character_set_client */;
/*!40101 SET character_set_client = utf8 */;
CREATE TABLE `gender` (
  `id` int(11) NOT NULL,
  `id_server` varchar(255) NOT NULL,
  `label` varchar(20) NOT NULL,
  PRIMARY KEY (`id`),
  UNIQUE KEY `UK_pmsrnxn4kayxewyfw2vp1rht4` (`id_server`)
) ENGINE=MyISAM DEFAULT CHARSET=utf8;
/*!40101 SET character_set_client = @saved_cs_client */;

--
-- Dumping data for table `gender`
--

LOCK TABLES `gender` WRITE;
/*!40000 ALTER TABLE `gender` DISABLE KEYS */;
INSERT INTO `gender` VALUES (105,'329192731912900','Homme'),(106,'329192731963400','Femme');
/*!40000 ALTER TABLE `gender` ENABLE KEYS */;
UNLOCK TABLES;

--
-- Table structure for table `hibernate_sequence`
--

DROP TABLE IF EXISTS `hibernate_sequence`;
/*!40101 SET @saved_cs_client     = @@character_set_client */;
/*!40101 SET character_set_client = utf8 */;
CREATE TABLE `hibernate_sequence` (
  `next_val` bigint(20) DEFAULT NULL
) ENGINE=MyISAM DEFAULT CHARSET=utf8;
/*!40101 SET character_set_client = @saved_cs_client */;

--
-- Dumping data for table `hibernate_sequence`
--

LOCK TABLES `hibernate_sequence` WRITE;
/*!40000 ALTER TABLE `hibernate_sequence` DISABLE KEYS */;
INSERT INTO `hibernate_sequence` VALUES (236);
/*!40000 ALTER TABLE `hibernate_sequence` ENABLE KEYS */;
UNLOCK TABLES;

--
-- Table structure for table `higher_education`
--

DROP TABLE IF EXISTS `higher_education`;
/*!40101 SET @saved_cs_client     = @@character_set_client */;
/*!40101 SET character_set_client = utf8 */;
CREATE TABLE `higher_education` (
  `id` int(11) NOT NULL,
  `id_server` varchar(255) NOT NULL,
  `active` bit(1) DEFAULT NULL,
  `created_at` datetime NOT NULL,
  `deleted` bit(1) DEFAULT NULL,
  `modified_at` datetime DEFAULT NULL,
  `revision` bigint(20) DEFAULT NULL,
  `city` varchar(20) NOT NULL,
  `current_position` bit(1) DEFAULT NULL,
  `description` varchar(100) DEFAULT NULL,
  `establishment_name` varchar(50) NOT NULL,
  `id_account` int(11) DEFAULT NULL,
  `id_establishment_type` int(11) DEFAULT NULL,
  `id_prepared_diploma` int(11) DEFAULT NULL,
  `id_specialty` int(11) DEFAULT NULL,
  `id_study_level` int(11) DEFAULT NULL,
  `id_targeted_diploma` int(11) DEFAULT NULL,
  `id_teaching_area` int(11) DEFAULT NULL,
  PRIMARY KEY (`id`),
  UNIQUE KEY `UK_h3tahd3n1q4kp7v3xwxxueoud` (`id_server`),
  KEY `FKhd4e8amr37e3x0puao1tg2lu1` (`id_study_level`),
  KEY `FKje5l2mb8om7vvbj4x2m5jcfb0` (`id_targeted_diploma`),
  KEY `FK9i0wv6wfebjuucff6blyam81j` (`id_teaching_area`),
  KEY `FK_4dkxm0tulmiy1cj3ym17rveu9` (`id_establishment_type`),
  KEY `FK_akg9ohrpv4ohupmqdioji24ul` (`id_prepared_diploma`),
  KEY `FK_52smp5dw7dwkr13x1f8ykjuvw` (`id_specialty`),
  KEY `FK_92tdd3oy1bcxka7mtrgq1dwhc` (`id_account`)
) ENGINE=MyISAM DEFAULT CHARSET=utf8;
/*!40101 SET character_set_client = @saved_cs_client */;

--
-- Dumping data for table `higher_education`
--

LOCK TABLES `higher_education` WRITE;
/*!40000 ALTER TABLE `higher_education` DISABLE KEYS */;
INSERT INTO `higher_education` VALUES (179,'158489825305200','','2020-09-14 08:23:40','',NULL,0,'Douala','\0','doctorat','Université de douala',62,178,172,133,129,173,130),(180,'158712128972500','','2020-09-14 08:27:20','',NULL,0,'Yaounde','\0','licence','Universite',62,177,171,133,128,173,131),(189,'284169085505700','','2020-09-15 19:18:06','\0',NULL,0,'Lyon','\0','licence','Université de lyon',62,178,172,133,129,173,131);
/*!40000 ALTER TABLE `higher_education` ENABLE KEYS */;
UNLOCK TABLES;

--
-- Table structure for table `infos_media_type`
--

DROP TABLE IF EXISTS `infos_media_type`;
/*!40101 SET @saved_cs_client     = @@character_set_client */;
/*!40101 SET character_set_client = utf8 */;
CREATE TABLE `infos_media_type` (
  `id` int(11) NOT NULL,
  `id_server` varchar(255) NOT NULL,
  `color` varchar(20) NOT NULL,
  `position` tinyint(4) NOT NULL,
  `url` varchar(255) NOT NULL,
  PRIMARY KEY (`id`),
  UNIQUE KEY `UK_666irr8e1spjsdlf4en8q0i2m` (`id_server`)
) ENGINE=MyISAM DEFAULT CHARSET=utf8;
/*!40101 SET character_set_client = @saved_cs_client */;

--
-- Dumping data for table `infos_media_type`
--

LOCK TABLES `infos_media_type` WRITE;
/*!40000 ALTER TABLE `infos_media_type` DISABLE KEYS */;
/*!40000 ALTER TABLE `infos_media_type` ENABLE KEYS */;
UNLOCK TABLES;

--
-- Table structure for table `level`
--

DROP TABLE IF EXISTS `level`;
/*!40101 SET @saved_cs_client     = @@character_set_client */;
/*!40101 SET character_set_client = utf8 */;
CREATE TABLE `level` (
  `id` int(11) NOT NULL,
  `id_server` varchar(255) NOT NULL,
  `description` varchar(50) DEFAULT NULL,
  `level_name` varchar(20) NOT NULL,
  PRIMARY KEY (`id`),
  UNIQUE KEY `UK_avbprobsmujuclg54t1crl3ip` (`id_server`)
) ENGINE=MyISAM DEFAULT CHARSET=utf8;
/*!40101 SET character_set_client = @saved_cs_client */;

--
-- Dumping data for table `level`
--

LOCK TABLES `level` WRITE;
/*!40000 ALTER TABLE `level` DISABLE KEYS */;
INSERT INTO `level` VALUES (26,'358239720342200',NULL,'Level1'),(27,'358239720363700',NULL,'Level2'),(28,'358239720365300',NULL,'Level3'),(29,'358239720366200',NULL,'Level4');
/*!40000 ALTER TABLE `level` ENABLE KEYS */;
UNLOCK TABLES;

--
-- Table structure for table `link`
--

DROP TABLE IF EXISTS `link`;
/*!40101 SET @saved_cs_client     = @@character_set_client */;
/*!40101 SET character_set_client = utf8 */;
CREATE TABLE `link` (
  `id` int(11) NOT NULL,
  `id_server` varchar(255) NOT NULL,
  `active` bit(1) DEFAULT NULL,
  `created_at` datetime NOT NULL,
  `deleted` bit(1) DEFAULT NULL,
  `modified_at` datetime DEFAULT NULL,
  `revision` bigint(20) DEFAULT NULL,
  `link_type` varchar(255) DEFAULT NULL,
  `url` varchar(255) NOT NULL,
  `link` int(11) DEFAULT NULL,
  PRIMARY KEY (`id`),
  UNIQUE KEY `UK_muo7t66qy7bjxt2mpgk9u8doq` (`id_server`),
  KEY `FKbe6t25ltf7ig4hla2jqo437ss` (`link`)
) ENGINE=MyISAM DEFAULT CHARSET=utf8;
/*!40101 SET character_set_client = @saved_cs_client */;

--
-- Dumping data for table `link`
--

LOCK TABLES `link` WRITE;
/*!40000 ALTER TABLE `link` DISABLE KEYS */;
INSERT INTO `link` VALUES (234,'48907400272500','','2020-09-22 22:09:58','\0',NULL,0,NULL,'http://localhost:4200/accounts/dashboard/94568172733300',235);
/*!40000 ALTER TABLE `link` ENABLE KEYS */;
UNLOCK TABLES;

--
-- Table structure for table `multimedia`
--

DROP TABLE IF EXISTS `multimedia`;
/*!40101 SET @saved_cs_client     = @@character_set_client */;
/*!40101 SET character_set_client = utf8 */;
CREATE TABLE `multimedia` (
  `id` int(11) NOT NULL,
  `id_server` varchar(255) NOT NULL,
  `checksum` varchar(255) DEFAULT NULL,
  `directory` varchar(255) DEFAULT NULL,
  `extension` varchar(255) DEFAULT NULL,
  `mime_type` varchar(255) DEFAULT NULL,
  `name` varchar(255) DEFAULT NULL,
  `type` varchar(255) DEFAULT NULL,
  `account` int(11) DEFAULT NULL,
  `multimedia` int(11) DEFAULT NULL,
  PRIMARY KEY (`id`),
  UNIQUE KEY `UK_fjsq1euaq26h44sxodq1duswj` (`id_server`),
  KEY `FKjp62ph2bdbrb6kpcxswhvhy85` (`account`),
  KEY `FK51vq8lev5q0usgnbgb3abbb9p` (`multimedia`)
) ENGINE=MyISAM DEFAULT CHARSET=utf8;
/*!40101 SET character_set_client = @saved_cs_client */;

--
-- Dumping data for table `multimedia`
--

LOCK TABLES `multimedia` WRITE;
/*!40000 ALTER TABLE `multimedia` DISABLE KEYS */;
INSERT INTO `multimedia` VALUES (202,'449160850945200','2b1a1af3','205285312177400','jpg','image/jpeg','user-03.jpg','AVATAR',21,NULL),(201,'447524595973100','e1d89aea','176189985379000','jpg','image/jpeg','user-02.jpg','AVATAR',77,NULL),(212,'642036468762400','36936644','94568172733300','pdf','application/pdf','dummy.pdf','DOCUMENT',62,213),(209,'638802971460100','9a6e4ba5','94568172733300','jpg','image/jpeg','user-05.jpg','AVATAR',62,NULL),(214,'727908746092300','ae5dc4c9','94568172733300','jpg','image/jpeg','user-06.jpg','DOCUMENT',62,215),(216,'728457303360600','9a6e4ba5','94568172733300','jpg','image/jpeg','user-05.jpg','DOCUMENT',62,217),(218,'728794273305300','3aba8253','94568172733300','jpg','image/jpeg','user-04.jpg','DOCUMENT',62,219),(220,'729133721022400','e1d89aea','94568172733300','jpg','image/jpeg','user-02.jpg','DOCUMENT',62,221),(222,'730809274090800','dd755d77','94568172733300','jpg','image/jpeg','file_example_JPG_1MB.jpg','DOCUMENT',62,223),(224,'731488030463200','e74aba3e','94568172733300','mp4','video/mp4','file_example_MP4_480_1_5MG.mp4','DOCUMENT',62,225),(226,'731531730885700','fb1384b3','94568172733300','mp3','audio/mpeg','file_example_MP3_1MG.mp3','DOCUMENT',62,227),(228,'731581570732900','8548219d','94568172733300','doc','application/msword','file-sample_100kB.doc','DOCUMENT',62,229);
/*!40000 ALTER TABLE `multimedia` ENABLE KEYS */;
UNLOCK TABLES;

--
-- Table structure for table `post`
--

DROP TABLE IF EXISTS `post`;
/*!40101 SET @saved_cs_client     = @@character_set_client */;
/*!40101 SET character_set_client = utf8 */;
CREATE TABLE `post` (
  `id` int(11) NOT NULL,
  `id_server` varchar(255) NOT NULL,
  `active` bit(1) DEFAULT NULL,
  `created_at` datetime NOT NULL,
  `deleted` bit(1) DEFAULT NULL,
  `modified_at` datetime DEFAULT NULL,
  `revision` bigint(20) DEFAULT NULL,
  `description` varchar(100) DEFAULT NULL,
  `keywords` varchar(255) DEFAULT NULL,
  `title` varchar(50) NOT NULL,
  `account` int(11) DEFAULT NULL,
  PRIMARY KEY (`id`),
  UNIQUE KEY `UK_hj56xjem2k1cs8nwm1nsh2xjx` (`id_server`),
  KEY `FKhldpsq033xe7e406jkt2ovuno` (`account`)
) ENGINE=MyISAM DEFAULT CHARSET=utf8;
/*!40101 SET character_set_client = @saved_cs_client */;

--
-- Dumping data for table `post`
--

LOCK TABLES `post` WRITE;
/*!40000 ALTER TABLE `post` DISABLE KEYS */;
INSERT INTO `post` VALUES (211,'640965769216800','','2020-09-19 22:24:06','\0',NULL,0,'dummy','dummy file','dumb',62),(213,'642106174630000','','2020-09-19 22:43:09','\0',NULL,0,'dummy','dumb','dumb dumb ',62),(215,'727910576298800','','2020-09-20 22:33:06','\0',NULL,0,'histore','ww2','une image',62),(217,'728458337042300','','2020-09-20 22:42:14','\0',NULL,0,'urbanisme','urbanisation','geographie',62),(219,'728795280315500','','2020-09-20 22:47:51','\0',NULL,0,'philosophie','philosophie','philosophie',62),(221,'729134720045600','','2020-09-20 22:53:30','\0',NULL,0,'maths','maths','maths',62),(223,'730814529249700','','2020-09-20 23:21:30','\0',NULL,0,'laptop','laptop','laptop',62),(225,'731495014249700','','2020-09-20 23:32:51','\0',NULL,0,'video','video','video',62),(227,'731536297563500','','2020-09-20 23:33:32','\0',NULL,0,'audio','audio','audio',62),(229,'731582837581800','','2020-09-20 23:34:18','\0',NULL,0,'word','word','word',62),(231,'46170889459000','','2020-09-22 21:24:22','\0',NULL,0,'domaine','mots','lien',62),(232,'47323642573800','','2020-09-22 21:43:38','\0',NULL,0,'domaine','keywords','lien',62),(235,'48914686359800','','2020-09-22 22:10:15','\0',NULL,0,'domaine','mots','lien',62);
/*!40000 ALTER TABLE `post` ENABLE KEYS */;
UNLOCK TABLES;

--
-- Table structure for table `prepared_diploma`
--

DROP TABLE IF EXISTS `prepared_diploma`;
/*!40101 SET @saved_cs_client     = @@character_set_client */;
/*!40101 SET character_set_client = utf8 */;
CREATE TABLE `prepared_diploma` (
  `id` int(11) NOT NULL,
  `id_server` varchar(255) NOT NULL,
  `description` varchar(100) DEFAULT NULL,
  `name` varchar(50) NOT NULL,
  PRIMARY KEY (`id`),
  UNIQUE KEY `UK_dx5hu299bg8nxj0kg5b6qri9c` (`id_server`)
) ENGINE=MyISAM DEFAULT CHARSET=utf8;
/*!40101 SET character_set_client = @saved_cs_client */;

--
-- Dumping data for table `prepared_diploma`
--

LOCK TABLES `prepared_diploma` WRITE;
/*!40000 ALTER TABLE `prepared_diploma` DISABLE KEYS */;
INSERT INTO `prepared_diploma` VALUES (171,'105834596189700',NULL,'Prepared diploma 1'),(172,'105834596245000',NULL,'Prepared diploma 2');
/*!40000 ALTER TABLE `prepared_diploma` ENABLE KEYS */;
UNLOCK TABLES;

--
-- Table structure for table `professional`
--

DROP TABLE IF EXISTS `professional`;
/*!40101 SET @saved_cs_client     = @@character_set_client */;
/*!40101 SET character_set_client = utf8 */;
CREATE TABLE `professional` (
  `id` int(11) NOT NULL,
  `id_server` varchar(255) NOT NULL,
  `active` bit(1) DEFAULT NULL,
  `created_at` datetime NOT NULL,
  `deleted` bit(1) DEFAULT NULL,
  `modified_at` datetime DEFAULT NULL,
  `revision` bigint(20) DEFAULT NULL,
  `city` varchar(20) NOT NULL,
  `description` varchar(100) DEFAULT NULL,
  `establishment_name` varchar(50) NOT NULL,
  `id_account` int(11) DEFAULT NULL,
  `end_date` datetime NOT NULL,
  `job_title` varchar(30) NOT NULL,
  `start_date` datetime NOT NULL,
  `id_activity_area` int(11) DEFAULT NULL,
  `id_activity_sector` int(11) DEFAULT NULL,
  `current_position` bit(1) DEFAULT NULL,
  `id_establishment_type` int(11) DEFAULT NULL,
  PRIMARY KEY (`id`),
  UNIQUE KEY `UK_jhtn3j550trbpd1t9gvk99ni4` (`id_server`),
  KEY `FK_plu2dumjg24sopl79b4d8cig3` (`id_establishment_type`),
  KEY `FKqqiq4iq4hjtu2w9xo76g8kbr5` (`id_activity_area`),
  KEY `FKrb9ipw4jpaovdyfl3b43ql3vw` (`id_activity_sector`),
  KEY `FK_d7boe4m4rripu794c5j4kl65y` (`id_account`)
) ENGINE=MyISAM DEFAULT CHARSET=utf8;
/*!40101 SET character_set_client = @saved_cs_client */;

--
-- Dumping data for table `professional`
--

LOCK TABLES `professional` WRITE;
/*!40000 ALTER TABLE `professional` DISABLE KEYS */;
INSERT INTO `professional` VALUES (89,'262136211683700','','2020-09-05 17:54:36','',NULL,0,'yaounde','awesome','yamo',62,'2020-09-06 02:00:00','informaticien','2020-09-01 02:00:00',84,88,'\0',NULL),(90,'262710190968700','','2020-09-05 18:03:40','',NULL,0,'yaounde','great','yamo',62,'2020-10-11 02:00:00','marketing','2020-08-04 02:00:00',84,87,'\0',NULL),(91,'265426228222800','','2020-09-05 18:48:56','\0',NULL,0,'Yaounde',NULL,'YAMO GROUP',62,'2020-09-06 02:00:00','Logistics','2020-09-05 02:00:00',83,87,'\0',NULL),(98,'266629868776400','','2020-09-05 19:09:00','\0',NULL,0,'Yaounde',NULL,'YAMO GROUP SARL',62,'2020-09-06 02:00:00','Agriculteur','2020-09-01 02:00:00',83,86,'\0',NULL),(126,'115764976863500','','2020-09-11 17:35:50','\0',NULL,0,'Yaounde','awesome job','YAMO',125,'2020-09-10 02:00:00','Informaticien','2020-09-01 02:00:00',84,88,'\0',NULL),(127,'115967337635800','','2020-09-11 17:39:12','\0',NULL,0,'Douala','great','YAMO GROUP',125,'2020-08-31 02:00:00','Agriculteur','2020-08-01 02:00:00',83,86,'\0',NULL),(196,'438236817401400','','2020-09-17 14:05:38','',NULL,0,'Yaounde','good job','YAMO',62,'2020-09-17 14:05:38','Informatique','2020-09-01 02:00:00',84,88,'',NULL),(197,'438489987868900','','2020-09-17 14:09:51','\0',NULL,0,'Yaounde','good good','YAMO',62,'2020-09-17 14:09:51','Informatique','2020-09-01 02:00:00',84,88,'',NULL),(198,'438655795778400','','2020-09-17 14:12:37','\0',NULL,0,'Yaounde','great job','YAMO GROUP SARL',62,'2020-09-17 14:12:37','Infographe','2020-09-01 02:00:00',84,88,'',NULL),(203,'449212689458800','','2020-09-17 17:08:34','\0',NULL,0,'Douala','good','YAMO GROUP SARL',21,'2020-09-17 17:08:33','Informaticien','2020-09-01 02:00:00',84,86,'',NULL);
/*!40000 ALTER TABLE `professional` ENABLE KEYS */;
UNLOCK TABLES;

--
-- Table structure for table `professional_status`
--

DROP TABLE IF EXISTS `professional_status`;
/*!40101 SET @saved_cs_client     = @@character_set_client */;
/*!40101 SET character_set_client = utf8 */;
CREATE TABLE `professional_status` (
  `id` int(11) NOT NULL,
  `id_server` varchar(255) NOT NULL,
  `label` varchar(20) NOT NULL,
  PRIMARY KEY (`id`),
  UNIQUE KEY `UK_fc9uvppyqis203m9mqheyyvc6` (`id_server`)
) ENGINE=MyISAM DEFAULT CHARSET=utf8;
/*!40101 SET character_set_client = @saved_cs_client */;

--
-- Dumping data for table `professional_status`
--

LOCK TABLES `professional_status` WRITE;
/*!40000 ALTER TABLE `professional_status` DISABLE KEYS */;
INSERT INTO `professional_status` VALUES (109,'329192877272700','Etudiant'),(110,'329192877290600','Enseignant');
/*!40000 ALTER TABLE `professional_status` ENABLE KEYS */;
UNLOCK TABLES;

--
-- Table structure for table `secondary_education`
--

DROP TABLE IF EXISTS `secondary_education`;
/*!40101 SET @saved_cs_client     = @@character_set_client */;
/*!40101 SET character_set_client = utf8 */;
CREATE TABLE `secondary_education` (
  `id` int(11) NOT NULL,
  `id_server` varchar(255) NOT NULL,
  `active` bit(1) DEFAULT NULL,
  `created_at` datetime NOT NULL,
  `deleted` bit(1) DEFAULT NULL,
  `modified_at` datetime DEFAULT NULL,
  `revision` bigint(20) DEFAULT NULL,
  `city` varchar(20) NOT NULL,
  `current_position` bit(1) DEFAULT NULL,
  `description` varchar(100) DEFAULT NULL,
  `establishment_name` varchar(50) NOT NULL,
  `id_account` int(11) DEFAULT NULL,
  `id_establishment_type` int(11) DEFAULT NULL,
  `id_prepared_diploma` int(11) DEFAULT NULL,
  `id_specialty` int(11) DEFAULT NULL,
  `id_class` int(11) DEFAULT NULL,
  PRIMARY KEY (`id`),
  UNIQUE KEY `UK_nhxvw6ieoh23429mwaq1qkmsj` (`id_server`),
  KEY `FK715eh87ujemtklbw433uc54r1` (`id_class`),
  KEY `FK_89yrnx2hpx8oifofa1pkela8g` (`id_establishment_type`),
  KEY `FK_54lfigwbb69j4pvttb25bkxmq` (`id_prepared_diploma`),
  KEY `FK_fs1gip1u1fngy73cctmuf6bd7` (`id_specialty`),
  KEY `FK_a8adro1m7qqmtpeceunk8s1x0` (`id_account`)
) ENGINE=MyISAM DEFAULT CHARSET=utf8;
/*!40101 SET character_set_client = @saved_cs_client */;

--
-- Dumping data for table `secondary_education`
--

LOCK TABLES `secondary_education` WRITE;
/*!40000 ALTER TABLE `secondary_education` DISABLE KEYS */;
INSERT INTO `secondary_education` VALUES (175,'155855957188700','','2020-09-14 07:39:46','',NULL,0,'Buea','\0','diplome','Lycee',62,160,171,132,169),(176,'157287419460100','','2020-09-14 08:03:35','\0',NULL,0,'Yaounde','\0','lower diploma','College',62,161,172,133,170),(188,'284116929500200','','2020-09-15 19:17:14','\0',NULL,0,'Yaounde','\0','baccalaureat','Lycee  de mballa 2',62,160,171,132,169);
/*!40000 ALTER TABLE `secondary_education` ENABLE KEYS */;
UNLOCK TABLES;

--
-- Table structure for table `skill`
--

DROP TABLE IF EXISTS `skill`;
/*!40101 SET @saved_cs_client     = @@character_set_client */;
/*!40101 SET character_set_client = utf8 */;
CREATE TABLE `skill` (
  `id` int(11) NOT NULL,
  `id_server` varchar(255) NOT NULL,
  `active` bit(1) DEFAULT NULL,
  `created_at` datetime NOT NULL,
  `deleted` bit(1) DEFAULT NULL,
  `modified_at` datetime DEFAULT NULL,
  `revision` bigint(20) DEFAULT NULL,
  `skill_mastered` bit(1) DEFAULT NULL,
  `skill_name` varchar(50) NOT NULL,
  `id_account` int(11) DEFAULT NULL,
  `id_discipline` int(11) DEFAULT NULL,
  `id_level` int(11) DEFAULT NULL,
  `id_skill_type` int(11) DEFAULT NULL,
  PRIMARY KEY (`id`),
  UNIQUE KEY `UK_mgwf4f5epvhru88djnobni1vl` (`id_server`),
  KEY `FKoga9thsge11ttuupeqp1djeme` (`id_account`),
  KEY `FKsbnax661o60es8shn4lxjlphx` (`id_discipline`),
  KEY `FKdep21erjtc4h8sjxm9b5117fu` (`id_level`),
  KEY `FK8doqcpmm41ahi05wuld1l7l16` (`id_skill_type`)
) ENGINE=MyISAM DEFAULT CHARSET=utf8;
/*!40101 SET character_set_client = @saved_cs_client */;

--
-- Dumping data for table `skill`
--

LOCK TABLES `skill` WRITE;
/*!40000 ALTER TABLE `skill` DISABLE KEYS */;
INSERT INTO `skill` VALUES (37,'5918635871200','','2020-08-27 12:32:35','\0',NULL,0,'','competence 1',21,22,26,30),(38,'5980884562900','','2020-08-27 12:33:37','\0',NULL,0,'\0','competence 2',21,23,27,31),(63,'152493382254000','','2020-09-04 11:26:53','',NULL,0,'','Comptence1',62,22,26,30),(64,'152800512857400','','2020-09-04 11:32:00','',NULL,0,'','competence 2',62,23,27,31),(65,'155572439597800','','2020-09-04 12:18:12','',NULL,0,'','comptence 3',62,24,28,32),(66,'155720628473400','','2020-09-04 12:20:40','\0',NULL,0,'','comptence 4',62,25,29,33),(67,'155885398164800','','2020-09-04 12:23:25','',NULL,0,'\0','comptence1',62,22,27,30),(68,'156900040476200','','2020-09-04 12:40:20','\0',NULL,0,'\0','comptence 5',62,24,28,33),(69,'156999104340000','','2020-09-04 12:41:59','\0',NULL,0,'\0','competence 9',62,25,27,31),(78,'176484946834700','','2020-09-04 18:06:45','\0',NULL,0,'','comptence1',77,22,27,30),(79,'176631477015900','','2020-09-04 18:09:11','\0',NULL,0,'\0','comptence 4',77,23,29,31),(80,'176725195723500','','2020-09-04 18:10:45','\0',NULL,0,'\0','comptence 8',77,24,26,33),(81,'177836007805200','','2020-09-04 18:29:16','\0',NULL,0,'\0','comptence 8',77,25,28,31),(82,'243667489774900','','2020-09-05 12:46:16','\0',NULL,0,'\0','competence',62,23,29,31);
/*!40000 ALTER TABLE `skill` ENABLE KEYS */;
UNLOCK TABLES;

--
-- Table structure for table `skill_type`
--

DROP TABLE IF EXISTS `skill_type`;
/*!40101 SET @saved_cs_client     = @@character_set_client */;
/*!40101 SET character_set_client = utf8 */;
CREATE TABLE `skill_type` (
  `id` int(11) NOT NULL,
  `id_server` varchar(255) NOT NULL,
  `description` varchar(100) DEFAULT NULL,
  `skill_type_name` varchar(50) NOT NULL,
  PRIMARY KEY (`id`),
  UNIQUE KEY `UK_4le85m83df2y1yvuwopqwb317` (`id_server`)
) ENGINE=MyISAM DEFAULT CHARSET=utf8;
/*!40101 SET character_set_client = @saved_cs_client */;

--
-- Dumping data for table `skill_type`
--

LOCK TABLES `skill_type` WRITE;
/*!40000 ALTER TABLE `skill_type` DISABLE KEYS */;
INSERT INTO `skill_type` VALUES (30,'358239740353000',NULL,'SkillType1'),(31,'358239740380800',NULL,'SkillType2'),(32,'358239740383500',NULL,'SkillType3'),(33,'358239740385000',NULL,'SkillType4');
/*!40000 ALTER TABLE `skill_type` ENABLE KEYS */;
UNLOCK TABLES;

--
-- Table structure for table `specialty`
--

DROP TABLE IF EXISTS `specialty`;
/*!40101 SET @saved_cs_client     = @@character_set_client */;
/*!40101 SET character_set_client = utf8 */;
CREATE TABLE `specialty` (
  `id` int(11) NOT NULL,
  `id_server` varchar(255) NOT NULL,
  `description` varchar(100) DEFAULT NULL,
  `name` varchar(50) NOT NULL,
  PRIMARY KEY (`id`),
  UNIQUE KEY `UK_hvs3s263qsrdp83gsys83xg8t` (`id_server`)
) ENGINE=MyISAM DEFAULT CHARSET=utf8;
/*!40101 SET character_set_client = @saved_cs_client */;

--
-- Dumping data for table `specialty`
--

LOCK TABLES `specialty` WRITE;
/*!40000 ALTER TABLE `specialty` DISABLE KEYS */;
INSERT INTO `specialty` VALUES (132,'76609050193600',NULL,'Speciality 1'),(133,'76609050238000',NULL,'Speciality 2');
/*!40000 ALTER TABLE `specialty` ENABLE KEYS */;
UNLOCK TABLES;

--
-- Table structure for table `study_level`
--

DROP TABLE IF EXISTS `study_level`;
/*!40101 SET @saved_cs_client     = @@character_set_client */;
/*!40101 SET character_set_client = utf8 */;
CREATE TABLE `study_level` (
  `id` int(11) NOT NULL,
  `id_server` varchar(255) NOT NULL,
  `description` varchar(100) DEFAULT NULL,
  `name` varchar(50) NOT NULL,
  PRIMARY KEY (`id`),
  UNIQUE KEY `UK_jmdv843pnvonbtfhom3i794u1` (`id_server`)
) ENGINE=MyISAM DEFAULT CHARSET=utf8;
/*!40101 SET character_set_client = @saved_cs_client */;

--
-- Dumping data for table `study_level`
--

LOCK TABLES `study_level` WRITE;
/*!40000 ALTER TABLE `study_level` DISABLE KEYS */;
INSERT INTO `study_level` VALUES (128,'2065034481199',NULL,'Study Level 1'),(129,'2067107013100',NULL,'Study Level 2');
/*!40000 ALTER TABLE `study_level` ENABLE KEYS */;
UNLOCK TABLES;

--
-- Table structure for table `targeted_diploma`
--

DROP TABLE IF EXISTS `targeted_diploma`;
/*!40101 SET @saved_cs_client     = @@character_set_client */;
/*!40101 SET character_set_client = utf8 */;
CREATE TABLE `targeted_diploma` (
  `id` int(11) NOT NULL,
  `id_server` varchar(255) NOT NULL,
  `description` varchar(100) DEFAULT NULL,
  `name` varchar(50) NOT NULL,
  PRIMARY KEY (`id`),
  UNIQUE KEY `UK_ms5gp12rl98c57g1n27l5egek` (`id_server`)
) ENGINE=MyISAM DEFAULT CHARSET=utf8;
/*!40101 SET character_set_client = @saved_cs_client */;

--
-- Dumping data for table `targeted_diploma`
--

LOCK TABLES `targeted_diploma` WRITE;
/*!40000 ALTER TABLE `targeted_diploma` DISABLE KEYS */;
INSERT INTO `targeted_diploma` VALUES (173,'105863026430500',NULL,'Target Diploma 1'),(174,'105863026491900',NULL,'Target Diploma 2');
/*!40000 ALTER TABLE `targeted_diploma` ENABLE KEYS */;
UNLOCK TABLES;

--
-- Table structure for table `teaching_area`
--

DROP TABLE IF EXISTS `teaching_area`;
/*!40101 SET @saved_cs_client     = @@character_set_client */;
/*!40101 SET character_set_client = utf8 */;
CREATE TABLE `teaching_area` (
  `id` int(11) NOT NULL,
  `id_server` varchar(255) NOT NULL,
  `description` varchar(100) DEFAULT NULL,
  `name` varchar(50) NOT NULL,
  PRIMARY KEY (`id`),
  UNIQUE KEY `UK_ox8ks35vdkc9nd83in6u23a1i` (`id_server`)
) ENGINE=MyISAM DEFAULT CHARSET=utf8;
/*!40101 SET character_set_client = @saved_cs_client */;

--
-- Dumping data for table `teaching_area`
--

LOCK TABLES `teaching_area` WRITE;
/*!40000 ALTER TABLE `teaching_area` DISABLE KEYS */;
INSERT INTO `teaching_area` VALUES (130,'76573464278900',NULL,'Teaching Area 1'),(131,'76573464336200',NULL,'Teaching Area 2');
/*!40000 ALTER TABLE `teaching_area` ENABLE KEYS */;
UNLOCK TABLES;

--
-- Dumping events for database 'skillsmatesdb'
--

--
-- Dumping routines for database 'skillsmatesdb'
--
/*!40103 SET TIME_ZONE=@OLD_TIME_ZONE */;

/*!40101 SET SQL_MODE=@OLD_SQL_MODE */;
/*!40014 SET FOREIGN_KEY_CHECKS=@OLD_FOREIGN_KEY_CHECKS */;
/*!40014 SET UNIQUE_CHECKS=@OLD_UNIQUE_CHECKS */;
/*!40101 SET CHARACTER_SET_CLIENT=@OLD_CHARACTER_SET_CLIENT */;
/*!40101 SET CHARACTER_SET_RESULTS=@OLD_CHARACTER_SET_RESULTS */;
/*!40101 SET COLLATION_CONNECTION=@OLD_COLLATION_CONNECTION */;
/*!40111 SET SQL_NOTES=@OLD_SQL_NOTES */;

-- Dump completed on 2020-09-22 22:42:05
