-- MariaDB dump 10.17  Distrib 10.4.13-MariaDB, for Win64 (AMD64)
--
-- Host: 127.0.0.1    Database: skillsmatesdb
-- ------------------------------------------------------
-- Server version	10.4.13-MariaDB

/*!40101 SET @OLD_CHARACTER_SET_CLIENT=@@CHARACTER_SET_CLIENT */;
/*!40101 SET @OLD_CHARACTER_SET_RESULTS=@@CHARACTER_SET_RESULTS */;
/*!40101 SET @OLD_COLLATION_CONNECTION=@@COLLATION_CONNECTION */;
/*!40101 SET NAMES utf8 */;
/*!40103 SET @OLD_TIME_ZONE=@@TIME_ZONE */;
/*!40103 SET TIME_ZONE='+00:00' */;
/*!40014 SET @OLD_UNIQUE_CHECKS=@@UNIQUE_CHECKS, UNIQUE_CHECKS=0 */;
/*!40014 SET @OLD_FOREIGN_KEY_CHECKS=@@FOREIGN_KEY_CHECKS, FOREIGN_KEY_CHECKS=0 */;
/*!40101 SET @OLD_SQL_MODE=@@SQL_MODE, SQL_MODE='NO_AUTO_VALUE_ON_ZERO' */;
/*!40111 SET @OLD_SQL_NOTES=@@SQL_NOTES, SQL_NOTES=0 */;

--
-- Table structure for table `account`
--

DROP TABLE IF EXISTS `account`;
/*!40101 SET @saved_cs_client     = @@character_set_client */;
/*!40101 SET character_set_client = utf8 */;
CREATE TABLE `account` (
  `id` int(11) NOT NULL,
  `id_server` varchar(255) NOT NULL,
  `active` bit(1) DEFAULT NULL,
  `created_at` datetime NOT NULL,
  `deleted` bit(1) DEFAULT NULL,
  `modified_at` datetime DEFAULT NULL,
  `revision` bigint(20) DEFAULT NULL,
  `address` varchar(255) DEFAULT NULL,
  `biography` varchar(2000) DEFAULT NULL,
  `birthdate` datetime DEFAULT NULL,
  `city` varchar(255) DEFAULT NULL,
  `description` varchar(255) DEFAULT NULL,
  `email` varchar(255) NOT NULL,
  `firstname` varchar(255) NOT NULL,
  `follower` int(11) DEFAULT 0,
  `following` int(11) DEFAULT 0,
  `lastname` varchar(255) NOT NULL,
  `password` varchar(255) NOT NULL,
  `phone_number` varchar(255) DEFAULT NULL,
  `profile_picture` varchar(255) DEFAULT NULL,
  `publication` int(11) DEFAULT 0,
  `country` int(11) DEFAULT NULL,
  `gender` int(11) DEFAULT NULL,
  `status` int(11) DEFAULT NULL,
  `connected` tinyint(1) DEFAULT 0,
  `fcm_registration_id` varchar(255) DEFAULT NULL,
  PRIMARY KEY (`id`),
  UNIQUE KEY `UK_iyeg6x6r8s959nhdt76efqc6u` (`id_server`),
  UNIQUE KEY `UK_q0uja26qgu1atulenwup9rxyr` (`email`),
  KEY `FKi7rut9n9vfl3ac9cxuegckab9` (`country`),
  KEY `FKge5lb1w9xvo78dg80k6s3ni27` (`gender`),
  KEY `FKny0dyt6qv6m9y7qlcbfdwms58` (`status`),
  CONSTRAINT `FKge5lb1w9xvo78dg80k6s3ni27` FOREIGN KEY (`gender`) REFERENCES `gender` (`id`),
  CONSTRAINT `FKi7rut9n9vfl3ac9cxuegckab9` FOREIGN KEY (`country`) REFERENCES `country` (`id`),
  CONSTRAINT `FKny0dyt6qv6m9y7qlcbfdwms58` FOREIGN KEY (`status`) REFERENCES `professional_status` (`id`)
) ENGINE=InnoDB DEFAULT CHARSET=utf8;
/*!40101 SET character_set_client = @saved_cs_client */;

--
-- Dumping data for table `account`
--

LOCK TABLES `account` WRITE;
/*!40000 ALTER TABLE `account` DISABLE KEYS */;
INSERT INTO `account` VALUES (1,'11308326636800','','2020-09-27 21:02:47','\0',NULL,0,NULL,'Lorem Ipsum is simply dummy text of the printing and typesetting industry. Lorem Ipsum has been the industry\'s standard dummy text ever since the 1500s, when an unknown printer took a galley of type and scrambled it to make a type specimen book. It has survived not only five centuries, but also the leap into electronic typesetting, remaining essentially unchanged. It was popularised in the 1960s with the release of Letraset sheets containing Lorem Ipsum passages, and more recently with desktop publishing software like Aldus PageMaker including versions of Lorem Ipsum.\n\n\nContrary to popular belief, Lorem Ipsum is not simply random text. It has roots in a piece of classical Latin literature from 45 BC, making it over 2000 years old. Richard McClintock, a Latin professor at Hampden-Sydney College in Virginia, looked up one of the more obscure Latin words, consectetur, from a Lorem Ipsum passage, and going through the cites of the word in classical literature, discovered the undoubtable source. Lorem Ipsum comes from sections 1.10.32 and 1.10.33 of \"de Finibus Bonorum et Malorum\" (The Extremes of Good and Evil) by Cicero, written in 45 BC. This book is a treatise on the theory of ethics, very popular during the Renaissance. The first line of Lorem Ipsum, \"Lorem ipsum dolor sit amet..\", comes from a line in section 1.10.32.','2010-08-04 22:00:00','Douala',NULL,'belinda.mengue@yopmail.com','Belinda',124,124,'MENGUE','9e00068ca1fe3558a1e85c241fb05fcb6e4d0464effd36d1eb8a985817bb9df0839b1cbb1c71d86bda1b5e71ae1a29cf2c2bd6953314a6f1e776e02e908f268a',NULL,'avatar_3a23149a.jpg',5,48,3,5,1,'dVgjQMNfrLHCCwS_GKR8Mz:APA91bFbJnsMVNNjfgnYSCijF6uBXiMqY4IVuZbZZhU3X88JUE6MQPtVbthvsI2f90U0K2yabzREjYd-nEQezd_Cm4AHfKXM9_dXaVAtdhwlTuSbApMfHTVVS-d4_tHv2k4vMTBOdrMR'),(591,'67665637080700','','2020-09-28 12:41:54','\0',NULL,0,NULL,'<p><span style=\"color:#b60205;\">Chimamanda Ngozi Adichie grew up in Nigeria.</span> </p><p>Her work has been translated into over thirty languages and has appeared in various publications, including The New Yorker, Granta, The O. Henry Prize Stories, the Financial Times, and Zoetrope. </p><p>She is the author of the novels Purple Hibiscus, which won the Commonwealth Writers’ Prize and the Hurston/Wright Legacy Award; Half of a Yellow Sun, which won the Orange Prize and was a National Book Critics Circle Award Finalist and a New York Times Notable Book; and Americanah, which won the National Book Critics Circle Award and was named one of The New York Times Top Ten Best Books of 2013. </p><p>Ms. Adichie is also the author of the story collection The Thing Around Your Neck. Ms. Adichie has been invited to speak around the world. Her 2009 TED Talk, The Danger of A Single Story, is now one of the most-viewed TED Talks of all time. Her 2012 talk We Should All Be Feminists has a started a worldwide conversation about feminism, and was published as a book in 2014. Her most recent book, Dear Ijeawele, or a Feminist Manifesto in Fifteen Suggestions, was published in March 2017. </p><p>A recipient of a MacArthur Foundation Fellowship, Ms. Adichie divides her time between the United States and Nigeria. For a detailed bibliography, please see the independent “The Chimamanda Ngozi Adichie Website” maintained by Daria Tunca.</p>','1977-08-15 02:00:00','Lagos',NULL,'chimamanda.ngozi@yopmail.com','Chimamanda',124,124,'NGOZI ADICHIE','f34847f857131ada50de3c9d944f849a57578df75704f637e58ec9a8f316e85ff9157d94f3e73ef948a19289170c42cf65c8f1d655767e65a6603fc4ce8c1523',NULL,'AVATAR_b720cd51.jpg',0,169,3,6,1,'dpkXMvCLIrEx9Brkf-JtQY:APA91bHgP7DRPk636VNVUzO13Cvryc_dO2HodXsevsrB-bbgBV2bo7y3N9bf1TaLiuIeqcmk5q6bazoLfRPE4SkNUWZuv0pqBicGl7kNLQdmCWidPHKj-Zdf6BmqEdHU-4RHdtvwX5Eg'),(592,'67711260684600','','2020-09-28 12:42:40','\0',NULL,0,NULL,'Winnie Mandela was the controversial wife of Nelson Mandela who spent her life in varying governmental roles.\nWho Was Winnie Mandela?\nWinnie Mandela embarked on a career of social work that led to her involvement in activism. She married African National Congress leader Nelson Mandela in 1958, though he was imprisoned for much of their four decades of marriage. Winnie became president of the ANC Women\'s League in 1993, and the following year she was elected to Parliament. However, her accomplishments were also tainted by convictions for kidnapping and fraud. She passed away on April 2, 2018, in Johannesburg‚ South Africa. \n\nEarly Life and Career\nBorn Nomzamo Winifred Madikizela on September 26, 1936, in Bizana, a rural village in the Transkei district of South Africa, Winnie eventually moved to Johannesburg in 1953 to study at the Jan Hofmeyr School of Social Work. South Africa was under the system known as apartheid, where citizens of Indigenous African descent were subjected to a harsh caste system, while European descendants enjoyed much higher levels of wealth, health and social freedom.\n\nWinnie completed her studies and, though receiving a scholarship to study in America, decided instead to work as the first Black medical social worker at Baragwanath Hospital in Johannesburg. A dedicated professional, she came to learn via her fieldwork of the deplorable state that many of her patients lived in.','1936-09-26 01:00:00','Johannesburg',NULL,'wunnie.mandela@yopmail.com','Wunnie',102,102,'MANDELA','50b81b72ec10002df3de34d77be60573f130f4ae68416b0b2dd952fec4ace93e42e60f0434e85031afd7e610ce457175661eb58782779d8e0b58768c5af756f5',NULL,'avatar_b59bea21.jpg',1,9,3,7,0,NULL),(598,'747813413788866','','2020-09-28 19:25:21','\0',NULL,0,NULL,'Je suis loeticia, Spécialiste en Gestion de projets.\nJ\'évolue actuellement au sein d\'un groupe international, ayant pour mission le cadrage des projets d\'envergure.\n\nSkillsMates est l\'opportunité pour moi de partager mes contenus et mon expérience de la gestion de projets. Tout en m\'enrichissant de vos expériences à vous.\n\nAlors écrivons-nous, échangeons !','1899-11-29 23:50:39',NULL,NULL,'betiloeticia@yahoo.fr','Loe',110,110,'BISSO','76c41db143143129c2e3d7a6753caca4ad9e7cbfadf8ec4e1fd2fb2bcd9e0b3df57b39687e0fc516d2fa347a97be0dbe0094e8be8bbb5831039475d74bd479bc',NULL,'AVATAR_a0cd75f2.jpeg',3,86,3,7,0,NULL),(599,'751335605066813','','2020-09-28 20:24:01','\0',NULL,0,NULL,NULL,NULL,'Leominster ma',NULL,'franckamayou@gmail.com','Franck',124,124,'KAMAYOU','db587fa73c355423ae094bcfc4375a36d52fc8e09253817ee2eccf6c56ced3babd02dc2556d933e823719b99583dabc7ba3fbaad0c64f90e8880d5de3ee85eb3',NULL,'avatar_7c9b71f8.jpg',3,80,4,7,1,NULL),(600,'751374635565057','','2020-09-28 20:24:40','\0',NULL,0,NULL,'<p><span style=\"color:#d93f0b;\">Diplômé d\'un Master 2 Banque Finance, Je suis à la recherche d\'opportunités professionnelles en compliance et plus largement dans les métiers du Back &amp; Middle office en finance.</span></p><p>Au cours de mes missions auprès de la Société Générale, HSBC Private Bank et BNP Paribas, j\'ai été confronté à tâches relatives à la conformité (élaboration de fiches KYC et FATCA, mise à jour juridique). Par ailleurs, lors de mon expérience au Crédit Municipal de Dijon, je réalisais l\'analyse de dossiers de crédit (évaluer la qualité du client, calculs de ratios, analyse financière) et j\'ai participé à l\'élaboration de la cartographie des risques et des contrôles permanents. Au sein des BNP Paribas et Société Générale je suis intervenue en tant qu\'analyse en connaissance client (KYC)</p>','1991-01-01 23:00:00','Clichy',NULL,'keou.fx@gmail.com','François-xavier',124,124,'KEOU TCHAKOUE','1790872bc87e9709b82bece51838a44887a67c7183d0e7ec2db5b282c2268992a0864153eaa3952b8a9f13e412bb0b997b3980da34ccfc7d66b46c42703d71d9','+33650014137','AVATAR_c30f581f.jpg',19,86,4,7,1,'dvKLiY2N_UizDpeqYHN1WB:APA91bFCP8WrWKQfHsPsQUiOw6icJV0ArSjzJ_t7vWtDYcc91HZlxXrY4bH8xV_EizufyK8mexCVUPnQB_UJFZ_fvwTmVEyWL4Y10namsQUIzvLMQYGnI38nLr14frwehWZwPScies4X'),(602,'754662929262616','','2020-09-28 21:19:29','\0',NULL,0,NULL,'Curieux et travailleur','1985-08-20 23:00:00','Yaoundé',NULL,'arnaud11a@yahoo.fr','Arnaud melvin',124,124,'ELEMVA','4117af4ca4eb6da6184b407a6396ba463bd497cf6e8e6e029adebd8e3f9aac3d14274ce20a842364fc54c4101750f20c6c989e71cb934905cd528bfb461c91c6',NULL,'avatar_bba532a8.jpg',2,48,4,7,1,NULL),(619,'813797891108429','','2020-09-29 13:45:04','\0',NULL,0,NULL,'More than 10 years of experiences in IT consulting , more focus in SAP project.\nWorking for SAP france for 2 years now . ','1986-05-09 00:00:00','Jouy le moutier',NULL,'teophane.kessou@sap.com','Teophane',112,112,'KESSOU','59b701f9574fc8e42e6a4c42d472dec55b0ea1034d47e5ffaa4cb8fa5a863bb33ed46f3a04341184f368c3642fbf30ce94a4226f8167d39926dd50ad16e0347a',NULL,'AVATAR_d5740d7a.jpg',6,86,NULL,5,0,NULL),(653,'1073560347690671','','2020-10-02 13:54:28','\0',NULL,0,NULL,NULL,NULL,NULL,NULL,'njokoprimael21@gmail.com','Williams',0,0,'NJOKO','a659a00edd7aecdf7cff02281281531262afc87ff6f91ec11574fd83a92633145b3291a490c54aac7ec400bd115a34629e4c1268c6f6c638e83580de532200ce',NULL,'avatar_7d508b9c.jpg',0,NULL,NULL,NULL,0,NULL),(654,'1073706692509517','','2020-10-02 13:56:52','\0',NULL,0,NULL,NULL,'1998-10-04 00:00:00',NULL,NULL,'polnareffoueda@gmail.com','Jordan',16,16,'OUEDA','85d9da651fdf9e59470d7dd6def68a7380d2ffd720b1b29870c235200a05a985adab2c980589d638fc5f28b1a9908abb561be11ce2e9dfbb8807ecf4e8282ed9',NULL,'AVATAR_28ed5efa.jpeg',0,NULL,NULL,NULL,0,NULL),(666,'1313255451125056','','2020-10-05 08:29:28','\0',NULL,0,NULL,'Le Lorem Ipsum est simplement du faux texte employé dans la composition et la mise en page avant impression. Le Lorem Ipsum est le faux texte standard de l\'imprimerie depuis les années 1500, quand un imprimeur anonyme assembla ensemble des morceaux de texte pour réaliser un livre spécimen de polices de texte. Il n\'a pas fait que survivre cinq siècles, mais s\'est aussi adapté à la bureautique informatique, sans que son contenu n\'en soit modifié. Il a été popularisé dans les années 1960 grâce à la vente de feuilles Letraset contenant des passages du Lorem Ipsum, et, plus récemment, par son inclusion dans des applications de mise en page de texte, comme Aldus PageMaker.','2000-02-02 00:00:00','Yaoundé',NULL,'toboujas@gmail.com','Jasmin',110,110,'TAKAM','c01b1df0e38e5cf1570c13a589c5986bd82b28b2dfd35acf4833636584b2adb9d2a7650c0977884e292fb9ce9057d6df0ef6534faa779098bc0ae6b91c93d89d',NULL,'AVATAR_332e8648.jpg',5,48,4,5,0,NULL),(673,'1316315102815761','','2020-10-05 09:20:21','\0',NULL,0,NULL,'Lorem ipsum dolor sit amet, consectetuer adipiscing elit, sed diam nonummy nibh euismod tincidunt ut laoreet dolore magna aliquam erat volutpat. Ut wisi enim ad minim veniam, quis nostrud exerci tation ullamcorper suscipit lobortis nisl ut aliquip ex ea commodo consequat. Duis autem vel eum iriure dolor in hendrerit in vulputate velit esse molestie consequat, vel illum dolore eu feugiat nulla facilisis at vero eros et accumsan et iusto odio dignissim qui blandit praesent luptatum zzril delenit augue duis dolore te feugait nulla facilisi.\nLorem ipsum dolor sit amet, cons ectetuer adipiscing elit, sed diam nonummy nibh euismod tincidunt ut laoreet dolore magna aliquam erat volutpat. Ut wisi enim ad minim veniam, quis nostrud exerci tation ullamcorper suscipit lobortis nisl ut aliquip ex ea commodo consequat.\n','1899-11-29 23:46:24','Douala',NULL,'endjeta@gmail.com','Ernest',120,120,'NDJETA','4d5bbb9807a1521dc5e4d1e5c977a6b1159b17119793d40601324e7464cbfa46213bd72cf21fb536c8129d64b88b4f1a811d991c5240792b7f5eb1b9fa1c1b2b',NULL,'avatar_a4901919.jpg',7,48,4,7,1,NULL),(1171,'162523995070100','','2020-10-20 09:21:55','\0',NULL,0,NULL,NULL,NULL,NULL,NULL,'chinua.achebe@yopmail.com','Chinua',13,13,'ACHEBE','a0ae4f30ba298dd007a1778ba85f1fbab17f274bed233262e37e7caf8d3c45efe5f4b213ce9e403dffff2638394a9578815c8a8c030ae4ce85501c78216f0a32',NULL,NULL,0,NULL,NULL,NULL,0,NULL),(1699,'1654070575767483','','2020-11-10 12:13:54','\0',NULL,0,NULL,'<p>Bonjour, Je suis Cheikh-Taha, 23 ans, jeune diplômé en recherche active d\'une nouvelle opportunité. Je souhaite poursuivre ma progression au sein d\'un secteur d\'activité différent et m\'impliquer dans un nouveau projet d\'entreprise avec enthousiasme, humilité et responsabilité.</p>','1996-11-17 23:00:00','Aubervilliers;',NULL,'lecheik@icloud.com','Cheikh-taha',119,119,'TANDIA','b8422cd668fc60de81bb3a7949afa9047b1c6d84dda6869dd9e30cb37cbc1eec8eae9b9c1127b672b218d8953ab081449134a6cc63af5a1c557fa6d230dabcab',NULL,'AVATAR_3183f05c.jpg',2,86,4,7,1,NULL),(1711,'1675236122492039','','2020-11-10 18:06:40','\0',NULL,0,NULL,NULL,'1994-09-14 22:00:00','Paris',NULL,'manesadamyan@gmail.com','Mane',114,114,'ADAMYAN','5a7fc12dceb5da765fe0705c3a48d05f2d206ff91da949fe90657c1828babfe3c955ea8c0ba4b67c8c8d033d31b4c8b295fbc1608fca68cc19901bdfb13b3186',NULL,'AVATAR_41cf5841.jpeg',1,86,3,7,0,NULL),(1713,'1680207444764588','','2020-11-10 19:29:31','\0',NULL,0,NULL,'Actuellement en 2ème années d’étude en cycle préparatoire intégré en filière Mathématiques, sciences physiques (Mécanique des Fluides, Transferts Thermiques, Résistance Des Matériaux, etc.), sciences industrielles (Conception Assistée par Ordinateur, Fabrication Additive, Systèmes Embarqués, Processus Industriels, Qualité, etc.) et sciences de l’ingénieur à l’ISMANS CESI école d’ingénieur, je recherche un stage d\'une durée de 12 semaines en tant que technicien débutant dans les services Bureau d’études, Bureau des méthodes, Qualité, ou Amélioration Continue en ingénierie mécanique ou industrielle, automobile, aéronautique, aérospatiale ou ferroviaire à partir du 6 avril 2021.\n\nCurieux, Organisé et Rigoureux, J\'ai la capacité de mener un projet en équipe, faire appel à des connaissances scientifiques, organisationnelles, humaines et linguistiques afin de résoudre un problème. Je souhaite continuer dans ma formation d\'étude par le biais de ce stage d\'amplifier mon savoir faire et mon savoir être dans le monde de l\'industrie.','1899-11-29 23:00:00','Le mans',NULL,'tchakouelouismarie@gmail.com','Louis-marie',115,115,'TCHAKOUE','9f5f2124afbb07af6c3ee7b9fa914c7aa72860bbaeb08466d0e0f94c6be5196fc5f1e80c707a8073a92ab2fd73ae56111d64e364a060b1c3948e3c5d26de7f74',NULL,'AVATAR_54732ff6.jpeg',3,86,4,5,0,'cCISEuzt_9WgaPq2lt6pUL:APA91bE-R3fbUH8k-wKQ0u18NPig39BHsHmrGTHUMAatjvvOK96AdYhyV4nQl9WSb3EVpbFBdDo4533VWcBiC5LG_ckz84eVqY3sjQ1dLXkapj5z_H3HgTHMKQTe4k62DWm_BzXSPdaM'),(1716,'1732294321481910','','2020-11-11 09:57:38','\0',NULL,0,NULL,NULL,NULL,NULL,NULL,'taffoueric@yahoo.fr','Eric ',107,107,'TAFFOU ','afd9818e821d06f426d1ac0b1b8be8637adf109a0754611b46dbdd61a4b9a970b981af04d492edda57d845500dee4cf42403cbfb0e23818f8660cba58b49021b',NULL,NULL,0,NULL,NULL,NULL,0,NULL),(1727,'1732808833502544','','2020-11-11 10:06:12','\0',NULL,0,NULL,'<p>Je suis né au Cameroun à Yaoundé, j’ai grandi dans l’univers des mathématiques car mon papa est un Professeur dans ce domaine. <em><strong>Passionné par les systèmes autonomes</strong></em>, en 2003 je suis admis à la prestigieuse École Polytechnique du Cameroun. En 2010, j’arrive en France pour une spécialisation à l’École Centrale Paris sur les systèmes embarqués.</p>','1987-08-13 23:00:00','Yaoundé',NULL,'atchiegang@gmail.com','Alain',117,117,'TCHIEGANG','21208acd628f24941e6c5960fbd7e125aa6d4adefc46864f9d751f07a5dacd43b3b5267d653d88ef20a97ac2c3d4a51eafa9afbf22d15c7edb0a80db4f7bd432',NULL,'AVATAR_62a8f64b.jpg',8,48,4,7,1,'eZk3NG42xJu15l4-oTQHQm:APA91bGQQw-KCDifR99OShDA1j5HBSgiljWWUq72X2SVan0VdfkJTBCGlFj_NQn6-bNWDtCuyobwvTj9y38Pfpa0cVKWpQdTlwQGUpU_2A0rWt9X1Y4IY6hIvBpiewm6PB12spN6CGdx'),(1735,'1733239468877962','','2020-11-11 10:13:23','\0',NULL,0,NULL,NULL,'2020-12-22 23:00:00','Yaoundé',NULL,'franckkengnie007@gmail.com','Landry',43,43,'SOP','eb2892853553eb4e5b411e92bfb28103a4b38b4465b0ba9849313ae536a2d6483423047d9c27dafcfe0ed6f6fc008b59b2db7def25b600302080ed02b3fc7229','696524104',NULL,1,48,4,5,0,NULL),(1773,'1735417259636271','','2020-11-11 10:49:41','\0',NULL,0,NULL,NULL,NULL,NULL,NULL,'atchiegang@yahoo.fr','Alanon',58,58,'BEDEL','6a900d7070d33ee9f03389992ff69c7770e594234016138bfe9c94fe8946aa51df6a9c7bbcdae18090c4792b7cd470bea460f8a69df5de440d4e82dfeb22a436',NULL,NULL,0,NULL,NULL,NULL,0,NULL),(1844,'1756432018338317','','2020-11-11 16:39:55','\0',NULL,0,NULL,'Bonjour je m\'appelle Serge j\'ai 19 ans, je suis titulaire d\'un Bac Technologique et je suis étudiant aux USA actuellement.','1899-11-29 23:00:00',NULL,NULL,'keouksa@gmail.com','Serge-antoine',114,114,'KEOU KETCHIOZO','3a0814edd0090eecb1fe8795ab8944ba0c93f5e723f5fe810c2aae55066e348abd1c6242368c72190916b3d537f303f672d2ab3e8edce7116a1314a6e1dde8e4',NULL,'AVATAR_9f21cb0.jpeg',1,86,4,5,0,NULL),(1860,'1772867928834975','','2020-11-11 21:13:51','\0',NULL,0,NULL,NULL,'2019-12-31 23:00:00','Hoeilaart',NULL,'alvine_ngongang@hotmail.fr','Alvine',107,107,'NGONGANG','3900f5233b45018e00dc99665afce0df3579334bde39ca37bec879821b887097a491b9fe64096706613ed5b798d2fa97334c9ef58d31797a5a6f519c324e867a',NULL,'AVATAR_370451af.jpg',3,31,3,7,0,NULL),(1877,'1826013147672969','','2020-11-12 11:59:37','\0',NULL,0,NULL,NULL,'1899-03-28 22:00:00','Clichy',NULL,'epoko.be@gmail.com','Shogo',117,117,'EPOKO','6aaa1dd3a7f33c0baa544f1adc3255a11cec0d590f33ab212c8e6f66c8b4b3a592bde34ca745aaebf9c212548435a1f74ef91571cee49c5dba2057d6e25a0f43',NULL,'AVATAR_b3dc6b7d.jpeg',2,86,4,5,0,NULL),(1889,'1932324887625073','','2020-11-13 17:31:28','\0',NULL,0,NULL,NULL,'1997-07-06 22:00:00','Montrouge',NULL,'dhillaryy@gmail.com','Hillary',119,119,'DJOUAKOUA','4f723bda00dd19ed174a0b42cd1c5b66aa6759ec9c1671cab8185c74a191761317b9599ae6c6f4abdabd86a7f21adc790c38ce516e2d19150e660d0c98ad2622',NULL,'AVATAR_7307169b.jpg',0,86,3,5,0,NULL),(1897,'1987847683466578','','2020-11-14 08:56:52','\0',NULL,0,NULL,NULL,'1899-11-29 23:46:24',NULL,NULL,'keoumenes@gmail.com','Menes elijah ',99,99,'KEOU','2e815aaaf2b2788dadec28bb1a2043217e4184bc349e4bd8472861e6fe662e4c0a140bdc2bd84a5f165b8c95eea72ecc390eeefbc0c06a6c369d6b95744a71a8',NULL,NULL,2,NULL,NULL,NULL,0,NULL),(1898,'1998950375809234','','2020-11-14 12:01:54','\0',NULL,0,NULL,NULL,'1899-11-29 23:50:39',NULL,NULL,'pierrealexiskamtche@gmail.com','Pierre-alexis',115,115,'KAMTCHE','18596be1d64844c110a3fe8d59c2dedc4db33f12e2c58674137fe5315d98d5b8c1b8954dec240972d87aa2e5f0af7add7a5c2e3774b4e76d8a079f5dcfce5ba8',NULL,'AVATAR_567adfde.jpg',1,86,4,5,0,NULL),(1900,'2015655611077909','','2020-11-14 16:40:19','\0',NULL,0,NULL,'Hello, je suis Tatiana, j\'évolue dans le domaine de l\'immobilier principalement l\'immobilier tertiaire au plaisir d\'échanger sur divers sujets ','1993-02-14 23:00:00','Ile de france',NULL,'tatianaapiane@hotmail.fr','Tatiana',119,119,'APIANE','44234d12198d6b2ab528f6f1fa236456d5847475fd0b82d113ac3c6e1ca490f51a834f1b255e4c083fc271911112b2cd351a124fcf2b646f2784fb8b15319a5d',NULL,'AVATAR_b0393fe9.jpg',4,86,3,7,1,NULL),(1903,'2028738002492927','','2020-11-14 20:18:22','\0',NULL,0,NULL,'yes','2000-11-23 23:00:00','Vélizy',NULL,'ngamenichaka@gmail.com','Chaka',120,120,'NGAMENI','ce843197f17e76bf5b35e97acd2fae92a63774859795aa5fca27b7522226c2d22514c41b3eddf34c3cc9a8a5f77e96aba4b9458077ef6bd0fc874892de9fab60',NULL,'AVATAR_87e96458.png',5,86,NULL,NULL,0,NULL),(1943,'2101340213446373','','2020-11-15 16:28:24','\0',NULL,0,NULL,NULL,'1992-11-19 05:00:00','New york, ny',NULL,'gael.wehner@gmail.com','Gaël',115,115,'WEHNER','430e26727c2dc8ec89cf0e48f4aeebeaf69093d4964e8aba82f47e6763a11d268e360f87ccaf5d51c9dcd46b9f8cac6f793461017f6c95e6988edc1e38b54d01',NULL,'AVATAR_45cfa479.jpg',1,80,4,7,0,NULL),(1987,'2166307348744287','','2020-11-16 10:31:34','\0',NULL,0,NULL,NULL,'1899-11-29 23:00:00','Chelles',NULL,'management.6am@gmail.com','Sawny',95,95,'ALI','6e3451f66555b30ec987235463cba3d8965a70d8eeacf2581be403c18585932ac4b14ec248f6e2738af1cbc39bf53d40061fcf679785825ecfd4b930ac57893e',NULL,'avatar_4fe13c81.jpg',2,86,3,7,0,NULL),(1995,'2193605636348249','','2020-11-16 18:06:31','\0',NULL,0,NULL,NULL,'1899-11-29 23:50:39',NULL,NULL,'kuakuviemeric@gmail.com','Emeric',110,110,'KUAKUVI','a37cc17a5296a499658f751a3c980890a302773585fe881cfe78fbdf1c4cf768fc46782b095b58860dc7c14fc3bdc65ef6b0ac946743a90314bb26e7cad1dc42',NULL,NULL,0,86,4,7,0,NULL),(1996,'2193642829437852','','2020-11-16 18:07:08','\0',NULL,0,NULL,NULL,'1899-11-29 23:50:39','Rosny-sous-bois',NULL,'diyasbrym@gmail.com','Sayid',117,117,'AMADOU','eb574aefafbb055fbe74763c9ac6dd0f96c35b09b439dcd34ee89a9d4feae51a772a358fb1f5d21ad2ef5774458fb1566b1b9e0d45ba1eb3918d495dfdbd774a',NULL,'AVATAR_8709e33b.jpg',0,86,4,7,0,NULL),(2021,'2294988737495090','','2020-11-17 22:16:14','\0',NULL,0,NULL,NULL,NULL,NULL,NULL,'tmboutchouang@yahoo.fr','Thierry',121,121,'NOUMIGUE','da20f8e4f7b0b4b9c04061a82ac8c82322404a56a4f602706013169b6719e1b72d9bea61f87ca03fdcd82f84d54b9103e00413196aeaf7df061e7a9c910ec696',NULL,NULL,0,NULL,NULL,NULL,1,NULL),(2025,'2313480684040080','','2020-11-18 03:24:26','\0',NULL,0,NULL,NULL,NULL,NULL,NULL,'soccerslave12@gmail.com','Georges',112,112,'TENIE','4964f5fd932e5757761494c07243941734622a166e2878bb1bd4d80dc628703dba60ef4e97a596797e068230927632f7e6e1929aa87a68a25d13accb08413d25',NULL,'avatar_72619287.jpg',1,NULL,NULL,NULL,0,NULL),(2065,'2719699216499891','','2020-11-22 20:14:44','\0',NULL,0,NULL,'Fort d’une expérience de plus de 10 ans dans le sport professionnel. David Grandjean est passé par plusieurs postes qui ont fait de lui un acteur majeur dans le sport professionnel. Tout d’abord en tant que sportif de haut niveau (joueur de rugby passé par plusieurs clubs professionnel CSBJ, BOPB, USO) puis en tant qu’agent sportif depuis maintenant plus de six ans. Travaillant quasi-exclusivement dans le rugby professionnel en TOP14 et PROD2, il a également accompagné des sportifs dans différents sports individuels avec pour la plupart plusieurs titres mondiaux obtenus et médailles olympiques. David connaît parfaitement les clubs professionnels et les besoins et nécessités pour arriver au haut niveau.','1990-06-02 22:00:00',NULL,NULL,'david.grandjean@hotmail.fr','David',114,114,'GRANDJEAN','1d9824f9e80a8dff368cf2f25b53604aa6876190b78ea213b04c2bcf6ddb553a7ee097d1f2376a07c4bd2d5ab8befd2e4b69808ef85827e6bf3d5f1c59753854',NULL,'avatar_ae7574b8.jpg',0,86,4,7,0,NULL),(2128,'3303565585062102','','2020-11-29 14:25:51','\0',NULL,0,NULL,NULL,'2020-07-22 22:00:00',NULL,NULL,'armel.wumba@gmail.com','Armel',123,123,'WUMBA','6c61542e403855a2b644c223055354575a858922e114bc5ad24eebca9a62f3ed0a0ceddd543feaa3109f0d934e1658fb11fe938251e24740c3ba2c61a3f97078',NULL,'avatar_d20f5912.jpg',0,86,3,7,1,NULL),(2131,'3497335591211192','','2020-12-01 20:15:22','\0',NULL,0,NULL,'Expert-comptable stagiaire chez Sefico-Nexia (16ème), je suis a l\'écoute du marché pour un poste en comptabilité à l\'international dans le cadre de mon DEC (Diplôme d\'Expertise-comptable). Préavis de 3 mois.','1991-02-11 23:00:00','Paris',NULL,'cynthia.maeva@gmail.com','Cynthia',79,79,'TCHOUAKUI','6acd9700a64ffc654d871ac2d848aee4e3de58ba90762bd8ea392ef9dddcad607115eb1d187197b8cab5d7feb66458e46703628487c596b4a11b4665530c0f80',NULL,'AVATAR_f4ff5175.jpg',0,86,3,7,0,NULL),(2166,'3648423513763876','','2020-12-03 14:13:28','\0',NULL,0,NULL,NULL,'2000-06-13 22:00:00','Valenciennes',NULL,'ernesttchoumbe@gmail.com','Ernest',123,123,'TCHOUMBÉ ','a081d9ed1a7a8033a87ec56d124c79dda4605cd5c0dda26c8e0bddcee9b37cea932128b47f981d4138d235fc4afc6b9b3d32dade6bab376e27a45a93b1ea7f6d',NULL,'AVATAR_79b2d371.jpg',2,86,4,5,1,NULL),(2202,'3922026257525293','','2020-12-06 18:13:31','\0',NULL,0,NULL,NULL,'1986-01-10 23:00:00','Yaounde',NULL,'noaboris@yahoo.fr','Boris',101,101,'LE3EME','e5f3eea3373b1e07a484dcc17ce27bb5f72c38b83cc68e13adf7e31d95f82eef76a50672f90877b9eff7ed973fbc316650684b71e0e705f0025107a03f221c7e',NULL,'AVATAR_cd83f6f2.jpg',5,48,4,7,0,NULL),(2205,'3999335996631395','','2020-12-07 15:42:02','\0',NULL,0,NULL,NULL,'1986-10-03 23:00:00','Paris 18e',NULL,'nathanmonthedinh@gmail.com','Nathan',124,124,'MONTHE','e525dea730df83d51378089c99ddb7d9f4761c3285fae3b64881974325fdec836ea8fca6feb11a50f68f243881fccb51d6efa924cbce7be03f3161ee0204fc06',NULL,'avatar_a48cc229.jpg',1,86,4,7,1,NULL),(2263,'98522983715952','','2020-12-10 11:37:37','\0',NULL,0,NULL,NULL,'2007-07-17 22:00:00','Nogent sur oise ',NULL,'yannistaffou@gmail.com','Yannis',120,120,'TAFFOU','11f995b83a77597a8cbcb3c3edbd6346aaf62eeb2b054db3868a521366c2c435debe74210e0898f326ee51e8d45918a8070cd155b92831edff09e442ce1ba09a',NULL,'AVATAR_8b4caf71.jpeg',0,86,4,5,0,NULL),(2332,'1046757947680485','','2020-12-21 11:01:33','\0',NULL,0,NULL,NULL,'1899-11-29 23:50:39','Carrieres sous poissy',NULL,'jeanphi.veigne@gmail.com','Jean philippe',117,117,'JEAN PHILIPPE VEIGNE YOUNDJEU','b879c05d7f6d74cb43122b3970e6244dc17aad43645e703d200050c8f5ba26cefb03bcafa8d392c67d6aa3150efe0806736ef6c54d6b65f8a300e1420bf2418b',NULL,'AVATAR_698bc286.jpg',2,86,4,7,0,NULL),(2386,'529374905336773','','2020-12-28 22:00:30','\0',NULL,0,NULL,NULL,'2020-12-06 23:00:00','Edéa',NULL,'keou_francois_xavier@yahoo.fr','John',119,119,'DOE','482e72f97bfd6b2f56ee45ed10cf5953e907b91da492d76efa58e23ad990066196afbcfa56e575b858cd30d1b6f9142154d98486719ccd1f56dc87813c331052',NULL,'AVATAR_afad6c40.jpg',2,48,4,6,0,NULL),(2468,'670438258524631','','2020-12-30 13:11:33','\0',NULL,0,NULL,'Bonjour, je m\'appelle Franck-Emmanel Keou Tchankoue et je suis un jeune étudiant du lycée.\nJ\'ai fait l\'année dernière un stage en cabinet d\'avocat situé dans Parie XVI et eu mon brevet durant parcours continue (à cause de la COVID-19).\n','2005-09-23 22:00:00','Cachan',NULL,'keoutfe@gmail.com','Franck emmanuel',114,114,'KEOU TCHANKOUE','b22acc8908ff5e9f745ad65d876ea63ecc2b2beb09812c3a5fcd5e12f3ef2ef4aa23c6b99f1fa94d1647462db1f847ca495b48ecf4aba771631cd1383a636782',NULL,'AVATAR_9fb9d194.jpg',0,86,4,5,0,NULL),(2511,'1129246675252463','','2021-01-04 20:38:21','\0',NULL,0,NULL,'Diplômé d\'un Master 2 Manager Marketing et commercial, Je suis à la recherche d\'opportunités professionnelles dans les métiers du développement commercial export et du marketing. ','1989-12-13 23:00:00','Paris',NULL,'stephane.ragot1@gmail.com','Stephane',124,124,'RAGOT','03b9c5f11e4cdc5393b0426d41d0392f31fb0a7d4bebd37948d2a309c8f366f69d2bbd37e5f07c3ca84db37fe2c205a5e5d9456b54442f9aa8ac86916c05891d',NULL,'AVATAR_766ef788.png',10,86,4,7,0,'cC5S3jwr0fyFcGUhJVn3ud:APA91bFmatiBYi5guTBUpY6xxQUSOZi1mRy8Teg95ZSDhkZIWkcWLJUAujWPiKCPojGn07VQGz14JhJZMvMmSEBUlsL0Hkz-AqrQgS3kbr8-5ytM3GvLRdRtIZEFZ1N1UnacxrMuiMRG'),(2551,'1148681811807503','','2021-01-05 02:02:18','\0',NULL,0,NULL,NULL,'1994-06-24 22:00:00','',NULL,'baongagladys@hotmail.fr','Gladys',114,114,'ROSE','e0a6740236e08b3efef22d36f1a7b51ee2f14099f514c724a2f1ed127e7aa51607417f493316d5e20dc816623746cb46e880e54aca2dd38d12eacd0827c8cdd3',NULL,'avatar_738e295b.jpg',1,49,3,5,0,NULL),(2579,'1210134762041287','','2021-01-05 19:06:31','\0',NULL,0,NULL,'Maman, Entrepreneure,>>>',NULL,'Nanterre',NULL,'prisca.grandy@yahoo.fr','Prisca',120,120,'PRISCA GRANDY','a7b0adc0e04c4f052c78f391a992352bf9d3f7225d73836ad7763c42b3c38a8c7427986c71404bb972af95def9959debf13fd49436353c6062c2b90c143d35d4',NULL,'AVATAR_baf9c81c.jpeg',4,86,3,7,0,'cT4w43b2QfdKGmsN4K_yci:APA91bH_WIVzaa_ommHjuBQJ3F4Ef6DbDReNvvjiwXgfAJc-XDb7VPZ-cDTYSE8AOBuT0Dp1dJV9Rxdf0gBVeL2NJgGhalt79ZaeETVbtJd9eUhBBiwa-Auetj93iLrOptphN6y0EWx_'),(2621,'1299960055108969','','2021-01-06 20:03:35','\0',NULL,0,NULL,NULL,NULL,NULL,NULL,'kyriaateba@gmail.com','Kyria',67,67,'ATEBA','9e3c2fa713d2e043cd0a411af9fec972b0188fd8b01e5b860fe483bc1047afa77d23b24aeb538e4a9ac4508a5fc9faece38d93f19e58caeb63abdea8b81487a3',NULL,NULL,0,NULL,NULL,NULL,0,NULL),(2626,'1305748915299588','','2021-01-06 21:40:03','\0',NULL,0,NULL,NULL,NULL,NULL,NULL,'stef_zenou@hotmail.fr','Stéphane ',115,115,'YATO','6641f31f022af823bbbda7504e006b0ff01aab55a5c55d100c7c8eb97bff25ba9ee7567f9f83d9a27f88738e75e9de2f2d9ac231aecb4188efaca147b5ffd915',NULL,NULL,0,NULL,NULL,NULL,0,NULL),(2631,'1309407233779046','','2021-01-06 22:41:02','\0',NULL,0,NULL,NULL,'1988-01-01 06:00:00','Yorkville',NULL,'lovlimet@gmail.com','Loveline',124,124,'METOUKAM','9d6b289e946231ca3a97cd8ce04f6a3b774c7a1b3fbeabc8ce8fd31076f542373efb20c6faf7fe6c864d3b5c73128d27c6ef11a999520ac93f3886278dc6fa17',NULL,'AVATAR_d8bb9d31.jpeg',0,80,3,5,1,NULL),(2636,'1342644281560750','','2021-01-07 07:55:00','\0',NULL,0,NULL,NULL,NULL,NULL,NULL,'faouziounes@gmail.com','Faouzi ',52,52,'OUNES ','2a8b23bb70f3e2f589bfa6e8b0bb4ebb48ee1f32b76a55e831739da0a10e2ac05220e1e64cc04677b583f3d091b7fdf6fec08640e3e3fc601c66648ee7df10f9',NULL,NULL,0,NULL,NULL,NULL,0,NULL),(2637,'1345140315284760','','2021-01-07 08:36:35','\0',NULL,0,NULL,NULL,NULL,NULL,NULL,'kineshainoone@icloud.com','Fatou kine',110,110,'SAM','f2054281e80b26d745b0afa0df402b220ad8a1da7dafc8830eaa6257e8d20bc72a1fc3c831781a6c204705517373b193d7f4fc764d65fa7484f8b50705d0bb73',NULL,NULL,0,NULL,NULL,NULL,0,NULL),(2638,'1369761737768623','','2021-01-07 15:26:56','\0',NULL,0,NULL,NULL,'1899-11-30 05:00:00',NULL,NULL,'patrickamayou@aol.com','Patrick',120,120,'K','fd0255c1aa4d578d94998a88564559f8bf7a05544a57dabd21dfcef36e028a8dd2caf0dd71a801314663d487fdfc70057de28a31b6d0c9b6635dc470084472e2',NULL,'AVATAR_d293f352.JPG',0,80,4,7,0,NULL),(2640,'1370431719629179','','2021-01-07 15:38:06','\0',NULL,0,NULL,NULL,NULL,NULL,NULL,'jdjieuna@yahoo.com','Justine ',119,119,'DE MONGOUÉ ','a6ae998028e90f0dc540415193eeb5b1e50647e7721ee18a15b7062aba39f07492f24dde5106f8f2cb3f28b2436d273fee4b357608e3b770c873d6d89f3447d0',NULL,NULL,1,NULL,NULL,NULL,1,'d85qvEpZ1q-MCje-38Y5r6:APA91bEbXHVrNUqgz1EGMGS9UXdiuxd6vO9_0EsUhIhnKpv4s2Zh6b0W9a4EB4SKtpuBZ_JONqQ8kZumlYVmpac7JuOq2dxZazcUZzBILAHSCn9Iep-k9J6urNFPwcHxHHKxYJhXwj9y'),(2641,'1379553348642254','','2021-01-07 18:10:10','\0',NULL,0,NULL,NULL,'1989-01-01 23:00:00','Paris',NULL,'neriis@hotmail.fr','Yohan',119,119,'NERIS','85bb4baa0379e2b363d168e655c65c0c5213206c9890b113dc8a739c3037df8cc23bd2ffbfb89e700b07d7770d6f6f7bd7e24246e3b02236eab6c3d6b7176dee',NULL,'AVATAR_63063ac7.jpg',3,86,4,5,1,NULL),(2732,'1381712215602676','','2021-01-07 18:46:07','\0',NULL,0,NULL,NULL,'2005-09-29 22:00:00','Nanterre',NULL,'kamtcheaxeljean@gmail.com','Axel',117,117,'KAMTCHE','e7a225485ce21907c55651483f7e83786041a780cb8e859725c369e9c57a12b671f281b2aee530bd13ff42061f1893b3b9f0de753fc3f0d783d2bafb5c3df1ee',NULL,'avatar_71199871.jpg',0,86,4,5,0,'dUMNx7iVP186vdhPVOshaA:APA91bFyIfunn5j9KyrrlTQVqB-BxmebK6PnMLjagOMqLKp6gy2sumadeI-o-nC-sAqpe3HkwKiPos7yxDiWilSD2r3LtvsR2j204-YeHLLC29lxZOVsVhHR1m0bEx1m4um4WI3oosw_'),(2798,'1394821268773860','','2021-01-07 22:24:36','\0',NULL,0,NULL,NULL,'1987-09-03 22:00:00','France ',NULL,'colerolivier@hotmail.fr','Olivier',107,107,'COLER','189d696c565b1e1f7bca603d67b5725ce01401753b75d181f5a78dddcb9faf9da51fd2c90b903a834f1f7a08053d6a942b0cf8497478cab8074a214e0835b304',NULL,'AVATAR_13404a5c.jpg',0,86,4,7,0,'eiCoubXJ8HA2C3FxxkXTi4:APA91bGUAe0Oyedds-oneppdTnPpVIONec-C656pZIFwrB2pis-tzUiI98n44-u619-UrZ9T6xeldETukF5UvP1lb_7Cn2V76bX-qLDIVuWM1Q1j0sguy6nWVPnRq8GZCJvT2YMiDXYT'),(2878,'1468860297813385','','2021-01-08 18:58:35','\0',NULL,0,NULL,NULL,NULL,NULL,NULL,'davesao2000@gmail.com','Dave',63,63,'SAO','12e7d7d5044aac018fdec8e6744e61debfa735e3b7393be6cfa5652075b9cf8cbdfc4291e11b187ecb712ff28528d5032256d2ce90bbdc12138971171e552085',NULL,NULL,0,NULL,NULL,NULL,0,NULL),(2881,'1473632363390286','','2021-01-08 20:18:07','\0',NULL,0,NULL,NULL,NULL,NULL,NULL,'adelia.happi@yahoo.com','Adélia',120,120,'ROSE','f03ce070cd0f68dbdf6d0b66c3ddea3e8ec3014a1268b9f233426b1ac36e05479942ae6705e2e30f5568b1467d7c42b155d9c308af3a940d4ea1ce7a5ba48895',NULL,NULL,0,NULL,NULL,NULL,0,'cOootrHURnj_oydVWz3cr_:APA91bFoUGIMQe0HCSCEC5l8uC5q5Osjda9ExzXShWW4XKhrwP1n7quTHgK1AKXE5QZP0qr7DfcjHGEwSBMwVjwgUnPj9n3LHh0FOzvx-jv9OqTyPNgWRHN7GKwS9L4Q2yqbY0Z05fxW'),(2911,'1521875493768376','','2021-01-09 09:42:14','\0',NULL,0,NULL,'Bonjour ! \n\nCherchant actuellement à passer le concours d\'attaché territorial (spécialité urbanisme), je suis preneur de toutes personnes cherchant à réviser ce même concours ! On peut partager méthodes, news, documents intéressants ... \n\nAussi, les études remontant à maintenant quelques années, je suis prêts à aider (#mentor). Cela permettra de me rafraichir la mémoire. \n\nA bon entendeur ;)','1990-04-14 22:00:00','Dreux ',NULL,'bastien.pel@gmail.com','Bastien ',117,117,'PELLETIER','9e1000a665f27dab21fd39da24302cf99ed4814f1cf460ce6acd0361f9b19a8f32418137c22452b40ab1e8217d37ed5f28df60d7259360c37a955c7cfecda3a5',NULL,'AVATAR_18e5ecdb.jpg',0,86,4,7,0,'foXJ5ku1Zw3TVT9NrRHOjr:APA91bFaDInmLhogd9v19K_UAJvm0VvWdu58fIurIgk42u61sse2V1VCu4FWZkBLUtMnPbT4qt57irC4O2Q2yc3Jp4Tad-6lJqA_uFwukLVNwybNqKagJHsNTtaiwDM7l0WwdpMJ8jcB'),(2992,'1571460069202339','','2021-01-09 23:28:35','\0',NULL,0,NULL,NULL,NULL,NULL,NULL,'keou2ko@gmail.com','Serge-antoine',117,117,'KEOU KETCHIOZO','28305f46dc0d113cd73fe03ab0f148519761fba748d8ab0a9f7e72e3e5bfa6ab1c4f3693cb40398cd8bafe82da4a3b5677ed39f30d7f2eb4cb46e37393cbc199',NULL,'avatar_b1e7457d.jpeg',0,NULL,NULL,NULL,0,NULL),(3037,'1577710861172528','','2021-01-10 01:12:47','\0',NULL,0,NULL,NULL,NULL,NULL,NULL,'briffilmakenzie@yahoo.fr','Makenzie',65,65,'BRIFFIL ','f1ccb50c7edcf6211467a9582b7a2b2c16a93546edd00d770ed0e96ecaa4870faceb5efad51e8f4d4e476bba3985f1be563776cbc026917ee1b0abb47b6d1d14',NULL,NULL,0,NULL,NULL,NULL,0,NULL),(3039,'1640288859735655','','2021-01-10 18:35:47','\0',NULL,0,NULL,NULL,NULL,NULL,NULL,'amaryselaetitia@yahoo.fr','Maryse',114,114,'ASSIE','cf19c294629c1f28f05bab68cc4f640a71e4901da97b6caf9b12a6d159b5ad4957a816fe214c92b9d7bba987db4b68cdeba6d6914f501731b321f03ce06ce954',NULL,NULL,0,NULL,NULL,NULL,0,NULL),(3041,'1644164428208327','','2021-01-10 19:40:21','\0',NULL,0,NULL,NULL,NULL,NULL,NULL,'wandjiachille@gmail.com','Achille',67,67,'WANDJI','93360f0052423e371968e8828c71653d993c07e17a08266231a769ac3c9cb1095c3490cefc57af58a9d394e8f2ddec89877a5896c7ca2a7784cf888a61b42666',NULL,NULL,0,NULL,NULL,NULL,0,NULL),(3079,'1713293633678685','','2021-01-11 14:52:31','\0',NULL,0,NULL,NULL,'1985-07-04 22:00:00','Saint cloud',NULL,'florence.eteme@gmail.com',' florence ',120,120,'ETEME','643e4474d53dec42d8d506894e6f4e0cb61f6525b4800e02ae5741487a5aaeb9d6674a3b35da16df2891cf7cfcea5f95c0e6b90a1bed779c3a42acbc79479c6c',NULL,'AVATAR_de353071.jpg',2,86,3,5,0,'diLGmB30mNIr_nTXls2TpU:APA91bH8lJPscbwSaH7vCtiYgLvi512lZfSW6kZA4g8g1ziioRNaudJLIXJFEyBFveG8MsvPpo3E8_vavRjT8NTSDrSajkekMXXRweG-Io_-F0h681RFCmhpQs33SlPqHNr_eF8RpO-Q'),(3097,'1729156493438182','','2021-01-11 19:16:51','\0',NULL,0,NULL,NULL,NULL,NULL,NULL,'cyril.francois94@gmail.com','Cyril',70,70,'FRANCOIS','e5db395b50b24042b601659225bec59b12b66c9662e1209f2daf0f82477ea0412c1c475083cd8b023f58e852fc6c283ab8bdc3df1d4ef9a4b4a361a763826b56',NULL,NULL,0,NULL,NULL,NULL,0,NULL),(3099,'1742731334313425','','2021-01-11 23:03:07','\0',NULL,0,NULL,NULL,NULL,NULL,NULL,'raissa_montois@hotmail.com','Raïssa ',70,70,'MONTOIS','d0bb9d5bd1cfe979471bfb100d7a0119ab0203353f7c237a10d39ceb90f3de24f298774611dc44f6dc20fbd7e6f8936ca448ce1698d775bcf17a52c949cdf808',NULL,NULL,0,NULL,NULL,NULL,0,NULL),(3135,'1828904216865605','','2021-01-12 22:59:19','\0',NULL,0,NULL,NULL,'1999-12-28 23:00:00','Nanterre',NULL,'maylyscjj@gmail.com','Maÿlys',120,120,'KAMTCHE','07fb9ba0cf67e0b147a79c71b46ed4e5e0670bb2b2fecd8fff1721cb1233b2ae4bc263498d00921cc497a14477178ff73d5d45fe20056506ca5c5d099d2f0bed',NULL,NULL,0,86,3,5,0,NULL),(3145,'1864294883818081','','2021-01-13 08:49:10','\0',NULL,0,NULL,NULL,NULL,NULL,NULL,'axeltsob@yahoo.fr','Axel',120,120,'TSOBGNY','f6fc3d1815d7af7f54961b0d37919304a5305f14b6846a2373e0e5d99758749e4379ef73342e80cb3cfcc71fb7193ee4c123bddb05c1e4009edeeac18eef2283',NULL,NULL,0,NULL,NULL,NULL,0,NULL),(3165,'1893379414621125','','2021-01-13 16:53:54','\0',NULL,0,NULL,NULL,'1899-11-29 23:50:39','Paris',NULL,'portefeuille08@gmail.com','Nicolas',120,120,'MACQUART','435f110aeefe6301ca9e2076a478f01757c07a719339b055a4a865657b4172ba972d2d7e2c4ff3920a7d04a7a643ee2ecca107196d3f6d0242f86023091240a7',NULL,'AVATAR_b172d123.png',1,86,NULL,7,0,NULL),(3180,'1991035450141286','','2021-01-14 20:01:31','\0',NULL,0,NULL,NULL,'1997-12-06 23:00:00','Dunkerque',NULL,'bricetaffou@gmail.com','Brice',120,120,'MBIELEU TAFFOU','7280d5c2923e620ed38db4c9d76591ea1d3e1bd54f0b471d148b91d0ee8254c1afbde2ff7a43bf08d7e60a010b1ad7c7f24c87fb540af98b2303ed5920e9327b',NULL,'AVATAR_2e336641.jpg',0,86,4,5,1,NULL),(3192,'2057908492961915','','2021-01-15 14:36:03','\0',NULL,0,NULL,NULL,'1899-11-29 23:46:24','Yaoundé',NULL,'climene.kameni@safvis.biz','Climene ',94,94,'KAMENI ','3eee583a03c12675ab96b20bb5e93f35911b6232f9213775019a9a422190055e48d74ae3764994ac7a647f55592ffa8b8328726e414e3ab0c358e0d77cc619c4',NULL,'AVATAR_62d61100.jpg',0,48,3,7,0,'fTD85bOIOGcdazm4lpmczT:APA91bEMfvt99-vl11eA67WHmlYMz_9V90txq-v1kPRf9mqQQyhqKugJHbM7OC8szO8X1w-qFhjkV9-VeK5da3_C_29Hte0NTOnzQJVV9RR3-1ysVRajn6uK3AvvxOYl8GagkiW0kcQ8'),(3194,'2067794148553148','','2021-01-15 17:20:49','\0',NULL,0,NULL,NULL,'1899-11-29 23:50:39','Paris',NULL,'chrisemmanuelfenkam@yahoo.fr','Chris-emmanuel',120,120,'FENKAM','86090e23720fe4c259ef04a9a81344f6db2cc5a1d86d88a63d5206f6eb5d98a927f6badd13f152aab057cf42390f7d209c954d096691404c9411388db814de3c',NULL,NULL,0,86,4,NULL,0,NULL),(3195,'2070207104272083','','2021-01-15 18:01:01','\0',NULL,0,NULL,NULL,NULL,NULL,NULL,'nara.759@hotmail.fr','Alexandre ',79,79,'MBIELEU TAFFOU ','81a33531ba1a32f5f34d72f941d520e405fcccee75dccb7c709d0cb7be557c256a3a23155b1b19f8b041f70ac11895032a99b1837233c808b29d6b7f9132bd7a',NULL,NULL,0,NULL,NULL,NULL,0,NULL),(3197,'2073351999173312','','2021-01-15 18:53:26','\0',NULL,0,NULL,NULL,'1990-02-21 05:00:00',NULL,NULL,'melanie_kamayou@hotmail.com','Melanie',120,120,'KAMAYOU','3e6d78eb42da55cc026ffe0f5c78f135d224c9afa0d159cfd0432f57cf2b972215ac5d1d936fd6359c7a576c9d2249db4d48e7c5a418e8ba610caa65e6b4457c',NULL,'avatar_3b8a2300.JPG',0,80,NULL,5,0,NULL),(3238,'2108115350572567','','2021-01-16 04:32:50','\0',NULL,0,NULL,NULL,NULL,NULL,NULL,'stephanekamayou@icloud.com','Stephane',120,120,'KAMAYOU','0023298569f06b8223b9279d7267805c3bb130a3652830bdb9fd8b54f5c72d42ba7d09e460aec7d742c5f9d7d6008804598cd7e602c5586625aa2753e1055c62',NULL,NULL,0,NULL,NULL,NULL,0,NULL),(3249,'2122257932988305','','2021-01-16 08:28:33','\0',NULL,0,NULL,NULL,NULL,NULL,NULL,'traore.amy91270@gmail.com','Amy',114,114,'TRAORE','85dfd5a7d158c18872331a063a336925e0e7d96bf2e92d48180380b48510f17ec05b108fb177c0a8583535ce66f267c2879e7d9bb22ebe2a032cc8fe657745eb',NULL,NULL,0,NULL,NULL,NULL,0,NULL),(3251,'2124982326748215','','2021-01-16 09:13:57','\0',NULL,0,NULL,NULL,'1899-11-29 23:00:00','Colombes',NULL,'fmarieesther@yahoo.fr','Esther',117,117,'FANYM','8fb0a154e27c8836f180fb76c39a1931a7326ef890a0e4921e1d45915f0525749cf4c845f2260860e9b277855097901de6574213e9d9c83b3e5ad12d21f75f4f',NULL,'AVATAR_29058ed2.jpeg',0,86,3,7,0,NULL),(3253,'2131676507761033','','2021-01-16 11:05:31','\0',NULL,0,NULL,NULL,NULL,NULL,NULL,'vanessafetue@yahoo.com','Annie',85,85,'LAURE ','22563dbb483d8facd1c6dccbb9f4c4ccc82b85ae4ca217d2f9874303e55cbde3516c5436c21a1869a74e77751dd740d677b1ff88b2a18ffc91eeba51ef12751d',NULL,NULL,1,NULL,NULL,NULL,0,NULL),(3255,'2139160508472275','','2021-01-16 13:10:15','\0',NULL,0,NULL,NULL,NULL,NULL,NULL,'carltonmarley1993@gmail.com','Henri',83,83,'MULLER','f76e2f9b01133af7990d76784e72afb6028bbeace1cc2e828e98d85dd6e2764472ab1a9e506876a97d65f0c819216bb7fc3b18bbeeee1d42024ef9775eb37b96',NULL,NULL,0,NULL,NULL,NULL,0,NULL),(3265,'2156347739723688','','2021-01-16 17:56:43','\0',NULL,0,NULL,NULL,NULL,NULL,NULL,'van.darryl@outlook.fr','Van darryl',84,84,'TCHANGOM','3479a80168433f56d7a7e16ff7efcd818ec66d42987cf7d9ef30b56134c9c42e05c133d5b55c30fa3a9c51f08291420932184d02cd5f161dd4394d2a23a85b40',NULL,NULL,0,NULL,NULL,NULL,0,NULL),(3287,'2185613479363268','','2021-01-17 02:04:29','\0',NULL,0,NULL,NULL,NULL,NULL,NULL,'alexandranj@hotmail.fr','Alexandra',102,102,'NJALI DJEMA','79c8951236cbfe798453b9c4b29c65d39838aab12bb8c5bb30422121685469b7c253549d65957df374d145a8be6451a36cf85cee8449b44740589056e4540076',NULL,NULL,0,NULL,NULL,NULL,0,NULL),(3292,'2240851106710796','','2021-01-17 17:25:06','\0',NULL,0,NULL,NULL,NULL,NULL,NULL,'a.herve@yahoo.fr','Delali',115,115,'AMEGATSE','b0941e95dfa0ea3acc630eba0e75025b2fc3777d0512bef52a224661de4b9f18eb558d7da2811d6cedb8f90145d6aafced26f1aa9082165b80c1ae68ce27eb66',NULL,NULL,2,NULL,NULL,NULL,0,NULL),(3294,'2245201291138413','','2021-01-17 18:37:36','\0',NULL,0,NULL,NULL,NULL,NULL,NULL,'jeanpaulmurhondezi@gmail.com','Jean paul ',87,87,'MURHONDEZI ','cc0fba8fb5782f6f32300e9d2cace6e3c8f85e87a3ea96d4c19bebbd5d5e38ad92f33571ef57fa3e9a130dbc6973920a31c6cf721e7856400d2078f46608ae9d',NULL,NULL,0,NULL,NULL,NULL,0,NULL),(3295,'2246684685118381','','2021-01-17 19:02:19','\0',NULL,0,NULL,NULL,'1995-04-01 22:00:00','Paris',NULL,'nellybikomo@gmail.com','Nelly',114,114,'BIKOMO','4b450daa62ce24e08dc96d9af751e23777d87197b91f7c38c55f6d8e359df993cd1ed9d9503013f9507a98bb57d2046ff327d33f55d1e12c6dee2e05a98ec2fd',NULL,NULL,0,86,3,5,0,NULL),(3300,'2295857215024275','','2021-01-18 08:41:54','\0',NULL,0,NULL,NULL,NULL,NULL,NULL,'michelsea_etame@yahoo.fr','Michèle',124,124,'ETAME','96691cc055acfb49b5f2e080f12289407de1a56bc65be1f1dbe48d191a4448a2e9e4958d5a1677196e0946c190e4e245d8b99da2e1c66401e7264b56b462d1a7',NULL,NULL,0,NULL,NULL,NULL,1,NULL),(3316,'2331877836138781','','2021-01-18 18:42:14','\0',NULL,0,NULL,NULL,'1991-11-30 23:00:00','Paris',NULL,'bourechache.camille@gmail.com','Camille',115,115,'BOURECHACHE','68a4fc8d8fbeb6c5281f7efe8f7a56f81930e22d114257545ef32a2ba71179ae6baa12279174490b52a24f31819038263348f488c547e484d045f3c14b0c91fc',NULL,'AVATAR_fe0a88f7.jpg',0,86,3,7,0,NULL),(3318,'2334660491795863','','2021-01-18 19:28:35','\0',NULL,0,NULL,NULL,NULL,NULL,NULL,'mane94@mail.ru','Armine',91,91,'ADAMYAN','6d9b8ad4d2fa916647b8a875f4c9d50c6225cd55a423d649d337dede6d1d492d7ef19f0adf867e3f0366a686f5f35d4ffa655534c3ed63b3e11debf2712d542c',NULL,NULL,0,NULL,NULL,NULL,0,NULL),(3320,'2338582508202597','','2021-01-18 20:33:59','\0',NULL,0,NULL,NULL,NULL,NULL,NULL,'davismaze@outlook.fr','Davis',120,120,'MAZE','0427dd5c8c88bc60aaaa7f97d25ec61dfcadb2992f71276dc03b66bf27e86b6f6d4353d78e257a6690d18e7c39fbd49cb40cb7d45a3e4342a86b5a7c873e694d',NULL,NULL,0,NULL,NULL,NULL,0,NULL),(3350,'2349774617497121','','2021-01-18 23:40:30','\0',NULL,0,NULL,NULL,NULL,NULL,NULL,'boussougouamandine95@gmail.com','Amandine',116,116,'DIBOUNG','0f54bbd829392c1b9e337e52f8c59e5390984f39ad8e33bda620e3bcb1daa11428998a15aa78760e56a8eacc42ead3af5850885a11dfabfd288620711f10db0c',NULL,NULL,0,NULL,NULL,NULL,0,NULL),(3360,'64313337735464','','2021-01-19 16:03:04','\0',NULL,0,NULL,NULL,'1899-11-29 23:50:39','Paris',NULL,'johnonetchako12@gmail.com','John-one',94,94,'TCHAKO','c42989ab511dbfb2ee29d91f37e9bbe2116163b5886190eaf26fed6f579780aaeb7b1676ef3bdd603faa3df6da4c882fa6179545b8b5612834c5f2bae4d38de3',NULL,NULL,0,86,4,7,0,NULL),(3415,'158317572393119','','2021-01-20 18:09:32','\0',NULL,0,NULL,NULL,NULL,NULL,NULL,'isbikoli@gmail.com','Ingrid',100,100,'BIKOLI','af697d514bf3694f31c67e34e9a1a11134216b00d1f82b142342b024d112a4332fddd631400f0ef9dc12240ee0e7b424170ed1aab63177170adaa11719bc661b',NULL,'avatar_ad121792.jpeg',1,NULL,NULL,NULL,0,NULL),(3486,'93514972688448','','2021-01-21 18:14:59','\0',NULL,0,NULL,NULL,NULL,NULL,NULL,'fabricekamayou@gmail.com','Fabrice',120,120,'KAMAYOU','bc8d8fff7c6f6cb18d267167f37e0b108417f1b512e301a84c456cc54d9d6d1d10d8acdc1b7d193fe45e27f0a6679d97cade1d4af626ae3fe29e1615c30c1636',NULL,NULL,0,NULL,NULL,NULL,0,NULL),(3509,'100412549631259','','2021-01-21 20:09:57','\0',NULL,0,NULL,NULL,'1994-01-02 05:00:00','Atlanta',NULL,'danychou94@gmail.com','Dany',124,124,'NGASSA','c75d363d7a8f828519a1b64605965c0fbdd423ca02a0b70e27af459a0a5d07eef5ccda5e3506d1d9384a5c9032398b77d3dfac7a290d104ce919bd0d9b7af2dd',NULL,'avatar_8acd9092.jpeg',0,80,3,5,0,'dKs1hQTFd-fkRJjHDjTL6L:APA91bFW4bRiSBzu-JhhUGNb3JNt432ZLnmI5y2XdD1hYZAWHvVteDrTSHUDSBCh9ZNkJ0Vlky_vSZ0muH0w5q2CsRZvog3QovIDU9P-H5CWs05Y-sjb8AHkoldK-X7G_wZXuJpyXFf0'),(3585,'186678198811138','','2021-01-22 20:07:42','\0',NULL,0,NULL,NULL,'1988-10-17 23:00:00','Clichy',NULL,'daniellechristelle88@yahoo.fr','Danielle',119,119,'KWEDI','c31914b202343ed3c0e7396f948caecdad3ae832286ec0c84a338f6b811ffdcd494d64666d817d71e6bc7d0079a59127b50659b4ba758121d599d65fe824e314',NULL,'AVATAR_66916630.jpg',0,86,3,5,1,NULL),(3596,'188493366160756','','2021-01-22 20:37:58','\0',NULL,0,NULL,NULL,NULL,NULL,NULL,'gillescerved@gmail.com','Gilles',96,96,'HAPAWA','cd2ee677afe32d968a0d2b07084e018e27d600fe83382ef03ad1fe805ab5e7232515d25bed6a3ae5e90cd350956515631c28003f9b263809d1c0d20233522f19',NULL,NULL,0,NULL,NULL,NULL,0,NULL),(3598,'189965183683085','','2021-01-22 21:02:30','\0',NULL,0,NULL,NULL,'1986-06-25 22:00:00','Montreuil',NULL,'stmartinking@live.fr','Saint martin',100,100,'EBELE TOBBO','526f52d4c84c539e40f7193aa81a087767437db42a657efecbb761aeff8e4d1ab67dbcc89166700d9824a9fe5ca6ab27db7cb5007f920a2f8327e9107888cb48',NULL,'AVATAR_124c3385.png',0,86,4,7,0,NULL),(3604,'192881207367069','','2021-01-22 21:51:05','\0',NULL,0,NULL,NULL,NULL,NULL,NULL,'clkoloko@yahoo.fr','Claude ',99,99,'KOLOKO','49f9607fdbbeba8ec9a455cc4f4161aa19128ab2c87d85f28c06b4aecaeb620ab51be6dea432fd72fe0406b3cf21206895d3e2a806c78095e15f3cf8110e807e',NULL,NULL,0,NULL,NULL,NULL,0,NULL),(3634,'242339285519355','','2021-01-23 11:35:26','\0',NULL,0,NULL,NULL,NULL,NULL,NULL,'ndjelewande@yahoo.fr','Christian ',100,100,'WANDE','ff51c2e142365b00fde1b97a1ff0bc2669ff544499efac2c13a0bb0494602b5baf809665c1af5aa39efce0ac1e9f452bdb53d77206f0a64f363767c7a9f19e46',NULL,NULL,0,NULL,NULL,NULL,0,NULL),(3791,'644642381353689','','2021-02-02 22:28:32','\0',NULL,0,NULL,NULL,'1990-05-03 23:00:00','Yaounde',NULL,'cebo1cie@gmail.com','Cedric',119,119,'EBOBISSE','69a67a3548ce9f63931e34bb4bd091e86f3cac0c863d0c80cc8176e1caaec4c19bcebbfb250f634dffc08eb3354b69b4d8a4817363afb46394d409d12fe879ce',NULL,'AVATAR_76b4bdeb.jpg',0,48,4,7,0,NULL),(3898,'703034121045111','','2021-02-03 14:41:44','\0',NULL,0,NULL,NULL,'1990-10-28 23:00:00','Les pennes mirabeau',NULL,'simon.lamas@orange.fr','Simon',114,114,'LAMAS','3e2fa0346a9d0b01db466f89b71788f7932a7c7c2193d3cec02ee75a839da07a523b3800ba71e5eb55d87399dfe11395615c093779181f48d80a4c458e3272b0',NULL,NULL,0,86,4,7,0,NULL),(3912,'789390649210260','','2021-02-04 14:41:00','\0',NULL,0,NULL,NULL,'1988-08-10 00:00:00','',NULL,'nmkgrace@gmail.com','Grâce',124,124,'NSOTA','f26b9395d0d3793e854797ec6cf004ef5cb38a94531a34eb92e534eadfbe6beb84f60beb00c3c84977c005dbe0d6c94f58df8a0c87915348bf01a919311b4e79',NULL,'avatar_44d4c2a.jpg',4,86,3,7,1,NULL),(3957,'853638458043850','','2021-02-05 08:31:48','\0',NULL,0,NULL,NULL,'1899-11-29 23:50:39','Paris ',NULL,'mercia.mahoungou@gmail.com','Mercia ',119,119,'KIMBOUALA','47ec3dfcb64bd29e4bd8c03e0c4be253db8fbfab867949c2322da256f686c61b5bfdebc9f8b29ab63529788c9c4aa1608db81e588afcf600def566eec2d3e202',NULL,NULL,0,86,3,7,1,NULL),(3959,'865550129776678','','2021-02-05 11:50:20','\0',NULL,0,NULL,NULL,'1993-05-23 22:00:00','Colombes ',NULL,'mandyliiss@hotmail.fr','Mandy',112,112,'EBH','d6891dbfb0e8cba409fdfa43c57106d75120d7bd456d5c5e40fd67d7ae0031cc4ca7ae218f2cd782b6f10bcdbfec1164b5904d37dd28e9bc5b6f2192c29bac79',NULL,NULL,0,86,3,7,0,NULL),(3981,'964324473375230','','2021-02-06 15:16:34','\0',NULL,0,NULL,NULL,'1988-03-12 23:00:00','Paris',NULL,'amenophis.sanagari@gmail.com','Sanagari',105,105,'AMENOPHIS','76a46cd877b6c5098af8226d206f4b5e26e47ea394ec74954412c9fb3407bffe4ee218bc0d38d7b7f0df552471cdd8de50baa49e7f9befa8aef815fcc0738a2b',NULL,NULL,0,86,4,7,0,NULL),(3989,'981385822019326','','2021-02-06 20:00:55','\0',NULL,0,NULL,NULL,NULL,NULL,NULL,'parfait.okito88@gmail.com','Parfait',107,107,'OKITO','f0ad8a1af13acd7da17745f35b589cf2970c4f92b11995bdb981455a68bb795fce7d1914d18171e8ff82ded3d0f9c4759a9080cac3d71220a9dbb645993ae465',NULL,NULL,0,NULL,NULL,NULL,0,NULL),(3990,'981672067151079','','2021-02-06 20:05:42','\0',NULL,0,NULL,NULL,'1990-01-27 23:00:00','Dijon',NULL,'toms.h@orange.fr','Thomas',107,107,'HUOT','d947ae439f07b655730c021fab2bbd52a5a7b0755de9dddaf5fb3f48165cc42fb8aec7dd61026a0327dcab609378deff92ac175f3cbcb2cbd7c008446a011597',NULL,NULL,0,86,4,7,0,NULL),(3994,'991204316088088','','2021-02-06 22:44:34','\0',NULL,0,NULL,NULL,'1994-01-03 23:00:00','Fontenay aux roses',NULL,'evina.ursule@yahoo.fr','Ursule',117,117,'EVINA','0cc2cbdba420879fae22fe81e45c12e854002fcf38c4dbc612503001a5eede95909be094d1f67ba59cf0a9ab956eaa881a05c2b7b4cb8ee938a9ffafcabff7c6',NULL,'AVATAR_63f9eb0e.jpg',0,86,NULL,7,0,NULL),(3996,'996908915350531','','2021-02-07 00:19:38','\0',NULL,0,NULL,NULL,NULL,NULL,NULL,'l_hedwige@hotmail.com','Hedwige',109,109,'LATZOO','d6c3442f64ea2beba49727b639eb0e3de5fd75ea314f4b34cac45eee813e6c32d91fb400fdffe9e5d65fe9b1ee95e6a50b6969e80f781db9dcafad0b7256d861',NULL,NULL,0,NULL,NULL,NULL,0,NULL),(3998,'1062076787303096','','2021-02-07 18:25:46','\0',NULL,0,NULL,NULL,NULL,NULL,NULL,'jeromerehioui@yahoo.fr','Jérôme',110,110,'REHIOUI','79b3df2f8b597c82ca5390148eaeb548315c637573d5df3fc6757dd9c7d63e0f5b67e13a7f9cd2f3deb454bd6301d04877da00624f4d59cea3d5f90dd9ee3e0c',NULL,NULL,0,NULL,NULL,NULL,0,NULL),(4031,'1383975595644614','','2021-02-11 11:50:45','\0',NULL,0,NULL,NULL,NULL,NULL,NULL,'cyrille.moffo@gmail.com','Cyrille',120,120,'MOFFO','d1af7b21342308138d4e3c69a09e730b9a69953d356bda5337f483989bd89990666e692178d3a52b20f4e510cdc650616930eee4883fd57e632e43b9970103dd',NULL,'avatar_47fd1e13.png',1,NULL,NULL,NULL,0,NULL),(4045,'1390575752632477','','2021-02-11 13:40:45','\0',NULL,0,NULL,NULL,'1899-11-29 23:00:00','Paris',NULL,'melissambeusseune@icloud.com','Melissa',122,122,'MBEUSSEUNE','5f7cfc4f1ebbea44679b1caba8272eea06f1da52a539fd9125dc3d99b818b6d649cd43d9dbacd91bdbcf161bdbe8f616c2d8bab90248b4719eba3d406ec8d3ec',NULL,'AVATAR_eaed1cc6.jpeg',0,86,3,7,1,NULL),(4062,'1401233448563935','','2021-02-11 16:38:23','\0',NULL,0,NULL,NULL,NULL,'Argenteuil ',NULL,'nasmaou@yahoo.fr','Asmaou',119,119,'NANA','7cb4d5eb009b81bf975bf24ebb45d14ccbf8cc95cd58c2d40c8ff32b0fe2fad107483d55f0a485682a50e1c3e66046ed1a89a95e616a5657fb0abc457334d7ec',NULL,'AVATAR_2da946ed.jpeg',0,86,3,7,1,NULL),(4068,'1409859590772374','','2021-02-11 19:02:09','\0',NULL,0,NULL,NULL,NULL,NULL,NULL,'criola93800@gmail.com','Carrine',114,114,'GOMES','68d2f93b3afa1ab93f0cbf1bcba0ceaedc4d36b7f9f324db9076462bf88027eadf1c746f91b7118e39c9a2842e4ae5efb39b4d6e2ea7f6fb203104133c455301',NULL,NULL,0,NULL,NULL,NULL,0,NULL),(4130,'1583813210768021','','2021-02-13 19:21:23','\0',NULL,0,NULL,NULL,NULL,NULL,NULL,'tchatch_kevin@hotmail.com','Kevin',124,124,'MONTOIS','11fe98819cc586d32a516496a198760f701dc5ebfc026757ba343b11b7e917786949ec1ba79432c3327bade7154827f4551eb17ee3d5fb09cf99f979916f0e10',NULL,NULL,0,NULL,NULL,NULL,1,NULL),(4235,'1847710193891290','','2021-02-16 20:39:40','\0',NULL,0,NULL,NULL,NULL,NULL,NULL,'redaahamed7@gmail.com','Reda',117,117,'AHAMED','a7febc8def12e8066f350d8723fce51ad11477ce4adbcbe89fb4c41510369c858f148a0983066e5ce708bc01065847cbb359683364f577c8dd3f2ce544f7c90d',NULL,NULL,0,NULL,NULL,NULL,0,NULL),(4276,'2194855072144292','','2021-02-20 21:05:25','\0',NULL,0,NULL,NULL,NULL,NULL,NULL,'valentinmoisson@gmail.com','Valentin',120,120,'MOISSON','63e2e7eb488aac1146dc1e13c8a70ccf53f903e3b987007065758276ffa845119bff5398e61c284a45654f9db0ddad7f91bf5acb14bbc365e8d849d3ce732bc2',NULL,NULL,0,NULL,NULL,NULL,1,NULL),(4278,'2194924334315115','','2021-02-20 21:06:34','\0',NULL,0,NULL,NULL,NULL,NULL,NULL,'a.wright@ac-deco.com','Alison',120,120,'JUINA TAFFOU','f545bb50f5bfe76fe9c99d94ce25b8f03827a630793715fda6de17a5cfa1c5bdd424926ffda6d5505d4c85d40d772ab39301f25c1398bf04c6654e5d7b07e89e',NULL,NULL,0,NULL,NULL,NULL,1,NULL),(4279,'2195058120498389','','2021-02-20 21:08:48','\0',NULL,0,NULL,NULL,NULL,NULL,NULL,'tclaude77@hotmail.com','Claude',119,119,'TAFFOU','a3990ffea922699943f7d269d854e401a5ff44b308476802c56fc601c7b25b22ef8462a05666ec9fce7d840fc7415bb56ae4c54b9ba93b22aa94c2f9e0ee62f9',NULL,NULL,0,NULL,NULL,NULL,0,NULL),(4748,'2265645219722648','','2021-02-21 16:45:15','\0',NULL,0,NULL,NULL,'1980-07-18 22:00:00','Gellainville 28630',NULL,'lucwind@hotmail.com','Lucien',120,120,'WIND','ea49b1d4c9db58d15e451aa03805ea53a311de75d8630ea0519e57b0f0cfe5e8c4503fcff74e158c803f5aa498076e9a301c85b195ba2f7c1b3c0ca12d6b925d',NULL,NULL,0,86,4,7,1,NULL),(4756,'2268864640078089','','2021-02-21 17:38:54','\0',NULL,0,NULL,NULL,'1987-02-25 23:00:00','Paris ',NULL,'yvesalain.nsioue@gmail.com','Yves alain',121,121,' SIEWE','a228e80f631a57f050225798279c1326b42178d398cbd9748b6426e4b639ffc237905a6a82128aa1ed839f9a318b9a781732cdae9ab2409ecf616d21419036e1',NULL,'AVATAR_4aaab46d.jpg',0,86,4,7,1,NULL),(4769,'2271879460143688','','2021-02-21 18:29:09','\0',NULL,0,NULL,NULL,'1899-11-29 23:50:39','St-cloud',NULL,'landrylatta@gmail.com','Félix',123,123,'LATTA','a03d8583e682740eab0f093270e6540f0541d250ca2ecea36516c0ea57e73ce16e6c0b7b1ad5f57aff609734927c044fd247ff95b640a33d701151d95ad04e1c',NULL,'AVATAR_b937662a.jpg',0,86,NULL,7,1,NULL),(4873,'2273963721986796','','2021-02-21 19:03:53','\0',NULL,0,NULL,NULL,'1985-09-08 22:00:00','Saint cloud',NULL,'leboumbou85@gmail.com','Leatitia',124,124,'EBOUMBOU','c94d87fda056462c064d250e987d3f5b053577d634890c4b88d429398529c80c2577b1c9902f8749194a0ec6241c88e8b7d1a80ed34ae5d6fc0c398e26c94bc7',NULL,'avatar_4905dab6.jpg',0,86,3,7,1,NULL),(4916,'2322482476931143','','2021-02-22 08:32:32','\0',NULL,0,NULL,NULL,'1989-05-28 22:00:00','Saint-ouen',NULL,'regis.kouaka@gmail.com','Régis',124,124,'KOUAKA','3ad30e07c133c61cb569bc8b878380d4f010d291d3c18c95ec09e257f941af67d04213fb559c573a37fead7403c8153ffd4e35ccc176abffd4f3b148ca1da9bb',NULL,NULL,0,86,4,7,1,NULL);
/*!40000 ALTER TABLE `account` ENABLE KEYS */;
UNLOCK TABLES;

--
-- Table structure for table `activity_area`
--

DROP TABLE IF EXISTS `activity_area`;
/*!40101 SET @saved_cs_client     = @@character_set_client */;
/*!40101 SET character_set_client = utf8 */;
CREATE TABLE `activity_area` (
  `id` int(11) NOT NULL,
  `id_server` varchar(255) NOT NULL,
  `description` varchar(255) DEFAULT NULL,
  `label` varchar(255) NOT NULL,
  `specified` tinyint(1) DEFAULT 0,
  PRIMARY KEY (`id`),
  UNIQUE KEY `UK_8kp9xgj172mu3tjwkq340if7x` (`id_server`)
) ENGINE=InnoDB DEFAULT CHARSET=utf8;
/*!40101 SET character_set_client = @saved_cs_client */;

--
-- Dumping data for table `activity_area`
--

LOCK TABLES `activity_area` WRITE;
/*!40000 ALTER TABLE `activity_area` DISABLE KEYS */;
INSERT INTO `activity_area` VALUES (734,'106065088539600','Administratif','Administratif',0),(735,'106065089547500','Aéronautique','Aéronautique',0),(736,'106065090395600','Agriculture','Agriculture',0),(737,'106065091150500','Agroalimentaire','Agroalimentaire',0),(738,'106065091872100','Architecte – BTP – Urbanisme','Architecte – BTP – Urbanisme',0),(739,'106065092578300','Armée – Défense','Armée – Défense',0),(740,'106065093341900','Art','Art',0),(741,'106065094167400','Artisanat','Artisanat',0),(742,'106065095038900','Assurance','Assurance',0),(743,'106065095871300','Audiovisuel – Cinéma','Audiovisuel – Cinéma',0),(744,'106065096653100','Automobile','Automobile',0),(745,'106065097484700','Banque-Finance','Banque-Finance',0),(746,'106065098251600','Chimie – Biologie','Chimie – Biologie',0),(747,'106065098972200','Commerce – Vente – Distribution','Commerce – Vente – Distribution',0),(748,'106065099689500','Communication','Communication',0),(749,'106065100837600','Comptabilité – Gestion','Comptabilité – Gestion',0),(750,'106065101724600','Création','Création',0),(751,'106065102459800','Culture','Culture',0),(752,'106065103298000','Droit – Juridique – Justice','Droit – Juridique – Justice',0),(753,'106065104314100','Économie','Économie',0),(754,'106065105063400','Edition et Métier du livre','Edition et Métier du livre',0),(755,'106065106826900','Énergie','Énergie',0),(756,'106065107655500','Enseignement','Enseignement',0),(757,'106065108479900','Environnement – Développement durable','Environnement – Développement durable',0),(758,'106065109220300','Esthétique – Beauté – Coiffure','Esthétique – Beauté – Coiffure',0),(759,'106065110059100','Évènementiel','Évènementiel',0),(760,'106065110818700','Fonction public – Management public','Fonction public – Management public',0),(761,'106065111533900','Hôtellerie – restauration','Hôtellerie – restauration',0),(762,'106065112282900','Humanitaire','Humanitaire',0),(763,'106065113051400','Immobilier','Immobilier',0),(764,'106065113914800','Industrie','Industrie',0),(765,'106065114743800','Informatique – Électronique – Numérique','Informatique – Électronique – Numérique',0),(766,'106065115576900','Internet – Web','Internet – Web',0),(767,'106065116389200','Jeux vidéo – Esport – Gaming','Jeux vidéo – Esport – Gaming',0),(768,'106065117344500','Journalisme','Journalisme',0),(769,'106065118153200','Luxe','Luxe',0),(770,'106065119000100','Métiers Animaliers','Métiers Animaliers',0),(771,'106065119745600','Mode – Textile','Mode – Textile',0),(772,'106065120589700','Musique','Musique',0),(773,'106065121370300','Paramédical','Paramédical',0),(774,'106065122137500','Psychologie','Psychologie',0),(775,'106065122957400','Publicité – Marketing','Publicité – Marketing',0),(776,'106065124095200','Ressources Humaines','Ressources Humaines',0),(777,'106065124988400','Santé','Santé',0),(778,'106065125752800','Secrétariat – Assistance','Secrétariat – Assistance',0),(779,'106065126460200','Sécurité','Sécurité',0),(780,'106065127108700','Social','Social',0),(781,'106065127833500','Sport','Sport',0),(782,'106065128594800','Tourisme','Tourisme',0),(783,'106065129387500','Transport - Logistique','Transport - Logistique',0),(784,'106065130134200','Autres (à préciser manuellement)','Autres (à préciser manuellement)',1);
/*!40000 ALTER TABLE `activity_area` ENABLE KEYS */;
UNLOCK TABLES;

--
-- Table structure for table `activity_sector`
--

DROP TABLE IF EXISTS `activity_sector`;
/*!40101 SET @saved_cs_client     = @@character_set_client */;
/*!40101 SET character_set_client = utf8 */;
CREATE TABLE `activity_sector` (
  `id` int(11) NOT NULL,
  `id_server` varchar(255) NOT NULL,
  `description` varchar(255) DEFAULT NULL,
  `label` varchar(255) NOT NULL,
  `specified` tinyint(1) DEFAULT 0,
  PRIMARY KEY (`id`),
  UNIQUE KEY `UK_g3clcptstkdfkbdsa9s5pxatc` (`id_server`)
) ENGINE=InnoDB DEFAULT CHARSET=utf8;
/*!40101 SET character_set_client = @saved_cs_client */;

--
-- Dumping data for table `activity_sector`
--

LOCK TABLES `activity_sector` WRITE;
/*!40000 ALTER TABLE `activity_sector` DISABLE KEYS */;
INSERT INTO `activity_sector` VALUES (1367,'93177516710500','Administration – Établissements publics','Administration – Établissements publics',0),(1368,'93177517634600','Agriculture – Agroalimentaire','Agriculture – Agroalimentaire',0),(1369,'93177519180200','Architecture – Urbanisme','Architecture – Urbanisme',0),(1370,'93177520130300','Art','Art',0),(1371,'93177520934200','Artisanat','Artisanat',0),(1372,'93177521755800','Association – Humanitaire','Association – Humanitaire',0),(1373,'93177522513300','Audiovisuel – cinéma','Audiovisuel – cinéma',0),(1374,'93177523349700','Banque – Finance – Assurance','Banque – Finance – Assurance',0),(1375,'93177524216100','Automobile – Aéronautiques – Autres Matériel de Transport','Automobile – Aéronautiques – Autres Matériel de Transport',0),(1376,'93177525107800','BTP – Construction','BTP – Construction',0),(1377,'93177525874100','Commerce – Vente – Distribution – E-commerce','Commerce – Vente – Distribution – E-commerce',0),(1378,'93177526660500','Conseil – Gestion des entreprises','Conseil – Gestion des entreprises',0),(1379,'93177527474900','Chimie – Biologie','Chimie – Biologie',0),(1380,'93177528240100','Comptabilité – Audit – Gestion','Comptabilité – Audit – Gestion',0),(1381,'93177529010400','Culture','Culture',0),(1382,'93177530058200','Droit – Justice','Droit – Justice',0),(1383,'93177530946500','Eau – Énergie – Minerais','Eau – Énergie – Minerais',0),(1384,'93177531799400','Edition – Métiers du Livre','Edition – Métiers du Livre',0),(1385,'93177532721300','Environnement – Développement durable','Environnement – Développement durable',0),(1386,'93177533612800','Enseignement – Éducation – Formation','Enseignement – Éducation – Formation',0),(1387,'93177534494600','Esthétique – Beauté – Coiffure','Esthétique – Beauté – Coiffure',0),(1388,'93177536878900','Évènementiel','Évènementiel',0),(1389,'93177537749600','Informatique – Électronique – Numérique','Informatique – Électronique – Numérique',0),(1390,'93177538666600','Industrie – Manufactures','Industrie – Manufactures',0),(1391,'93177539555200','Immobilier','Immobilier',0),(1392,'93177540431200','Internet','Internet',0),(1393,'93177541241900','Marketing – Communication','Marketing – Communication',0),(1394,'93177542019000','Métiers animaliers','Métiers animaliers',0),(1395,'93177542835400','Mode – Textile','Mode – Textile',0),(1396,'93177543552600','Ressources Humaines','Ressources Humaines',0),(1397,'93177544289000','Restauration – Hôtellerie','Restauration – Hôtellerie',0),(1398,'93177545117100','Loisirs','Loisirs',0),(1399,'93177545941300','Luxe','Luxe',0),(1400,'93177546786600','Services divers aux entreprises','Services divers aux entreprises',0),(1401,'93177547651900','Santé – Service à la personne','Santé – Service à la personne',0),(1402,'93177548486200','Sociale','Sociale',0),(1403,'93177549364700','Sport','Sport',0),(1404,'93177550156700','Télécommunication','Télécommunication',0),(1405,'93177550927100','Transports – Logistique','Transports – Logistique',0),(1406,'93177552251600','Tourisme','Tourisme',0),(1407,'93177553156700','Autres (à préciser manuellement)','Autres (à préciser manuellement)',1);
/*!40000 ALTER TABLE `activity_sector` ENABLE KEYS */;
UNLOCK TABLES;


--
-- Table structure for table `conversation`
--

DROP TABLE IF EXISTS `conversation`;
/*!40101 SET @saved_cs_client     = @@character_set_client */;
/*!40101 SET character_set_client = utf8 */;
CREATE TABLE `conversation` (
  `id` int(11) NOT NULL,
  `id_server` varchar(255) NOT NULL,
  `active` bit(1) DEFAULT NULL,
  `created_at` datetime NOT NULL,
  `deleted` bit(1) DEFAULT NULL,
  `modified_at` datetime DEFAULT NULL,
  `revision` bigint(20) DEFAULT NULL,
  `name` varchar(255) NOT NULL,
  PRIMARY KEY (`id`),
  UNIQUE KEY `UK_6yy8c1jy28uxn6ns8v9lkac8r` (`id_server`)
) ENGINE=InnoDB DEFAULT CHARSET=utf8;
/*!40101 SET character_set_client = @saved_cs_client */;

--
-- Dumping data for table `conversation`
--

LOCK TABLES `conversation` WRITE;
/*!40000 ALTER TABLE `conversation` DISABLE KEYS */;
INSERT INTO `conversation` VALUES (2850,'1130832663680067665637080700','','2021-01-08 09:25:26','\0',NULL,0,'simpleChat'),(2856,'113083266368001732808833502544','','2021-01-08 09:30:49','\0',NULL,0,'simpleChat'),(2872,'11308326636800751374635565057','','2021-01-08 18:10:32','\0',NULL,0,'simpleChat'),(2907,'1046757947680485751374635565057','','2021-01-08 21:58:17','\0',NULL,0,'simpleChat'),(2916,'1521875493768376751374635565057','','2021-01-09 10:37:53','\0',NULL,0,'simpleChat'),(2982,'2015655611077909751374635565057','','2021-01-09 21:59:22','\0',NULL,0,'simpleChat'),(3012,'1571460069202339751374635565057','','2021-01-09 23:35:32','\0',NULL,0,'simpleChat'),(3014,'16802074447645881756432018338317','','2021-01-09 23:38:04','\0',NULL,0,'simpleChat'),(3016,'1680207444764588751374635565057','','2021-01-09 23:38:30','\0',NULL,0,'simpleChat'),(3021,'3303565585062102751374635565057','','2021-01-09 23:48:36','\0',NULL,0,'simpleChat'),(3026,'1772867928834975751374635565057','','2021-01-09 23:51:25','\0',NULL,0,'simpleChat'),(3028,'2719699216499891751374635565057','','2021-01-09 23:52:49','\0',NULL,0,'simpleChat'),(3030,'3497335591211192751374635565057','','2021-01-09 23:53:34','\0',NULL,0,'simpleChat'),(3057,'2028738002492927751374635565057','','2021-01-10 20:34:31','\0',NULL,0,'simpleChat'),(3064,'751374635565057','','2021-01-11 08:32:29','\0',NULL,0,'simpleChat'),(3094,'1713293633678685751374635565057','','2021-01-11 18:19:30','\0',NULL,0,'simpleChat'),(3157,'2101340213446373751335605066813','','2021-01-13 15:47:04','\0',NULL,0,'simpleChat'),(3230,'2073351999173312751374635565057','','2021-01-15 19:18:32','\0',NULL,0,'simpleChat'),(3313,'1129246675252463751374635565057','','2021-01-18 13:43:41','\0',NULL,0,'simpleChat'),(3407,'751335605066813751374635565057','','2021-01-20 15:42:02','\0',NULL,0,'simpleChat'),(3409,'2101340213446373751374635565057','','2021-01-20 15:47:59','\0',NULL,0,'simpleChat'),(3562,'100412549631259751374635565057','','2021-01-22 01:08:37','\0',NULL,0,'simpleChat'),(3713,'100412549631259751335605066813','','2021-01-28 05:24:55','\0',NULL,0,'simpleChat'),(3717,'1316315102815761747813413788866','','2021-01-28 18:21:11','\0',NULL,0,'simpleChat'),(3777,'1864294883818081751374635565057','','2021-02-01 09:45:13','\0',NULL,0,'simpleChat'),(3835,'751374635565057754662929262616','','2021-02-03 11:34:12','\0',NULL,0,'simpleChat'),(3887,'1654070575767483751374635565057','','2021-02-03 14:06:19','\0',NULL,0,'simpleChat'),(3923,'751374635565057789390649210260','','2021-02-04 14:51:35','\0',NULL,0,'simpleChat'),(4115,'1383975595644614751374635565057','','2021-02-12 18:30:49','\0',NULL,0,'simpleChat'),(4121,'1932324887625073751374635565057','','2021-02-12 22:01:03','\0',NULL,0,'simpleChat');
/*!40000 ALTER TABLE `conversation` ENABLE KEYS */;
UNLOCK TABLES;

--
-- Table structure for table `country`
--

DROP TABLE IF EXISTS `country`;
/*!40101 SET @saved_cs_client     = @@character_set_client */;
/*!40101 SET character_set_client = utf8 */;
CREATE TABLE `country` (
  `id` int(11) NOT NULL,
  `id_server` varchar(255) NOT NULL,
  `label` varchar(255) NOT NULL,
  PRIMARY KEY (`id`),
  UNIQUE KEY `UK_bs66m8npqqbrydipm9k2ko187` (`id_server`)
) ENGINE=InnoDB DEFAULT CHARSET=utf8;
/*!40101 SET character_set_client = @saved_cs_client */;

--
-- Dumping data for table `country`
--

LOCK TABLES `country` WRITE;
/*!40000 ALTER TABLE `country` DISABLE KEYS */;
INSERT INTO `country` VALUES (8,'11609659966800','Afghanistan'),(9,'11609661120100','Afrique du sud'),(10,'11609661888700','Îles åland'),(11,'11609662594000','Albanie'),(12,'11609663338700','Algérie'),(13,'11609664117900','Allemagne'),(14,'11609664984200','Andorre'),(15,'11609665820000','Angola'),(16,'11609666623100','Anguilla'),(17,'11609667521000','Antarctique'),(18,'11609668436400','Antigua-et-barbuda'),(19,'11609669269600','Arabie saoudite'),(20,'11609670134100','Argentine'),(21,'11609670954400','Arménie'),(22,'11609671690100','Aruba'),(23,'11609672697800','Australie'),(24,'11609673518400','Autriche'),(25,'11609674260800','Azerbaïdjan'),(26,'11609675209000','Bahamas'),(27,'11609676013200','Bahreïn'),(28,'11609676937700','Bangladesh'),(29,'11609678788700','Barbade'),(30,'11609679488000','Biélorussie'),(31,'11609680165700','Belgique'),(32,'11609680925800','Belize'),(33,'11609681673800','Bénin'),(34,'11609682371100','Bermudes'),(35,'11609683043000','Bhoutan'),(36,'11609683767100','Bolivie'),(37,'11609684436800','Pays-bas caribéens'),(38,'11609685109100','Bosnie-herzégovine'),(39,'11609685838700','Botswana'),(40,'11609686502300','Île bouvet'),(41,'11609687205900','Brésil'),(42,'11609688027700','Brunei'),(43,'11609689087600','Bulgarie'),(44,'11609689979700','Burkina faso'),(45,'11609690725600','Burundi'),(46,'11609691428800','Îles caïmans'),(47,'11609692172700','Cambodge'),(48,'11609692905700','Cameroun'),(49,'11609694005700','Canada'),(50,'11609695260600','Cap-vert'),(51,'11609696127000','République centrafricaine'),(52,'11609696837500','Chili'),(53,'11609697526300','Chine'),(54,'11609698290600','Île christmas'),(55,'11609699184300','Chypre (pays)'),(56,'11609699970000','Îles cocos'),(57,'11609700788300','Colombie'),(58,'11609701490900','Comores (pays)'),(59,'11609702201800','République du congo'),(60,'11609702869200','République démocratique du congo'),(61,'11609703516400','Îles cook'),(62,'11609704167400','Corée du sud'),(63,'11609704943700','Corée du nord'),(64,'11609705746600','Costa rica'),(65,'11609706462900','Côte d\'ivoire'),(66,'11609707196500','Croatie'),(67,'11609708092000','Cuba'),(68,'11609708993700','Curaçao'),(69,'11609709837200','Danemark'),(70,'11609711079900','Djibouti'),(71,'11609712226000','République dominicaine'),(72,'11609713120500','Dominique'),(73,'11609714047100','Égypte'),(74,'11609714824500','Salvador'),(75,'11609715602200','Émirats arabes unis'),(76,'11609716312000','Équateur (pays)'),(77,'11609716999800','Érythrée'),(78,'11609717690500','Espagne'),(79,'11609718400700','Estonie'),(80,'11609719122900','États-unis'),(81,'11609719862000','Éthiopie'),(82,'11609720700900','Malouines'),(83,'11609721486600','Îles féroé'),(84,'11609722256600','Fidji'),(85,'11609723003000','Finlande'),(86,'11609723854600','France'),(87,'11609724741200','Gabon'),(88,'11609725496300','Gambie'),(89,'11609726301000','Géorgie (pays)'),(90,'11609727512800','Géorgie du sud-et-les îles sandwich du sud'),(91,'11609728382500','Ghana'),(92,'11609729282700','Gibraltar'),(93,'11609730190900','Grèce'),(94,'11609730895700','Grenade (pays)'),(95,'11609731719600','Groenland'),(96,'11609732460200','Guadeloupe'),(97,'11609733166400','Guam'),(98,'11609733810200','Guatemala'),(99,'11609734450000','Guernesey'),(100,'11609735187100','Guinée'),(101,'11609735920800','Guinée-bissau'),(102,'11609736641300','Guinée équatoriale'),(103,'11609737358100','Guyana'),(104,'11609738138300','Guyane'),(105,'11609738918400','Haïti'),(106,'11609739621700','Îles heard-et-macdonald'),(107,'11609740303200','Honduras'),(108,'11610051475100','Hong kong'),(109,'11610052191900','Hongrie'),(110,'11610052831600','Île de man'),(111,'11610053582300','Îles mineures éloignées des états-unis'),(112,'11610054289400','Îles vierges britanniques'),(113,'11610055228300','Îles vierges des états-unis'),(114,'11610056198900','Inde'),(115,'11610057193700','Indonésie'),(116,'11610058240000','Iran'),(117,'11610059087600','Irak'),(118,'11610060336300','Irlande (pays)'),(119,'11610061934100','Islande'),(120,'11610067169100','Israël'),(121,'11610068382100','Italie'),(122,'11610069522100','Jamaïque'),(123,'11610070712400','Japon'),(124,'11610071723800','Jersey'),(125,'11610072908000','Jordanie'),(126,'11610074294100','Kazakhstan'),(127,'11610075307300','Kenya'),(128,'11610076093000','Kirghizistan'),(129,'11610077966600','Kiribati'),(130,'11610079019100','Koweït'),(131,'11610079830800','Laos'),(132,'11610080676500','Lesotho'),(133,'11610081915400','Lettonie'),(134,'11610083178300','Liban'),(135,'11610085907800','Liberia'),(136,'11610087123000','Libye'),(137,'11610088113000','Liechtenstein'),(138,'11610089122600','Lituanie'),(139,'11610090043400','Luxembourg (pays)'),(140,'11610090850100','Macao'),(141,'11610091628500','Macédoine du nord'),(142,'11610092571200','Madagascar'),(143,'11610095200100','Malaisie'),(144,'11610096264000','Malawi'),(145,'11610097540600','Maldives'),(146,'11610098626800','Mali'),(147,'11610099417300','Malte'),(148,'11610100149200','Îles mariannes du nord'),(149,'11610100916300','Maroc'),(150,'11610101757200','Îles marshall (pays)'),(151,'11610102569400','Martinique'),(152,'11610103413900','Maurice (pays)'),(153,'11610104255300','Mauritanie'),(154,'11610105421500','Mayotte'),(155,'11610106527900','Mexique'),(156,'11610107504200','États fédérés de micronésie (pays)'),(157,'11610108660600','Moldavie'),(158,'11610109782800','Monaco'),(159,'11610112031500','Mongolie'),(160,'11610112778100','Monténégro'),(161,'11610113503800','Montserrat'),(162,'11610114277500','Mozambique'),(163,'11610115332600','Birmanie'),(164,'11610116391800','Namibie'),(165,'11610117391400','Nauru'),(166,'11610118541300','Népal'),(167,'11610119521100','Nicaragua'),(168,'11610120898100','Niger'),(169,'11610122187700','Nigeria'),(170,'11610123075500','Niue'),(171,'11610124333500','Île norfolk'),(172,'11610125333500','Norvège'),(173,'11610126332300','Nouvelle-calédonie'),(174,'11610129713800','Nouvelle-zélande'),(175,'11610130876100','Territoire britannique de l\'océan indien'),(176,'11610131863900','Oman'),(177,'11610132852700','Ouganda'),(178,'11610134430100','Ouzbékistan'),(179,'11610135441000','Pakistan'),(180,'11610136377300','Palaos'),(181,'11610137355200','Palestine'),(182,'11610138205300','Panama'),(183,'11610138968000','Papouasie-nouvelle-guinée'),(184,'11610139628700','Paraguay'),(185,'11610140245300','Pays-bas'),(186,'11610141082500','Pérou'),(187,'11610142213000','Philippines'),(188,'11610143874500','Îles pitcairn'),(189,'11610145832500','Pologne'),(190,'11610146907400','Polynésie française'),(191,'11610147959500','Porto rico'),(192,'11610149190300','Portugal'),(193,'11610150014200','Qatar'),(194,'11610150843200','La réunion'),(195,'11610151722000','Roumanie'),(196,'11610152532800','Royaume-uni'),(197,'11610153510400','Russie'),(198,'11610154737000','Rwanda'),(199,'11610156201600','République arabe sahraouie démocratique'),(200,'11610158172400','Saint-barthélemy'),(201,'11610159166400','Saint-christophe-et-niévès'),(202,'11610160765700','Saint-marin'),(203,'11610162144200','Saint-martin'),(204,'11610162972400','Saint-martin'),(205,'11610163777900','Saint-pierre-et-miquelon'),(206,'11610164536700','Saint-siège (état de la cité du vatican)'),(207,'11610165440700','Saint-vincent-et-les-grenadines'),(208,'11610353977200','Sainte-hélène; ascension et tristan da cunha'),(209,'11610354966100','Sainte-lucie'),(210,'11610355907900','Salomon'),(211,'11610357151300','Samoa'),(212,'11610358097600','Samoa américaines'),(213,'11610358771600','Sao tomé-et-principe'),(214,'11610359328500','Sénégal'),(215,'11610360417200','Serbie'),(216,'11610361430700','Seychelles'),(217,'11610362125700','Sierra leone'),(218,'11610362738500','Singapour'),(219,'11610363367300','Slovaquie'),(220,'11610364034200','Slovénie'),(221,'11610364926600','Somalie'),(222,'11610365805300','Soudan'),(223,'11610366823400','Soudan du sud'),(224,'11610367897100','Sri lanka'),(225,'11610368868200','Suède'),(226,'11610369584100','Suisse'),(227,'11610370135500','Suriname'),(228,'11610370707900','Svalbard et ile jan mayen'),(229,'11610371326200','Eswatini'),(230,'11610371977000','Syrie'),(231,'11610372633600','Tadjikistan'),(232,'11610373227400','Taïwan / (république de chine (taïwan))'),(233,'11610373856600','Tanzanie'),(234,'11610374493400','Tchad'),(235,'11610375359400','Tchéquie'),(236,'11610376171300','Terres australes et antarctiques françaises'),(237,'11610378115600','Thaïlande'),(238,'11610378889400','Timor oriental'),(239,'11610379575800','Togo'),(240,'11610380278300','Tokelau'),(241,'11610381046100','Tonga'),(242,'11610381781700','Trinité-et-tobago'),(243,'11610382508400','Tunisie'),(244,'11610383150700','Turkménistan'),(245,'11610383749200','Îles turques-et-caïques'),(246,'11610384362600','Turquie'),(247,'11610384984200','Tuvalu'),(248,'11610385592700','Ukraine'),(249,'11610386171900','Uruguay'),(250,'11610386754100','Vanuatu'),(251,'11610387398000','Venezuela'),(252,'11610388197600','Viêt nam'),(253,'11610389037500','Wallis-et-futuna'),(254,'11610389707400','Yémen'),(255,'11610390249100','Zambie'),(256,'11610390806900','Zimbabwe');
/*!40000 ALTER TABLE `country` ENABLE KEYS */;
UNLOCK TABLES;

--
-- Table structure for table `degree_obtained`
--

DROP TABLE IF EXISTS `degree_obtained`;
/*!40101 SET @saved_cs_client     = @@character_set_client */;
/*!40101 SET character_set_client = utf8 */;
CREATE TABLE `degree_obtained` (
  `id` int(11) NOT NULL,
  `id_server` varchar(255) NOT NULL,
  `active` bit(1) DEFAULT NULL,
  `created_at` datetime NOT NULL,
  `deleted` bit(1) DEFAULT NULL,
  `modified_at` datetime DEFAULT NULL,
  `revision` bigint(20) DEFAULT NULL,
  `city` varchar(255) NOT NULL,
  `current_position` bit(1) DEFAULT NULL,
  `description` varchar(255) DEFAULT NULL,
  `establishment_name` varchar(255) NOT NULL,
  `specialty` varchar(255) DEFAULT NULL,
  `account` int(11) DEFAULT NULL,
  `end_date` datetime NOT NULL,
  `start_date` datetime NOT NULL,
  `diploma` int(11) DEFAULT NULL,
  `establishment_type` int(11) DEFAULT NULL,
  `teaching_area` int(11) DEFAULT NULL,
  `another_diploma` varchar(255) DEFAULT NULL,
  `another_establishment_type` varchar(255) DEFAULT NULL,
  PRIMARY KEY (`id`),
  UNIQUE KEY `UK_it7wk6xlws8hdylq3dieky5ut` (`id_server`),
  KEY `FKfk1i6e7r5qsqj3w741eluxj48` (`diploma`),
  KEY `FKkiktrv9qgmrh2sthbfx0hkd7u` (`establishment_type`),
  KEY `FK75axn0e4e11xu6ny1kvaebh4g` (`teaching_area`),
  KEY `FK_kx2faddje0w3cixn027phkl7b` (`account`),
  CONSTRAINT `FK75axn0e4e11xu6ny1kvaebh4g` FOREIGN KEY (`teaching_area`) REFERENCES `teaching_area` (`id`),
  CONSTRAINT `FKfk1i6e7r5qsqj3w741eluxj48` FOREIGN KEY (`diploma`) REFERENCES `diploma` (`id`),
  CONSTRAINT `FKkiktrv9qgmrh2sthbfx0hkd7u` FOREIGN KEY (`establishment_type`) REFERENCES `establishment_type` (`id`)
) ENGINE=InnoDB DEFAULT CHARSET=utf8;
/*!40101 SET character_set_client = @saved_cs_client */;

--
-- Dumping data for table `degree_obtained`
--

LOCK TABLES `degree_obtained` WRITE;
/*!40000 ALTER TABLE `degree_obtained` DISABLE KEYS */;
INSERT INTO `degree_obtained` VALUES (1664,'2084232198037461','','2020-11-09 08:13:08','\0',NULL,0,'Yaoundé','\0','Management des entreprises et des projets, Développement d\'applications, Gestion industrielle, Énergétique, Gestion de la relation client, Gestion de la chaîne logistique','Ecole nationale supérieure polytechnique ','Génie Industriel',673,'2016-10-04 23:00:00','2010-09-19 23:00:00',1127,728,NULL,NULL,NULL),(1688,'1652319439789730','','2020-11-10 11:44:43','\0',NULL,0,'Semur-en-auxois','\0',NULL,'Lycée anna judic','Sciences économiques et sociales',600,'2010-06-29 22:00:00','2007-09-02 22:00:00',1107,722,NULL,NULL,NULL),(1693,'1652941646458971','','2020-11-10 11:55:05','\0',NULL,0,'Villetaneuse','\0',NULL,'Université de paris 13','Banque Finance et Assurance',600,'2014-10-06 22:00:00','2013-09-01 22:00:00',1127,726,NULL,NULL,NULL),(1707,'1656461006308231','','2020-11-10 12:53:44','\0',NULL,0,'Villetaneuse','\0',NULL,'Université sorbonne paris nord','Contrôle de gestion et finance de l\'entreprise',1699,'2018-05-31 22:00:00','2015-08-31 22:00:00',1124,726,NULL,NULL,NULL),(1708,'1656477589684704','','2020-11-10 12:54:01','\0',NULL,0,'Villetaneuse','\0',NULL,'Université sorbonne paris nord','Contrôle de gestion et finance de l\'entreprise',1699,'2018-05-31 22:00:00','2015-08-31 22:00:00',1124,726,NULL,NULL,NULL),(1709,'1656921919868534','','2020-11-10 13:01:25','\0',NULL,0,'Villetaneuse ','\0',NULL,'Université sorbonne paris nord','Contrôle de gestion audit organisationnel',1699,'2020-09-09 22:00:00','2018-08-31 22:00:00',1128,726,NULL,NULL,NULL),(1710,'1656929427795509','','2020-11-10 13:01:33','\0',NULL,0,'Villetaneuse ','\0',NULL,'Université sorbonne paris nord','Contrôle de gestion audit organisationnel',1699,'2020-09-09 22:00:00','2018-08-31 22:00:00',1128,726,NULL,NULL,NULL),(1738,'1733383491427106','','2020-11-11 10:15:47','\0',NULL,0,'Yaoundé','\0',NULL,'Collège jesus-marie','Les Sciences',666,'2017-06-19 22:00:00','2016-09-04 22:00:00',1106,721,NULL,NULL,NULL),(1739,'1733612115472351','','2020-11-11 10:19:36','\0',NULL,0,'Paris','\0','découvrons-nous','Business school','Management d\'Unité Opérationnelles',598,'2019-11-13 23:00:00','2017-11-14 23:00:00',1130,728,NULL,NULL,NULL),(1752,'1734410328504033','','2020-11-11 10:32:54','\0',NULL,0,'Yaoundé','\0','Technologie de l\'information et du numérique','Ecole nationale supérieure polytechnique','Génie Industriel',1727,'2008-07-09 23:00:00','2005-09-04 23:00:00',1127,728,NULL,NULL,NULL),(1788,'1736129721662743','','2020-11-11 11:01:33','\0',NULL,0,'Courbevoie','\0',NULL,'Collèges georges pompidou','Générale',1713,'2015-06-30 22:00:00','2012-12-31 23:00:00',1105,721,NULL,NULL,NULL),(1796,'1737225594921682','','2020-11-11 11:19:49','\0',NULL,0,'Courbevoie','\0','Terminale S en spécialité SVT (science et vie de la terre)','Lycée polyvalent paul lapie','Mathématiques, Physiques-Chimie, SVT',1713,'2019-07-04 22:00:00','2016-08-31 22:00:00',1106,722,NULL,NULL,NULL),(1848,'1757468563245380','','2020-11-11 16:57:12','\0',NULL,0,'Cachan','\0',NULL,'College paul bert','College',1844,'2016-06-19 22:00:00','2012-09-02 22:00:00',1105,721,NULL,NULL,NULL),(1849,'1757530696358484','','2020-11-11 16:58:14','\0',NULL,0,'Cachan','\0',NULL,'Lycée gustave eiffel ','Spe SIN',1844,'2019-06-23 22:00:00','2016-09-04 22:00:00',1111,722,NULL,NULL,NULL),(1862,'1776582244781020','','2020-11-11 22:15:46','\0',NULL,0,'Bruxelles','\0','Chimie et Science des matériaux','Ulb','Chimie',1860,'2020-09-06 22:00:00','2016-10-31 23:00:00',1127,726,NULL,NULL,NULL),(1895,'1933038724322283','','2020-11-13 17:43:22','',NULL,0,'Paris','\0',NULL,'Janson de sailly','Economie et sociale',1889,'2015-06-29 22:00:00','2010-09-09 22:00:00',1107,722,NULL,NULL,NULL),(1896,'1933173936033309','','2020-11-13 17:45:37','',NULL,0,'Paris','\0',NULL,'Pantheon-sorbonne','Gestion et stratégie des entreprises',1889,'2019-08-31 22:00:00','2015-09-01 22:00:00',1124,726,NULL,NULL,NULL),(1918,'2032126144051696','','2020-11-14 21:14:50','\0',NULL,0,'Lannion','\0',NULL,'Enssat','Génie logiciel',1903,'2018-11-06 23:00:00','2016-11-02 23:00:00',1127,728,NULL,NULL,NULL),(1946,'2102070375310983','','2020-11-15 16:40:34','\0',NULL,0,'Boston, ma','\0',NULL,'University of massachusetts boston','Relations Internationales',1943,'2017-05-15 04:00:00','2013-01-01 05:00:00',1127,726,NULL,NULL,NULL),(1971,'2143928869721086','','2020-11-16 04:18:34','\0',NULL,0,'Douala-cameroon','\0',NULL,'University of douala','Droit des Affaires',1902,'2015-08-07 04:00:00','2012-10-02 04:00:00',1124,726,NULL,NULL,NULL),(1972,'2143929766098959','','2020-11-16 04:18:35','\0',NULL,0,'Douala-cameroon','\0',NULL,'University of douala','Droit des Affaires',1902,'2015-08-07 04:00:00','2012-10-02 04:00:00',1124,726,NULL,NULL,NULL),(1977,'2156429238514776','','2020-11-16 07:46:54','\0',NULL,0,'Buea','\0','Vaste filiere enseignant la gamme complete des sujets de gestion (ressources humaine, banque et finance, comptabilite, assurance, commerce international, marketing).','Catholic university institute','Gestion des entreprises',1897,'2018-07-26 23:00:00','2014-10-05 23:00:00',1126,733,NULL,NULL,NULL),(1978,'2156430385288050','','2020-11-16 07:46:55','\0',NULL,0,'Buea','\0','Vaste filiere enseignant la gamme complete des sujets de gestion (ressources humaine, banque et finance, comptabilite, assurance, commerce international, marketing).','Catholic university institute','Gestion des entreprises',1897,'2018-07-26 23:00:00','2014-10-05 23:00:00',1126,733,NULL,NULL,NULL),(1989,'2166972361628867','','2020-11-16 10:42:37','\0',NULL,0,'Nanterre','\0',NULL,'Université paris 10','Gestion de patrimoine',1987,'2012-05-22 22:00:00','2010-08-31 22:00:00',1127,726,NULL,NULL,NULL),(2002,'2198016294440573','','2020-11-16 19:20:01','\0',NULL,0,'Ile de france','\0',NULL,'Ecole superieur de l\'immobilier','Management de l\'immobiler',1900,'2017-08-29 22:00:00','2012-09-02 22:00:00',1127,730,NULL,NULL,NULL),(2035,'2350479002256363','','2020-11-18 13:41:04','\0',NULL,0,'Douala','\0','Management logistique & Transports','Isma','MANAGEMENT LOGISTIQUE et Transports.',602,'2014-06-27 23:00:00','2013-01-31 23:00:00',1127,728,NULL,NULL,NULL),(2036,'2350479042259105','','2020-11-18 13:41:04','\0',NULL,0,'Douala','\0','Management logistique & Transports','Isma','MANAGEMENT LOGISTIQUE et Transports.',602,'2014-06-27 23:00:00','2013-01-31 23:00:00',1127,728,NULL,NULL,NULL),(2037,'2326979851774593','','2020-11-18 13:46:19','\0',NULL,0,'Yaoundé','\0','Economie ','Uy ii','MBF',602,'2009-10-29 23:00:00','2008-10-12 23:00:00',1125,726,NULL,NULL,NULL),(2043,'2380741584979948','','2020-11-18 22:04:22','\0',NULL,0,'Paris','\0',NULL,'Ecole supérieur de l\'immobilier','licence gestion immobilière',1900,'2013-08-28 22:00:00','2012-09-02 22:00:00',1123,730,NULL,NULL,NULL),(2060,'2703561570488645','','2020-11-22 15:45:46','\0',NULL,0,'Cergy','\0',NULL,'Iut de cergy pointoise','Genie electrique',1898,'2017-06-29 22:00:00','2015-08-31 22:00:00',1122,727,NULL,NULL,NULL),(2068,'2780004586403179','','2020-11-23 12:59:50','\0',NULL,0,'Dijon','\0','DEUG (BAC+2) d\'économie-gestion','Université de bourgogne','Economie-Gestion',2065,'2010-06-29 22:00:00','2008-08-31 22:00:00',1122,726,NULL,NULL,NULL),(2134,'3498300684630674','','2020-12-01 20:31:26','\0',NULL,0,'Sceaux','\0',NULL,'Université paris 11','Economie, Gestion et Comptabilité',2131,'2014-06-29 22:00:00','2013-08-31 22:00:00',1124,726,NULL,NULL,NULL),(2135,'3498326430792940','','2020-12-01 20:31:51','\0',NULL,0,'Sceaux','\0',NULL,'Université paris 11','Economie, Gestion et Comptabilité',2131,'2014-06-29 22:00:00','2013-08-31 22:00:00',1124,726,NULL,NULL,NULL),(2136,'3498589566641186','','2020-12-01 20:36:14','\0',NULL,0,'Paris 17ème','\0','Mastère Grande Ecole - équivalence DSCG (5 sur 7)','Isc paris business school','Expertise, Audit et Contrôle',2131,'2016-06-29 22:00:00','2014-08-31 22:00:00',1128,728,NULL,NULL,NULL),(2189,'3914043785613561','','2020-12-06 16:00:30','',NULL,0,'Lowell, ma','\0',NULL,'University of massachusetts','Applied Math',599,'2013-05-01 04:00:00','2010-09-01 04:00:00',1126,726,NULL,NULL,NULL),(2190,'3914140813715248','','2020-12-06 16:02:06','',NULL,0,'Lowell, ma','\0',NULL,'University of massachusetts','Data Visualization',599,'2014-12-15 05:00:00','2013-09-01 04:00:00',1128,726,NULL,NULL,NULL),(2191,'3914212619821502','','2020-12-06 16:03:18','\0',NULL,0,'Lowell, ma','\0',NULL,'University of massachusetts','Applied Math',599,'2013-05-01 04:00:00','2010-09-01 04:00:00',1126,726,NULL,NULL,NULL),(2241,'4071183677190681','','2020-12-08 11:39:29','\0',NULL,0,'Paris','\0',NULL,'Janson de sailly','Economie et sociale',1889,'2014-08-31 22:00:00','2010-08-31 22:00:00',1107,722,NULL,NULL,NULL),(2242,'4071300338939539','','2020-12-08 11:41:25','\0',NULL,0,'Paris','\0',NULL,'Panthéon-sorbonne','Economie et Sociale',1889,'2019-08-31 22:00:00','2015-08-31 22:00:00',1124,726,NULL,NULL,NULL),(2243,'4071335613168323','','2020-12-08 11:42:00','\0',NULL,0,'Paris','\0',NULL,'Panthéon-sorbonne','Economie et Sociale',1889,'2019-08-31 22:00:00','2015-08-31 22:00:00',1124,726,NULL,NULL,NULL),(2248,'4091050111843914','','2020-12-08 17:06:09','\0',NULL,0,'Montpellier','\0',NULL,'Montpellier 1','MARKETING/VENTE',2128,'2017-07-30 22:00:00','2015-08-31 22:00:00',1125,726,NULL,NULL,NULL),(2250,'4091348159827630','','2020-12-08 17:15:33','',NULL,0,'Paris','\0',NULL,'Efhc','Management des Equipes Commerciales',2128,'2012-07-30 22:00:00','2010-08-31 22:00:00',1121,730,NULL,NULL,NULL),(2251,'4093837217991601','','2020-12-08 17:57:02','\0',NULL,0,'Lowell, ma','\0',NULL,'University of massachusetts','Data Visualization',599,'2014-12-15 05:00:00','2013-09-01 04:00:00',1127,726,NULL,NULL,NULL),(2254,'41314394592031','','2020-12-09 19:44:09','\0',NULL,0,'Lannion','\0',NULL,'Enssat','Génie logiciel',1903,'2018-07-04 22:00:00','2016-09-06 22:00:00',1127,728,NULL,NULL,NULL),(2331,'983551808106498','','2020-12-20 17:28:06','\0',NULL,0,'Dijon','\0',NULL,'Université de bourgogne','Licence en sciences Economiques',600,'2011-06-29 22:00:00','2008-08-31 22:00:00',1124,726,NULL,NULL,NULL),(2473,'672711749242700','','2020-12-30 13:49:26','\0',NULL,0,'Cachan','\0','Un brevet est un titre de propriété industrielle qui confère à son titulaire une exclusivité d\'exploitation de l\'invention brevetée à compter, en principe, de la date de dépôt et pour une durée maximale de 20 ans.','Paul-bert',' Tout',2468,'2020-06-29 22:00:00','2020-06-28 22:00:00',1105,721,NULL,NULL,NULL),(2554,'1149419626277402','','2021-01-05 02:14:34','\0',NULL,0,'Paris','\0',NULL,'Université paris 8','Science politique',2551,'2017-06-28 22:00:00','2014-09-01 22:00:00',1124,726,NULL,NULL,NULL),(2555,'1149438590598919','','2021-01-05 02:14:53','\0',NULL,0,'Paris','\0',NULL,'Université paris 8','Science politique',2551,'2017-06-28 22:00:00','2014-09-01 22:00:00',1124,726,NULL,NULL,NULL),(2793,'1393284548633409','','2021-01-07 21:58:59','\0',NULL,0,'Douala','\0','Diplôme obtenu à l\'ex ISTDI (Institut de Technologies et du Design Industriel) devenu Institut Universitaire de la Cote)','Institut universitaire de la cote (iuc)','Informatique Industrielle',2202,'2009-06-19 23:00:00','2007-08-31 23:00:00',1121,728,NULL,NULL,NULL),(2794,'1393340023382920','','2021-01-07 21:59:55','\0',NULL,0,'Douala','\0','Diplôme obtenu à l\'ex ISTDI (Institut de Technologies et du Design Industriel) devenu Institut Universitaire de la Cote)','Institut universitaire de la cote (iuc)','Informatique Industrielle',2202,'2009-06-19 23:00:00','2007-08-31 23:00:00',1121,728,NULL,NULL,NULL),(2795,'1393942940802647','','2021-01-07 22:09:57','\0',NULL,0,'Douala','\0','Spécialisation Réseaux-Télécoms après BTS Informatique Industrielle, toujours à ISTDI','Institut universitaire de la cote (iuc)','Télécoms, Administration et Sécurité Réseaux',2202,'2010-08-01 23:00:00','2009-09-06 23:00:00',1123,728,NULL,NULL,NULL),(2796,'1393955733346803','','2021-01-07 22:10:10','\0',NULL,0,'Douala','\0','Spécialisation Réseaux-Télécoms après BTS Informatique Industrielle, toujours à ISTDI','Institut universitaire de la cote (iuc)','Télécoms, Administration et Sécurité Réseaux',2202,'2010-08-01 23:00:00','2009-09-06 23:00:00',1123,728,NULL,NULL,NULL),(2797,'1394370898835216','','2021-01-07 22:17:05','\0',NULL,0,'Douala','\0','Apres une première expérience professionnelle en entreprise, je retourne en école d\'ingénieurs ou je reprends en 3eme année car déjà titulaire d\'une Licence Pro, pour obtenir 3 ans plus tard un Master d\'ingénierie.','Faculté de génie industrielle (fgi) ','Génie Télécoms et Technologies de l\'Information',2202,'2014-11-13 23:00:00','2011-08-31 23:00:00',1127,728,NULL,NULL,NULL),(3084,'1722543519349338','','2021-01-11 17:26:38','\0',NULL,0,'Douala','\0',NULL,'Lycée chevreul','Espagnol',3079,'2004-07-11 22:00:00','2003-08-31 22:00:00',1108,722,NULL,NULL,NULL),(3090,'1725350806464366','','2021-01-11 18:13:25','\0',NULL,0,'Paris ','\0',NULL,'Ifocop','Ressources humaines',3079,'2014-11-30 23:00:00','2012-12-31 23:00:00',1121,733,NULL,NULL,'Institut de formation commerciale permanente '),(3138,'1830257478218982','','2021-01-12 23:19:39','\0',NULL,0,'Boulogne-billancourt','\0','Le BTS Commerce International forme à développer et gérer l’activité internationale de tout type d’entreprise réalisant des opérations d’import-export. ','Lycée notre de boulogne ','Commerce international',3135,'2020-01-12 23:00:00','2018-09-05 22:00:00',1121,730,NULL,NULL,NULL),(3151,'1881592532990110','','2021-01-13 13:37:27','\0',NULL,0,'Dijon','\0',NULL,'Université de bourgogne ','Economie / Statistiques ',2911,'2011-06-30 22:00:00','2009-08-31 22:00:00',1139,726,NULL,'BAC + 2 ',NULL),(3152,'1881727341783749','','2021-01-13 13:39:42','\0',NULL,0,'Lyon ','\0',NULL,'Université de lyon 2 ','Aménagement ',2911,'2013-05-31 22:00:00','2011-08-31 22:00:00',1125,726,NULL,'BAC + 2 ',NULL),(3153,'1881824983288699','','2021-01-13 13:41:19','\0',NULL,0,'Lille ','\0',NULL,'Institut d\'urbanisme de lille ','Aménagement / Urbanisme ',2911,'2016-10-31 23:00:00','2014-07-31 22:00:00',1127,726,NULL,'BAC + 2 ',NULL),(3172,'1962550628439211','','2021-01-14 12:06:45','\0',NULL,0,'Paris ','\0','Le Bachelor MCB (Management, Communication et Business sportif) permet de devenir expert dans les métiers du sport et plus spécifiquement dans le domaine du Management, de la Communication et du Business Sportif.','Cfpms','Management sportif  et business ',2909,'2022-08-25 22:00:00','2019-01-15 23:00:00',1126,730,NULL,NULL,NULL),(3269,'2160954322844837','','2021-01-16 19:13:29','\0',NULL,0,'Dijon','\0',NULL,'Burgundy school of business ','Finance d’entreprise ',3194,'2020-02-10 23:00:00','2017-09-13 22:00:00',1127,728,NULL,NULL,NULL),(3282,'2167780261159224','','2021-01-16 21:07:15','\0',NULL,0,'Douala','\0',NULL,'Université catholique saint-jérôme','Banques et Institutions Financières',3194,'2017-07-27 22:00:00','2014-09-07 22:00:00',1124,726,NULL,NULL,NULL),(3349,'2348720243959343','','2021-01-18 23:22:56','\0',NULL,0,'Paris','\0',NULL,'Paris business school ','marketing et commerce',2511,'2015-08-31 22:00:00','2013-08-31 22:00:00',1128,728,NULL,NULL,NULL),(3367,'72346963573299','','2021-01-19 18:16:42','',NULL,0,'Valenciennes','\0',NULL,'Université polytechnique hauts de france','IOSI',3360,'2015-06-25 22:00:00','2013-09-01 22:00:00',1139,733,NULL,'DEUST','Institut Scientifique et Technique'),(3368,'72560577502443','','2021-01-19 18:16:51','\0',NULL,0,'Vilneuve d\'ascq','\0',NULL,'Universite de lille 1','Informatique',3360,'2016-06-30 22:00:00','2015-08-31 22:00:00',1124,726,NULL,'DEUST (Bac +2)','Institut Scientifique et Technique'),(3381,'72781145281992','','2021-01-19 18:23:56','',NULL,0,'Aulnoy lez valenciennes','\0',NULL,'Université polytechnique hauts de france','IOSI',3360,'2015-06-29 22:00:00','2013-09-01 22:00:00',1139,733,NULL,'DEUST (Bac+2)','Institut Scientifique et Technique'),(3382,'72791158174750','','2021-01-19 18:24:06','\0',NULL,0,'Aulnoy lez valenciennes','\0',NULL,'Université polytechnique hauts de france','IOSI',3360,'2015-06-29 22:00:00','2013-09-01 22:00:00',1139,733,NULL,'DEUST (Bac+2)','Institut Scientifique et Technique'),(3533,'107032320362218','','2021-01-21 22:00:20','\0',NULL,0,'Edea ','\0',NULL,'Lycée classique d\'edea','Mathématiques et Sciences physiques',3415,'2017-07-11 22:00:00','2016-09-04 22:00:00',1106,722,NULL,NULL,NULL),(3534,'107032339680951','','2021-01-21 22:00:20','\0',NULL,0,'Edea ','\0',NULL,'Lycée classique d\'edea','Mathématiques et Sciences physiques',3415,'2017-07-11 22:00:00','2016-09-04 22:00:00',1106,722,NULL,NULL,NULL),(3558,'115889455545224','','2021-01-22 00:27:54','\0',NULL,0,'Douala-cameroon','\0',' Formation generale qui consistait a prendre des cours magistraux au sein du campus a l\'instar du droit administratif, droit de la famille, droit civil des personnes etc.','University of douala','Droit Prive Des Affaires',3509,'2015-08-21 04:00:00','2013-10-01 04:00:00',1124,726,NULL,NULL,NULL),(3611,'220331873484952','','2021-01-23 05:28:36','\0',NULL,0,'Paris','\0','https://www.livementor.com/formation/marketing-digital-formation/','Live mentor ','Marketing Digital',2579,'2020-07-30 22:00:00','2020-06-30 22:00:00',1139,730,NULL,'Certification Marketing Digital',NULL),(3612,'222091599972098','','2021-01-23 05:57:56','\0',NULL,0,'Usa','\0','https://www.k2integrity.com/#','K2integrity','USA',2579,'2016-12-04 23:00:00','2016-10-02 22:00:00',1139,733,NULL,'Certification IFSCO','CABINET GESTION DES RISQUES DE CONFORMITE'),(3790,'638505954640686','','2021-02-02 20:46:15','\0',NULL,0,'Paris','\0',NULL,'.','.',3251,'2016-01-31 23:00:00','2012-01-31 23:00:00',1126,730,NULL,NULL,NULL),(4002,'1117821080126225','','2021-02-08 09:53:04','\0',NULL,0,'Lyon','\0',NULL,'Universite lumiere lyon 2','Science Politique, Droit',3791,'2011-12-29 23:00:00','2011-09-03 23:00:00',1124,726,NULL,NULL,NULL),(4003,'1117733254412232','','2021-02-08 09:53:23','\0',NULL,0,'Lyon','\0',NULL,'Universite lumiere lyon 2','Gestion',3791,'2011-12-29 23:00:00','2011-09-03 23:00:00',1124,726,NULL,NULL,NULL),(4004,'1117991343041524','','2021-02-08 09:57:41','\0',NULL,0,'Bordeaux','\0','Finance, Trading and Risk Management','Inseec','Finance, Trading & Risk Management',3791,'2015-04-14 23:00:00','2012-10-04 23:00:00',1127,728,NULL,NULL,NULL),(4005,'1149975604333172','','2021-02-08 18:50:45','\0',NULL,0,'Paris','\0',NULL,'Esgi ','Sécurité Informatique',1996,'2020-07-16 22:00:00','2018-09-26 22:00:00',1127,733,NULL,NULL,'Ecole d\'ingénieur'),(4006,'1150049648602887','','2021-02-08 18:51:59','\0',NULL,0,'Paris','\0',NULL,'Esgi','Sécurité informatique',1995,'2020-07-16 22:00:00','2018-09-23 22:00:00',1127,733,NULL,NULL,'Ecole d\'ingénieur'),(4076,'1411524390848722','','2021-02-11 19:29:54','\0',NULL,0,'Douala','\0',NULL,'Laureats','Littérature',4062,'2012-09-20 22:00:00','2008-09-09 22:00:00',1108,721,NULL,NULL,NULL),(4077,'1411673001753847','','2021-02-11 19:32:23','\0',NULL,0,'Yaoundé ','\0',NULL,'Ibay sup partenaire avec yaoundé i','Sciences Environnementales ',4062,'2012-09-20 22:00:00','2008-09-09 22:00:00',1123,730,NULL,NULL,NULL),(4081,'1421956289396647','','2021-02-11 22:20:21','\0',NULL,0,'Clermont-ferrand','\0',NULL,'Université clermont auvergne','Economie du Développement',3292,'2014-06-11 22:00:00','2013-09-07 22:00:00',1128,726,NULL,NULL,NULL),(4082,'1421787881765394','','2021-02-11 22:20:57','\0',NULL,0,'Nanterre','\0',NULL,'Université paris nanterre','Economie / Econométrie Appliquée',3292,'2015-06-11 22:00:00','2014-09-07 22:00:00',1128,726,NULL,NULL,NULL),(4145,'1655045535661688','','2021-02-14 15:08:35','',NULL,0,'Paris','\0','Nutrition des différents types de populations','Cnfdi','Diététique nutrition',3585,'2020-12-05 23:00:00','2019-02-12 23:00:00',1113,724,NULL,NULL,NULL),(4146,'1655127286564486','','2021-02-14 15:09:57','\0',NULL,0,'Paris','\0','Nutrition des différents types de populations','Cnfdi','Diététique nutrition',3585,'2020-12-05 23:00:00','2019-02-12 23:00:00',1113,724,NULL,NULL,NULL),(4175,'1759487654591628','','2021-02-15 19:53:45','\0',NULL,0,'Nantes','\0',NULL,'Pigier performance','Gestion des Ressources Humaines',3994,'2017-02-14 23:00:00','2016-02-14 23:00:00',1123,733,NULL,'BTS Assistant de Manager','Centre de formation'),(4176,'1758567865353761','','2021-02-15 19:53:57','\0',NULL,0,'Poitiers','\0',NULL,'Lycée aliénor d\'aquitaine','Assistant de Manager',3994,'2014-06-02 22:00:00','2011-09-14 22:00:00',1120,729,NULL,'BTS Assistant de Manager',NULL),(4195,'1762461117354742','','2021-02-15 20:58:51','\0',NULL,0,'Paris','\0','Formation marketing international dispensée en anglais. Avec plus de 15 000 étudiants, près de 45 000 anciens élèves, et 131 millions d\'euros de budget, le Groupe INSEEC (créé en 1975) est l\'un des tout premiers groupes d\'enseignement supérieur français.','Inseec','Marketing internationnal',2511,'2011-09-01 22:00:00','2010-08-31 22:00:00',1126,728,NULL,NULL,NULL),(4196,'1762820846852872','','2021-02-15 21:04:50','\0',NULL,0,'Auxerre','\0','Le diplôme universitaire de technologie (DUT) Techniques de commercialisation (TC) permet de former les étudiants en vue d’occuper des postes de commerciaux polyvalents, autonomes et évolutifs.','Iut dijon auxerre - université de bourgogne','Techniques de Commercialisation',2511,'2010-09-01 22:00:00','2008-08-31 22:00:00',1122,727,NULL,NULL,NULL),(4208,'1782313233053992','','2021-02-16 02:29:43','\0',NULL,0,'Nantes','\0',NULL,'Cesi alternance ','RESPONSABLE RESSOURCES HUMAINES ',3994,'2018-05-31 22:00:00','2017-08-31 22:00:00',1125,733,NULL,NULL,'Ecole supérieure '),(4324,'2198797027036838','','2021-02-20 22:11:07','\0',NULL,0,'Paris ','\0',NULL,'Paris saclay','Stratégie et Ingénierie Financière ',3957,'2014-10-09 22:00:00','2013-09-01 22:00:00',1127,726,NULL,NULL,NULL),(4325,'2198821263778376','','2021-02-20 22:11:31','\0',NULL,0,'Paris ','\0',NULL,'Paris saclay','Stratégie et Ingénierie Financière ',3957,'2014-10-09 22:00:00','2013-09-01 22:00:00',1127,726,NULL,NULL,NULL),(4326,'2198843660773967','','2021-02-20 22:11:53','\0',NULL,0,'Paris ','\0',NULL,'Paris saclay','Stratégie et Ingénierie Financière ',3957,'2014-10-09 22:00:00','2013-09-01 22:00:00',1127,726,NULL,NULL,NULL),(4330,'2200208155932276','','2021-02-20 22:34:38','\0',NULL,0,'Saint lô','\0',NULL,'Collége lavalley','Général ',1900,'2009-06-09 22:00:00','2008-09-02 22:00:00',1105,721,NULL,NULL,NULL),(4331,'2200429224086067','','2021-02-20 22:38:19','\0',NULL,0,'Saint lô','\0',NULL,'Lycée pierre et marie curie ','Comptabilité ',1900,'2011-06-10 22:00:00','2010-09-03 22:00:00',1109,722,NULL,NULL,NULL),(4344,'2253172155120640','','2021-02-21 13:17:22','\0',NULL,0,'Nantes','\0','Formation en école ingénieur (vétérinaire nationale) sur la conservation des denrées par tout type de procédés','Oniris nantes','FROID INDUSTRIEL',2205,'2011-05-19 22:00:00','2010-09-26 22:00:00',1123,733,NULL,NULL,'Ecole Nationale Vétérinaire'),(4724,'2255505064801660','','2021-02-21 13:55:36','\0',NULL,0,'Silver spring md usa','\0',NULL,'Lado institute','Anglais',2128,'2013-09-29 22:00:00','2013-03-24 23:00:00',1139,733,NULL,'bac+3','Institute'),(4747,'2262627601232195','','2021-02-21 15:54:57','\0',NULL,0,'Yaoundé ','\0','Administration et gestion des entreprises\nGESTIONNAIRE ayant une expérience professionnelle en comptabilité et gestion des ressources humaines ','Université de yaoundé ii ','Administration des entreprises ',2640,'2014-10-01 23:00:00','2011-11-20 23:00:00',1124,726,NULL,NULL,NULL),(4939,'2325461054281461','','2021-02-22 09:22:11','\0',NULL,0,'Angers','\0',NULL,'Université d\'angers','Marketing des services et Revenue Management',4873,'2010-07-30 22:00:00','2009-09-13 22:00:00',1127,726,NULL,NULL,NULL),(4941,'2327288523745956','','2021-02-22 09:52:38','\0',NULL,0,'Bruxelles ','\0',NULL,'Ucl','Master en Médecine ',4130,'2021-02-21 23:00:00','2021-02-21 23:00:00',1136,726,NULL,NULL,NULL);
/*!40000 ALTER TABLE `degree_obtained` ENABLE KEYS */;
UNLOCK TABLES;

--
-- Table structure for table `diploma`
--

DROP TABLE IF EXISTS `diploma`;
/*!40101 SET @saved_cs_client     = @@character_set_client */;
/*!40101 SET character_set_client = utf8 */;
CREATE TABLE `diploma` (
  `id` int(11) NOT NULL,
  `id_server` varchar(255) NOT NULL,
  `description` varchar(255) DEFAULT NULL,
  `label` varchar(255) NOT NULL,
  `education` int(11) DEFAULT NULL,
  `specified` tinyint(1) DEFAULT 0,
  PRIMARY KEY (`id`),
  UNIQUE KEY `UK_gi7a8g81d35pkdo1xabrrc294` (`id_server`),
  KEY `FKtc8s0lrn5ie925rom0xka5hp` (`education`),
  CONSTRAINT `FKtc8s0lrn5ie925rom0xka5hp` FOREIGN KEY (`education`) REFERENCES `education` (`id`)
) ENGINE=InnoDB DEFAULT CHARSET=utf8;
/*!40101 SET character_set_client = @saved_cs_client */;

--
-- Dumping data for table `diploma`
--

LOCK TABLES `diploma` WRITE;
/*!40000 ALTER TABLE `diploma` DISABLE KEYS */;
INSERT INTO `diploma` VALUES (1105,'78869941664100','Brevet Nationale des collèges','Brevet Nationale des collèges',438,0),(1106,'78869956146500','Baccalauréat Scientifique','Baccalauréat Scientifique',438,0),(1107,'78869959061000','Baccalauréat Sciences économique et sociales','Baccalauréat Sciences économique et sociales',438,0),(1108,'78869961473600','Baccalauréat littéraire','Baccalauréat littéraire',438,0),(1109,'78869964118200','Série Sciences et technologies du management et de la gestion (STMG)','Série Sciences et technologies du management et de la gestion (STMG)',438,0),(1110,'78869966879700','Le baccalauréat sciences et technologies du design et des arts appliqués (STD2A)','Le baccalauréat sciences et technologies du design et des arts appliqués (STD2A)',438,0),(1111,'78869969180200','Le baccalauréat sciences et technologies de l\'industrie et du développement durable (STI2D)','Le baccalauréat sciences et technologies de l\'industrie et du développement durable (STI2D)',438,0),(1112,'78869972356300','Le baccalauréat sciences et technologies de laboratoire (STL)','Le baccalauréat sciences et technologies de laboratoire (STL)',438,0),(1113,'78869975100500','Le baccalauréat sciences et technologies de la santé et du social ST2S','Le baccalauréat sciences et technologies de la santé et du social ST2S',438,0),(1114,'78869977864500','Baccalauréat sciences et technologies de l\'agronomie et du vivant (STAV)','Baccalauréat sciences et technologies de l\'agronomie et du vivant (STAV)',438,0),(1115,'78869980719700','Baccalauréat technique de la musique et de la danse (TMD)','Baccalauréat technique de la musique et de la danse (TMD)',438,0),(1116,'78869984143500','Baccalauréat sciences et technologies de l\'hôtellerie et de la restauration (STHR)','Baccalauréat sciences et technologies de l\'hôtellerie et de la restauration (STHR)',438,0),(1117,'78869987226300','Autres (à préciser manuellement)','Autres (à préciser manuellement)',438,1),(1118,'78869990113600','CAP (Bac -1)','CAP (Bac -1)',438,0),(1119,'78869993327800','BEP (Bac -1)','BEP (Bac -1)',438,0),(1120,'78869996337600','Baccalauréat professionnel (à préciser manuellement)','Baccalauréat professionnel (à préciser manuellement)',438,1),(1121,'78869999481000','BTS (Bac +2)','BTS (Bac +2)',439,0),(1122,'78870002472500','DUT (BAC +2)','DUT (BAC +2)',439,0),(1123,'78870005318400','Licence Professionnelle (Bac +3)','Licence Professionnelle (Bac +3)',439,0),(1124,'78870007888100','Licence Générale (Bac+3)','Licence Générale (Bac+3)',439,0),(1125,'78870011010000','Maîtrise (Bac +4)','Maîtrise (Bac +4)',439,0),(1126,'78870015353500','Bachelor (Bac +4)','Bachelor (Bac +4)',439,0),(1127,'78870017894900','Master Professionnel (Bac +5)','Master Professionnel (Bac +5)',439,0),(1128,'78870020394000','Master Recherche (Bac +5)','Master Recherche (Bac +5)',439,0),(1129,'78870023428400','Magistère (Bac +5)','Magistère (Bac +5)',439,0),(1130,'78870026154400','Bac +6 (à préciser manuellement)','Bac +6 (à préciser manuellement)',439,0),(1131,'78870028624800','Bac +7 (à préciser manuellement)','Bac +7 (à préciser manuellement)',439,0),(1132,'78870030917300','Doctorat (Bac +8)','Doctorat (Bac +8)',439,0),(1133,'78870032740900','Autres (à sélectionner de bac +1 à Bac +11 et à préciser)','Autres (à sélectionner de bac +1 à Bac +11 et à préciser)',439,1),(1134,'78870034829100','Docteur en Pharmacie (Bac+6)','Docteur en Pharmacie (Bac+6)',439,0),(1135,'78870037419600','Docteur en Pharmacie Spécialisé (Bac+9)','Docteur en Pharmacie Spécialisé (Bac+9)',439,0),(1136,'78870040082900','Docteur en Médecine (Bac +9)','Docteur en Médecine (Bac +9)',439,0),(1137,'78870042801900','Docteur en chirurgie dentaire Spécialisé (Bac+10)','Docteur en chirurgie dentaire Spécialisé (Bac+10)',439,0),(1138,'78870045169800','Docteur en médecine spécialisé (Bac +11)','Docteur en médecine spécialisé (Bac +11)',439,0),(1139,'78870047543400','Autres (à sélectionner de bac +1 à Bac +11 et à préciser)','Autres (à sélectionner de bac +1 à Bac +11 et à préciser)',439,1);
/*!40000 ALTER TABLE `diploma` ENABLE KEYS */;
UNLOCK TABLES;

--
-- Table structure for table `discipline`
--

DROP TABLE IF EXISTS `discipline`;
/*!40101 SET @saved_cs_client     = @@character_set_client */;
/*!40101 SET character_set_client = utf8 */;
CREATE TABLE `discipline` (
  `id` int(11) NOT NULL,
  `id_server` varchar(255) NOT NULL,
  `description` varchar(255) DEFAULT NULL,
  `label` varchar(255) NOT NULL,
  PRIMARY KEY (`id`),
  UNIQUE KEY `UK_5hj653mpeo2wjao494f7p1w2w` (`id_server`)
) ENGINE=InnoDB DEFAULT CHARSET=utf8;
/*!40101 SET character_set_client = @saved_cs_client */;

--
-- Dumping data for table `discipline`
--

LOCK TABLES `discipline` WRITE;
/*!40000 ALTER TABLE `discipline` DISABLE KEYS */;
/*!40000 ALTER TABLE `discipline` ENABLE KEYS */;
UNLOCK TABLES;

--
-- Table structure for table `education`
--

DROP TABLE IF EXISTS `education`;
/*!40101 SET @saved_cs_client     = @@character_set_client */;
/*!40101 SET character_set_client = utf8 */;
CREATE TABLE `education` (
  `id` int(11) NOT NULL,
  `id_server` varchar(255) NOT NULL,
  `code` varchar(255) NOT NULL,
  `description` varchar(255) DEFAULT NULL,
  `label` varchar(255) NOT NULL,
  PRIMARY KEY (`id`),
  UNIQUE KEY `UK_rxld3r7vdl36kn9gej7eu65b7` (`id_server`)
) ENGINE=InnoDB DEFAULT CHARSET=utf8;
/*!40101 SET character_set_client = @saved_cs_client */;

--
-- Dumping data for table `education`
--

LOCK TABLES `education` WRITE;
/*!40000 ALTER TABLE `education` DISABLE KEYS */;
INSERT INTO `education` VALUES (438,'12680588341800','SECONDARY','Enseignement secondaire (avant le baccalauréat)','Enseignement secondaire (avant le baccalauréat)'),(439,'12680589479800','HIGHER','Enseignement supérieur (après le baccalauréat)','Enseignement supérieur (après le baccalauréat)');
/*!40000 ALTER TABLE `education` ENABLE KEYS */;
UNLOCK TABLES;

--
-- Table structure for table `establishment_type`
--

DROP TABLE IF EXISTS `establishment_type`;
/*!40101 SET @saved_cs_client     = @@character_set_client */;
/*!40101 SET character_set_client = utf8 */;
CREATE TABLE `establishment_type` (
  `id` int(11) NOT NULL,
  `id_server` varchar(255) NOT NULL,
  `description` varchar(255) DEFAULT NULL,
  `label` varchar(255) NOT NULL,
  `education` int(11) DEFAULT NULL,
  `specified` tinyint(1) DEFAULT 0,
  PRIMARY KEY (`id`),
  UNIQUE KEY `UK_8tc237adw2hrai8twqk5lu5kf` (`id_server`),
  KEY `FK49cpx0mji0tomjon7caxro4eg` (`education`),
  CONSTRAINT `FK49cpx0mji0tomjon7caxro4eg` FOREIGN KEY (`education`) REFERENCES `education` (`id`)
) ENGINE=InnoDB DEFAULT CHARSET=utf8;
/*!40101 SET character_set_client = @saved_cs_client */;

--
-- Dumping data for table `establishment_type`
--

LOCK TABLES `establishment_type` WRITE;
/*!40000 ALTER TABLE `establishment_type` DISABLE KEYS */;
INSERT INTO `establishment_type` VALUES (721,'105976758462400','Collège','Collège',438,0),(722,'105976766287800','Lycée général et Technologie','Lycée général et Technologie',438,0),(723,'105976768321100','Lycée professionnel','Lycée professionnel',438,0),(724,'105976770256800','Centre de formation d\'apprentis','Centre de formation d\'apprentis',438,0),(725,'105976772225400','Autres établissements du secondaire','Autres établissements du secondaire',438,1),(726,'105976774834200','Université','Université',439,0),(727,'105976777300700','IUT - Institut Universitaire de Technologie','IUT - Institut Universitaire de Technologie',439,0),(728,'105976779869700','Grandes écoles','Grandes écoles',439,0),(729,'105976782026900','Lycée Général et professionnel','Lycée Général et professionnel',439,0),(730,'105976784376900','Ecoles et Instituts Specialisés','Ecoles et Instituts Specialisés',439,0),(731,'105976786614800','Ecoles supérieure d\'Art et d\'Arts appliqués','Ecoles supérieure d\'Art et d\'Arts appliqués',439,0),(732,'105976788804400','Ecoles Nationales Supérieur d\'Architecture','Ecoles Nationales Supérieur d\'Architecture',439,0),(733,'105976790993100','Autres établissements du Supérieur','Autres établissements du Supérieur',439,1);
/*!40000 ALTER TABLE `establishment_type` ENABLE KEYS */;
UNLOCK TABLES;

--
-- Table structure for table `favorite`
--

DROP TABLE IF EXISTS `favorite`;
/*!40101 SET @saved_cs_client     = @@character_set_client */;
/*!40101 SET character_set_client = utf8 */;
CREATE TABLE `favorite` (
  `id` int(11) NOT NULL,
  `id_server` varchar(255) NOT NULL,
  `account` int(11) DEFAULT NULL,
  `favorite` int(11) DEFAULT NULL,
  PRIMARY KEY (`id`),
  UNIQUE KEY `UK_t8eml5ghw57we3ytpnfla8ktu` (`id_server`),
  KEY `FK1d4ebfhf99cbethiy62krrrq2` (`account`),
  KEY `FKbe7dgcy6a8rrk08b6kk6xp1er` (`favorite`),
  CONSTRAINT `FK1d4ebfhf99cbethiy62krrrq2` FOREIGN KEY (`account`) REFERENCES `account` (`id`),
  CONSTRAINT `FKbe7dgcy6a8rrk08b6kk6xp1er` FOREIGN KEY (`favorite`) REFERENCES `account` (`id`)
) ENGINE=InnoDB DEFAULT CHARSET=utf8;
/*!40101 SET character_set_client = @saved_cs_client */;

--
-- Dumping data for table `favorite`
--

LOCK TABLES `favorite` WRITE;
/*!40000 ALTER TABLE `favorite` DISABLE KEYS */;
/*!40000 ALTER TABLE `favorite` ENABLE KEYS */;
UNLOCK TABLES;

--
-- Table structure for table `follower`
--

DROP TABLE IF EXISTS `follower`;
/*!40101 SET @saved_cs_client     = @@character_set_client */;
/*!40101 SET character_set_client = utf8 */;
CREATE TABLE `follower` (
  `account_id` int(11) NOT NULL,
  `follower_id` int(11) NOT NULL,
  PRIMARY KEY (`account_id`,`follower_id`),
  KEY `FK1ychsfw8wfahvaewkb8oiowii` (`follower_id`),
  CONSTRAINT `FK1ychsfw8wfahvaewkb8oiowii` FOREIGN KEY (`follower_id`) REFERENCES `account` (`id`),
  CONSTRAINT `FKtblw5bbu6gynu89dd9e39vr68` FOREIGN KEY (`account_id`) REFERENCES `account` (`id`)
) ENGINE=InnoDB DEFAULT CHARSET=utf8;
/*!40101 SET character_set_client = @saved_cs_client */;

--
-- Dumping data for table `follower`
--

LOCK TABLES `follower` WRITE;
/*!40000 ALTER TABLE `follower` DISABLE KEYS */;
/*!40000 ALTER TABLE `follower` ENABLE KEYS */;
UNLOCK TABLES;

--
-- Table structure for table `gender`
--

DROP TABLE IF EXISTS `gender`;
/*!40101 SET @saved_cs_client     = @@character_set_client */;
/*!40101 SET character_set_client = utf8 */;
CREATE TABLE `gender` (
  `id` int(11) NOT NULL,
  `id_server` varchar(255) NOT NULL,
  `label` varchar(255) NOT NULL,
  PRIMARY KEY (`id`),
  UNIQUE KEY `UK_pmsrnxn4kayxewyfw2vp1rht4` (`id_server`)
) ENGINE=InnoDB DEFAULT CHARSET=utf8;
/*!40101 SET character_set_client = @saved_cs_client */;

--
-- Dumping data for table `gender`
--

LOCK TABLES `gender` WRITE;
/*!40000 ALTER TABLE `gender` DISABLE KEYS */;
INSERT INTO `gender` VALUES (3,'11508831360000','Femme'),(4,'11508832442600','Homme');
/*!40000 ALTER TABLE `gender` ENABLE KEYS */;
UNLOCK TABLES;

--
-- Table structure for table `hibernate_sequence`
--

DROP TABLE IF EXISTS `hibernate_sequence`;
/*!40101 SET @saved_cs_client     = @@character_set_client */;
/*!40101 SET character_set_client = utf8 */;
CREATE TABLE `hibernate_sequence` (
  `next_val` bigint(20) DEFAULT NULL
) ENGINE=InnoDB DEFAULT CHARSET=utf8;
/*!40101 SET character_set_client = @saved_cs_client */;

--
-- Dumping data for table `hibernate_sequence`
--

LOCK TABLES `hibernate_sequence` WRITE;
/*!40000 ALTER TABLE `hibernate_sequence` DISABLE KEYS */;
INSERT INTO `hibernate_sequence` VALUES (4965),(4965),(4965),(4965),(4965),(4965),(4965),(4965),(4965),(4965),(4965),(4965),(4965),(4965),(4965),(4965),(4965),(4965),(4965),(4965),(4965),(4965),(4965);
/*!40000 ALTER TABLE `hibernate_sequence` ENABLE KEYS */;
UNLOCK TABLES;

--
-- Table structure for table `higher_education`
--

DROP TABLE IF EXISTS `higher_education`;
/*!40101 SET @saved_cs_client     = @@character_set_client */;
/*!40101 SET character_set_client = utf8 */;
CREATE TABLE `higher_education` (
  `id` int(11) NOT NULL,
  `id_server` varchar(255) NOT NULL,
  `active` bit(1) DEFAULT NULL,
  `created_at` datetime NOT NULL,
  `deleted` bit(1) DEFAULT NULL,
  `modified_at` datetime DEFAULT NULL,
  `revision` bigint(20) DEFAULT NULL,
  `city` varchar(255) NOT NULL,
  `current_position` bit(1) DEFAULT NULL,
  `description` varchar(255) DEFAULT NULL,
  `establishment_name` varchar(255) NOT NULL,
  `specialty` varchar(255) DEFAULT NULL,
  `account` int(11) DEFAULT NULL,
  `establishment_type` int(11) DEFAULT NULL,
  `study_level` int(11) DEFAULT NULL,
  `targeted_diploma` int(11) DEFAULT NULL,
  `teaching_area` int(11) DEFAULT NULL,
  `another_targeted_diploma` varchar(255) DEFAULT NULL,
  `another_study_level` varchar(255) DEFAULT NULL,
  `another_establishment_type` varchar(255) DEFAULT NULL,
  PRIMARY KEY (`id`),
  UNIQUE KEY `UK_h3tahd3n1q4kp7v3xwxxueoud` (`id_server`),
  KEY `FKa908thtmqa8crsydwj32f1jjl` (`targeted_diploma`),
  KEY `FK8mst42dw0j0ejjp0qh831ty29` (`teaching_area`),
  KEY `FK_1owtti119f95r1vv9oc7xnbml` (`establishment_type`),
  KEY `FK_kiwsm8pa9yd00er0xivjymk20` (`study_level`),
  KEY `FK_th7r3t3j275wb1g1mmxkko829` (`account`),
  CONSTRAINT `FK8mst42dw0j0ejjp0qh831ty29` FOREIGN KEY (`teaching_area`) REFERENCES `teaching_area` (`id`),
  CONSTRAINT `FK_1owtti119f95r1vv9oc7xnbml` FOREIGN KEY (`establishment_type`) REFERENCES `establishment_type` (`id`),
  CONSTRAINT `FK_kiwsm8pa9yd00er0xivjymk20` FOREIGN KEY (`study_level`) REFERENCES `study_level` (`id`),
  CONSTRAINT `FK_th7r3t3j275wb1g1mmxkko829` FOREIGN KEY (`account`) REFERENCES `account` (`id`),
  CONSTRAINT `FKa908thtmqa8crsydwj32f1jjl` FOREIGN KEY (`targeted_diploma`) REFERENCES `diploma` (`id`)
) ENGINE=InnoDB DEFAULT CHARSET=utf8;
/*!40101 SET character_set_client = @saved_cs_client */;

--
-- Dumping data for table `higher_education`
--

LOCK TABLES `higher_education` WRITE;
/*!40000 ALTER TABLE `higher_education` DISABLE KEYS */;
INSERT INTO `higher_education` VALUES (1701,'1654475429069610','','2020-11-10 12:20:39','',NULL,0,'Villetaneuse','\0',NULL,'Université sorbonne paris nord','Contrôle de gestion Audit organisationnel',1699,726,931,1128,1533,NULL,NULL,NULL),(1736,'1733254184231035','','2020-11-11 10:13:38','\0',NULL,0,'Yaoundé','\0','Pratique. je vise un diplôme d\'ingénieur.','Institut saint jean','Management des SI',666,730,930,1139,1572,NULL,NULL,NULL),(1781,'1735785017685213','','2020-11-11 10:55:50','\0',NULL,0,'Le mans','\0','Mathématiques, sciences physiques (Mécanique des Fluides, Transferts Thermiques, Résistance Des Matériaux, etc.), sciences industrielles (Conception Assistée par Ordinateur, Fabrication Additive, Systèmes Embarqués, Processus Industriels, Qualité, etc.) ','Ismans cesi','Mathématiques, sciences physiques et sciences industrielles.',1713,730,928,1127,1561,NULL,NULL,NULL),(1850,'1757628288938516','','2020-11-11 16:59:52','\0',NULL,0,'Orlando','\0',NULL,'Valencia college','Systeme Informatique',1844,726,935,1126,1560,NULL,NULL,NULL),(1879,'1826731398123566','','2020-11-12 12:10:51','\0',NULL,0,'Paris','\0',NULL,'Atla','Management Artistique et Culturel',1877,730,929,1127,1554,NULL,NULL,NULL),(1887,'1913561188875683','','2020-11-13 12:18:45','\0',NULL,0,'Gif sur yvette','\0',NULL,'Supélec','hhhh',619,728,931,1127,1572,NULL,NULL,NULL),(1888,'1913560762549149','','2020-11-13 12:18:45','\0',NULL,0,'Gif sur yvette','\0',NULL,'Supélec','hhhh',619,728,931,1127,1572,NULL,NULL,NULL),(1917,'2031837765055022','','2020-11-14 21:09:14','\0',NULL,0,'Lannion','\0',NULL,'Université de rennes - iut de lannion','Génie logiciel',1903,727,942,1122,1572,NULL,NULL,NULL),(2046,'2448083273579969','','2020-11-19 16:47:49','',NULL,0,'Lowell, ma','\0',NULL,'University of massachusetts','Data Visualization',599,726,931,1128,1560,NULL,NULL,NULL),(2059,'2703496756946906','','2020-11-22 15:44:42','\0',NULL,0,'Toulouse','\0',NULL,'Enseeiht','Energie',1898,728,931,1127,1574,NULL,NULL,NULL),(2120,'3117469779579981','','2020-11-27 10:44:15','',NULL,0,'Lyon','\0',NULL,'Ecole de musique de lyon','Musique',600,733,943,1139,1556,'Bac +12','Bac+11','Association'),(2236,'4024732460947229','','2020-12-07 22:45:17','\0',NULL,0,'Levallois','\0',NULL,'Ifcv','Conseiller financier',1711,733,929,1123,1532,NULL,NULL,'Formation en alternance'),(2249,'4091368905223793','','2020-12-08 17:13:07','\0',NULL,0,'Paris','\0',NULL,'Cnam','Economie Sociale et Solidaire',2128,730,931,1129,1545,NULL,NULL,NULL),(2306,'951604623213531','','2020-12-20 08:35:42','\0',NULL,0,'Valenciennes','\0',NULL,'Henri wallon','Diplôme de comptabilité et de gestion ',2166,729,929,1127,1533,NULL,NULL,NULL),(2307,'951604697243688','','2020-12-20 08:35:42','\0',NULL,0,'Valenciennes','\0',NULL,'Henri wallon','Diplôme de comptabilité et de gestion ',2166,729,929,1127,1533,NULL,NULL,NULL),(2308,'951641775596446','','2020-12-20 08:35:42','\0',NULL,0,'Valenciennes','\0',NULL,'Henri wallon','Comptabilité et gestion ',2166,729,929,1127,1533,NULL,NULL,NULL),(2553,'1149335397238536','','2021-01-05 02:13:10','\0',NULL,0,'Québec','\0',NULL,'Université laval','Droit international et transnational',2551,726,931,1125,1529,NULL,NULL,NULL),(2731,'1381242944519609','','2021-01-07 18:38:18','\0',NULL,0,'Paris','\0',NULL,'Cnam','ASIF',2641,726,931,1127,1532,NULL,NULL,NULL),(2791,'1392358396337275','','2021-01-07 21:43:33','',NULL,0,'Douala','\0','BTS obtenu en 2009','Institut universitaire de la cote (iuc)','Informatique Industrielle',2202,726,940,1121,1560,NULL,NULL,NULL),(2792,'1392361542370214','','2021-01-07 21:43:36','',NULL,0,'Douala','\0','BTS obtenu en 2009','Institut universitaire de la cote (iuc)','Informatique Industrielle',2202,726,940,1121,1560,NULL,NULL,NULL),(3137,'1830164729449558','','2021-01-12 23:11:04','\0',NULL,0,'Levallois','\0','Bachelor en 3ème année de commerce marketing international et gestion d\'entreprises.','Isc paris','Marketing international et gestion d\'entreprise',3135,730,929,1127,1533,NULL,NULL,NULL),(3167,'1922781596287940','','2021-01-14 01:03:56','\0',NULL,0,'Charleville-mézières ','\0','Spécialité Réseau ','Lycée monge ','Système Informatique aux Organisations',3165,733,940,1121,1560,NULL,NULL,'Lycée'),(3205,'2074230754906255','','2021-01-15 19:08:05','\0',NULL,0,'Worcester','\0',NULL,'Massachusetts college and phamrcy','pharmacy',3197,728,934,1132,1585,NULL,NULL,NULL),(3268,'2160862170201246','','2021-01-16 19:11:58','',NULL,0,'Dijon','\0',NULL,'Burgundy school of business','Finance d’entreprise ',3194,728,931,1127,1533,NULL,NULL,NULL),(3417,'158522155339464','','2021-01-20 18:12:59','\0',NULL,0,'Tours','\0',NULL,'Université françois-rabelais','Informatique',3415,726,929,1129,1560,NULL,NULL,NULL),(3418,'158522161081542','','2021-01-20 18:12:59','\0',NULL,0,'Tours','\0',NULL,'Université françois-rabelais','Informatique',3415,726,929,1129,1560,NULL,NULL,NULL),(3419,'158522155239761','','2021-01-20 18:12:59','\0',NULL,0,'Tours','\0',NULL,'Université françois-rabelais','Informatique',3415,726,929,1129,1560,NULL,NULL,NULL),(3420,'158522158917075','','2021-01-20 18:12:59','\0',NULL,0,'Tours','\0',NULL,'Université françois-rabelais','Informatique',3415,726,929,1129,1560,NULL,NULL,NULL),(3421,'158522156848311','','2021-01-20 18:12:59','\0',NULL,0,'Tours','\0',NULL,'Université françois-rabelais','Informatique',3415,726,929,1129,1560,NULL,NULL,NULL),(3422,'158522189874839','','2021-01-20 18:12:59','\0',NULL,0,'Tours','\0',NULL,'Université françois-rabelais','Informatique',3415,726,929,1129,1560,NULL,NULL,NULL),(3423,'158525826705032','','2021-01-20 18:13:00','\0',NULL,0,'Tours','\0',NULL,'Université françois-rabelais','Informatique',3415,726,929,1129,1560,NULL,NULL,NULL),(3424,'158684518796240','','2021-01-20 18:13:00','\0',NULL,0,'Le mans','\0',NULL,'Ismans cesi','',3415,730,937,1129,1562,NULL,NULL,NULL),(3425,'158525917995474','','2021-01-20 18:13:00','\0',NULL,0,'Tours','\0',NULL,'Université françois-rabelais','Informatique',3415,726,929,1129,1560,NULL,NULL,NULL),(3552,'114639617886923','','2021-01-22 00:07:04','\0',NULL,0,'Douala-cameroon','\0','Theorie des cours magistraux a l\'instar du droit administratif, droit de la famille, droit civil des personnes etc.','University of douala','Droit prive Des Affaires',3509,726,929,1124,1528,NULL,NULL,NULL),(3553,'114639599892897','','2021-01-22 00:07:04','\0',NULL,0,'Douala-cameroon','\0','Theorie des cours magistraux a l\'instar du droit administratif, droit de la famille, droit civil des personnes etc.','University of douala','Droit prive Des Affaires',3509,726,929,1124,1528,NULL,NULL,NULL),(3554,'114639584561004','','2021-01-22 00:07:04','\0',NULL,0,'Douala-cameroon','\0','Theorie des cours magistraux a l\'instar du droit administratif, droit de la famille, droit civil des personnes etc.','University of douala','Droit prive Des Affaires',3509,726,929,1124,1528,NULL,NULL,NULL),(3555,'114639579475340','','2021-01-22 00:07:04','\0',NULL,0,'Douala-cameroon','\0','Theorie des cours magistraux a l\'instar du droit administratif, droit de la famille, droit civil des personnes etc.','University of douala','Droit prive Des Affaires',3509,726,929,1124,1528,NULL,NULL,NULL),(3556,'114640480956276','','2021-01-22 00:07:05','\0',NULL,0,'Douala-cameroon','\0','Theorie des cours magistraux a l\'instar du droit administratif, droit de la famille, droit civil des personnes etc.','University of douala','Droit prive Des Affaires',3509,726,929,1124,1528,NULL,NULL,NULL),(3557,'115503400051231','','2021-01-22 00:07:05','\0',NULL,0,'Atlanta ','\0','','Georgia gwinnett college','Cyber Security',3509,733,930,1126,1528,NULL,NULL,' College'),(3610,'219167668122075','','2021-01-23 05:09:12','\0',NULL,0,'Paris','\0','Geopolitique, Finance  de marche et d\'entreprise, Strategie commerciale, etcc','Wibs','Ingenierie Financiere',2579,733,931,1127,1532,NULL,NULL,'Ecole de commerce'),(3650,'278822780407549','','2021-01-23 21:43:27','\0',NULL,0,'Boston','\0',NULL,'Fsu','Immunologie',2638,726,930,1132,1599,NULL,NULL,NULL),(4117,'1506036734759168','','2021-02-12 21:45:06','\0',NULL,0,'Paris','\0',NULL,'Cfa','Rh ',3295,730,931,1128,1533,NULL,NULL,NULL),(4174,'1758153381183749','','2021-02-15 19:46:27','',NULL,0,'Poitiers','\0',NULL,'Lycée aliénor d\'aquitaine','BTS Assistant de manager',3994,729,940,1121,1533,NULL,NULL,NULL),(4246,'2151565217232584','','2021-02-20 09:03:55','\0',NULL,0,'Dunkerque','\0','En initiale, cours d\'informatique ;\nDéveloppement et réseaux','Lycée de l\'europe','Système Nunmerique Informatique Reseau',3180,729,935,1121,1560,NULL,NULL,NULL),(4348,'2253511311193822','','2021-02-21 13:23:01','\0',NULL,0,'Compiègne','\0','Formation en école d\'ingénieur axée sur les mesures industrielles en terme de procédé à élaborer ou innover','Utc compiègne ','Industries des procédés (option Système Energétiques)',2205,728,931,1132,1561,NULL,NULL,NULL),(4884,'2291466081073021','','2021-02-21 23:45:00','\0',NULL,0,'Le mans','\0',NULL,'Ismans','Mathematiques et Sciences des organisations',3912,728,931,1129,1559,NULL,NULL,NULL),(4940,'2327153304658795','','2021-02-22 09:50:23','\0',NULL,0,'Bruxelles ','\0',NULL,'Ucl','Médecine Générale ',4130,726,933,1136,1587,NULL,NULL,NULL);
/*!40000 ALTER TABLE `higher_education` ENABLE KEYS */;
UNLOCK TABLES;

--
-- Table structure for table `infos_media_type`
--

DROP TABLE IF EXISTS `infos_media_type`;
/*!40101 SET @saved_cs_client     = @@character_set_client */;
/*!40101 SET character_set_client = utf8 */;
CREATE TABLE `infos_media_type` (
  `id` int(11) NOT NULL,
  `id_server` varchar(255) NOT NULL,
  `color` varchar(255) NOT NULL,
  `position` tinyint(4) NOT NULL,
  `url` varchar(255) NOT NULL,
  PRIMARY KEY (`id`),
  UNIQUE KEY `UK_666irr8e1spjsdlf4en8q0i2m` (`id_server`)
) ENGINE=InnoDB DEFAULT CHARSET=utf8;
/*!40101 SET character_set_client = @saved_cs_client */;

--
-- Dumping data for table `infos_media_type`
--

LOCK TABLES `infos_media_type` WRITE;
/*!40000 ALTER TABLE `infos_media_type` DISABLE KEYS */;
/*!40000 ALTER TABLE `infos_media_type` ENABLE KEYS */;
UNLOCK TABLES;

--
-- Table structure for table `level`
--

DROP TABLE IF EXISTS `level`;
/*!40101 SET @saved_cs_client     = @@character_set_client */;
/*!40101 SET character_set_client = utf8 */;
CREATE TABLE `level` (
  `id` int(11) NOT NULL,
  `id_server` varchar(255) NOT NULL,
  `description` varchar(255) DEFAULT NULL,
  `grade` int(11) NOT NULL,
  `icon` varchar(255) NOT NULL,
  `label` varchar(255) NOT NULL,
  `mastered` bit(1) DEFAULT NULL,
  PRIMARY KEY (`id`),
  UNIQUE KEY `UK_avbprobsmujuclg54t1crl3ip` (`id_server`)
) ENGINE=InnoDB DEFAULT CHARSET=utf8;
/*!40101 SET character_set_client = @saved_cs_client */;

--
-- Dumping data for table `level`
--

LOCK TABLES `level` WRITE;
/*!40000 ALTER TABLE `level` DISABLE KEYS */;
INSERT INTO `level` VALUES (1101,'77581904485800','Très bien',2,'green-arrow-plus.svg','Très bien',''),(1102,'77581905490800','Bien',1,'green-arrow.svg','Bien',''),(1103,'77581906341100','Notions de base',-2,'orange-arrow.svg','Notions de base','\0'),(1104,'77581907171400','A approfondir',-1,'red-arrow.svg','A approfondir','\0');
/*!40000 ALTER TABLE `level` ENABLE KEYS */;
UNLOCK TABLES;

--
-- Table structure for table `media_subtype`
--

DROP TABLE IF EXISTS `media_subtype`;
/*!40101 SET @saved_cs_client     = @@character_set_client */;
/*!40101 SET character_set_client = utf8 */;
CREATE TABLE `media_subtype` (
  `id` int(11) NOT NULL,
  `id_server` varchar(255) NOT NULL,
  `label` varchar(255) NOT NULL,
  `media_type` int(11) DEFAULT NULL,
  PRIMARY KEY (`id`),
  UNIQUE KEY `UK_fpk6ncx36twffmkqpvpie81o` (`id_server`),
  KEY `FKgjun9jfynng9l72q9v8kkj6y9` (`media_type`),
  CONSTRAINT `FKgjun9jfynng9l72q9v8kkj6y9` FOREIGN KEY (`media_type`) REFERENCES `media_type` (`id`)
) ENGINE=InnoDB DEFAULT CHARSET=utf8;
/*!40101 SET character_set_client = @saved_cs_client */;

--
-- Dumping data for table `media_subtype`
--

LOCK TABLES `media_subtype` WRITE;
/*!40000 ALTER TABLE `media_subtype` DISABLE KEYS */;
INSERT INTO `media_subtype` VALUES (1467,'205869184207500','Cours',1462),(1468,'205869191972700','Exercices et corrections',1462),(1469,'205869194065100','Sujets d\'examen et corrections',1462),(1470,'205869196216700','Fiches et astuces de revision',1462),(1471,'205869198238300','Mémoires, Exposés, présentation',1462),(1472,'205869201161800','Diplômes, certifications, CV et lettre de motivation',1462),(1473,'205869202968000','Réalisations professionnelles et fiches métiers',1462),(1474,'205869205127700','Travaux et articles de recherche / livres',1462),(1475,'205869207228900','Autres',1462),(1476,'205869209586500','Vidéos éducatives et pédagogiques',1463),(1477,'205869211848200','Conférences',1463),(1478,'205869214179600','Vidéos d\'actualité et débats',1463),(1479,'205869216302400','Ma chaîne vidéo',1463),(1480,'205869219265500','Mes vidéos',1463),(1481,'205869221240200','Autres',1463),(1482,'205869223457400','Audios éducatifs et pédagogiques',1464),(1483,'205869225596500','Conférences',1464),(1484,'205869227705100','Audios d\'actualités et débats',1464),(1485,'205869230094500','Podcasts',1464),(1486,'205869232234900','Mes audios',1464),(1487,'205869234221800','Autres',1464),(1488,'205869237560500','Articles de presse',1465),(1489,'205869239819300','Site web',1465),(1490,'205869242106200','Blogs',1465),(1491,'205869244536800','Revues scientifiques et pédagogiques',1465),(1492,'205869246755800','Questionnaires et jeux éducatifs',1465),(1493,'205869248741500','Livres',1465),(1494,'205869250822500','Autres',1465),(1495,'205869253315300','Photos de documents',1466),(1496,'205869255323100','Mes photos',1466),(1497,'205869257417000','Photos publiées',1466),(1498,'205869259599100','Autres',1466);
/*!40000 ALTER TABLE `media_subtype` ENABLE KEYS */;
UNLOCK TABLES;

--
-- Table structure for table `media_type`
--

DROP TABLE IF EXISTS `media_type`;
/*!40101 SET @saved_cs_client     = @@character_set_client */;
/*!40101 SET character_set_client = utf8 */;
CREATE TABLE `media_type` (
  `id` int(11) NOT NULL,
  `id_server` varchar(255) NOT NULL,
  `label` varchar(255) NOT NULL,
  PRIMARY KEY (`id`),
  UNIQUE KEY `UK_at21ep413yoo6ja3927db4x94` (`id_server`)
) ENGINE=InnoDB DEFAULT CHARSET=utf8;
/*!40101 SET character_set_client = @saved_cs_client */;

--
-- Dumping data for table `media_type`
--

LOCK TABLES `media_type` WRITE;
/*!40000 ALTER TABLE `media_type` DISABLE KEYS */;
INSERT INTO `media_type` VALUES (1461,'205799911330100','AVATAR'),(1462,'205799912325800','DOCUMENT'),(1463,'205799913306900','VIDEO'),(1464,'205799914229000','AUDIO'),(1465,'205799915051900','LINK'),(1466,'205799915887200','IMAGE');
/*!40000 ALTER TABLE `media_type` ENABLE KEYS */;
UNLOCK TABLES;

--
-- Table structure for table `message`
--

DROP TABLE IF EXISTS `message`;
/*!40101 SET @saved_cs_client     = @@character_set_client */;
/*!40101 SET character_set_client = utf8 */;
CREATE TABLE `message` (
  `id` int(11) NOT NULL,
  `id_server` varchar(255) NOT NULL,
  `active` bit(1) DEFAULT NULL,
  `created_at` datetime NOT NULL,
  `deleted` bit(1) DEFAULT NULL,
  `modified_at` datetime DEFAULT NULL,
  `revision` bigint(20) DEFAULT NULL,
  `content` varchar(255) NOT NULL,
  `account` int(11) DEFAULT NULL,
  `conversation` int(11) DEFAULT NULL,
  PRIMARY KEY (`id`),
  UNIQUE KEY `UK_9uaa6xfb0ls864o6hw0dspxuy` (`id_server`),
  KEY `FKgl02ife6trs9dhm9bjnokj6j` (`account`),
  KEY `FK3ydah2qgeg9o0gl4wnbf4i13y` (`conversation`),
  CONSTRAINT `FK3ydah2qgeg9o0gl4wnbf4i13y` FOREIGN KEY (`conversation`) REFERENCES `conversation` (`id`),
  CONSTRAINT `FKgl02ife6trs9dhm9bjnokj6j` FOREIGN KEY (`account`) REFERENCES `account` (`id`)
) ENGINE=InnoDB DEFAULT CHARSET=utf8;
/*!40101 SET character_set_client = @saved_cs_client */;

--
-- Dumping data for table `message`
--

LOCK TABLES `message` WRITE;
/*!40000 ALTER TABLE `message` DISABLE KEYS */;
INSERT INTO `message` VALUES (2851,'1434473090960412','\0','2021-01-08 09:25:29','\0',NULL,0,'hello',591,2850),(2852,'1434495563854221','\0','2021-01-08 09:25:55','\0',NULL,0,'hello',1,2850),(2853,'1434543251749332','\0','2021-01-08 09:26:38','\0',NULL,0,'comment tu vas ?',591,2850),(2854,'1434561859021785','\0','2021-01-08 09:26:56','\0',NULL,0,'bien bien',1,2850),(2855,'1434571786866389','\0','2021-01-08 09:27:06','\0',NULL,0,'et toi ?',1,2850),(2857,'1434794995663351','\0','2021-01-08 09:30:49','\0',NULL,0,'bjr',1727,2856),(2858,'1434824486198476','\0','2021-01-08 09:31:19','\0',NULL,0,'bonjour',1,2856),(2859,'1434835239197892','\0','2021-01-08 09:31:30','\0',NULL,0,'tout est nickel !',1,2856),(2860,'1435123074940479','\0','2021-01-08 09:36:17','\0',NULL,0,'cool super',1727,2856),(2861,'1435513840460932','\0','2021-01-08 09:42:48','\0',NULL,0,'hello',1,2850),(2862,'1435524897239123','\0','2021-01-08 09:42:59','\0',NULL,0,'yes yes',591,2850),(2863,'1435542882396332','\0','2021-01-08 09:43:17','\0',NULL,0,'tu disais quoi?',591,2850),(2865,'1441166456918720','\0','2021-01-08 11:17:02','\0',NULL,0,'teste 1',1727,2856),(2866,'1441184047547114','\0','2021-01-08 11:17:18','\0',NULL,0,'bien recu',1,2856),(2867,'1441204515683823','\0','2021-01-08 11:17:39','\0',NULL,0,'ok cool',1727,2856),(2873,'1465979149835966','\0','2021-01-08 18:10:37','\0',NULL,0,'hello\n',1,2872),(2874,'1465996443642388','\0','2021-01-08 18:10:52','\0',NULL,0,'hello\n',1,2872),(2875,'1466189190376139','\0','2021-01-08 18:14:04','\0',NULL,0,'salut',600,2872),(2876,'1466189843774738','\0','2021-01-08 18:14:04','\0',NULL,0,'salut\n',600,2872),(2877,'1466250826297222','\0','2021-01-08 18:15:05','\0',NULL,0,'cool\n',1,2872),(2908,'1479643455927340','\0','2021-01-08 21:58:18','\0',NULL,0,'Hello JP',600,2907),(2917,'1525218974225138','\0','2021-01-09 10:37:53','\0',NULL,0,'Message gratuit\n',2911,2916),(2918,'1525220464342886','\0','2021-01-09 10:37:55','\0',NULL,0,'Message gratuit\n',2911,2916),(2922,'1525563502937327','\0','2021-01-09 10:43:38','\0',NULL,0,'balance les 10 000 euros frère',600,2916),(2923,'1525595069519225','\0','2021-01-09 10:44:09','\0',NULL,0,'10 000 euros\n',2911,2916),(2984,'1566108286263153','\0','2021-01-09 21:59:23','\0',NULL,0,'yo\n\n',1900,2982),(2985,'1566146645573679','\0','2021-01-09 22:00:01','\0',NULL,0,'juste pour voir si tu recevras des notifications liées à mon message ici',1900,2982),(3013,'1571877530461003','\0','2021-01-09 23:35:33','\0',NULL,0,'Serge',2992,3012),(3015,'1572029590807996','\0','2021-01-09 23:38:04','\0',NULL,0,'Salut',1713,3014),(3017,'1572056287053775','\0','2021-01-09 23:38:31','\0',NULL,0,'Salut',1713,3016),(3022,'1572662314689310','\0','2021-01-09 23:48:37','\0',NULL,0,'coucou Kimia',600,3021),(3023,'1572708236523913','\0','2021-01-09 23:49:23','\0',NULL,0,'c\'est comment ?\n',600,3016),(3024,'1572746432587105','\0','2021-01-09 23:50:01','\0',NULL,0,'so comment ?\n',600,3012),(3025,'1572749950115323','\0','2021-01-09 23:50:04','\0',NULL,0,'so comment ?',600,3012),(3027,'1572830550255507','\0','2021-01-09 23:51:25','\0',NULL,0,'coucou Alvine ça va ?\n',600,3026),(3029,'1572916057357521','\0','2021-01-09 23:52:51','\0',NULL,0,'hello David, la forme ?\n',600,3028),(3031,'1572959948866274','\0','2021-01-09 23:53:35','\0',NULL,0,'coucou ça va ?\n',600,3030),(3032,'1572992589185456','\0','2021-01-09 23:54:07','\0',NULL,0,'On go quand à Dubai ?',600,3030),(3059,'1647417428228611','\0','2021-01-10 20:34:33','\0',NULL,0,'Bonsoir grand boss ',1903,3057),(3061,'1690224558296675','\0','2021-01-11 08:27:59','\0',NULL,0,'Bonjour\n',1,2872),(3062,'1690333961913198','\0','2021-01-11 08:29:48','\0',NULL,0,'Bonjour\n',600,2872),(3063,'1690334138795982','\0','2021-01-11 08:29:48','\0',NULL,0,'Bonjour\n',600,2872),(3065,'1690494759751454','\0','2021-01-11 08:32:29','\0',NULL,0,'comment vas tu ?\n',600,3064),(3095,'1725715577224428','\0','2021-01-11 18:19:30','\0',NULL,0,'coucou flo\n',600,3094),(3096,'1725739071929497','\0','2021-01-11 18:19:53','\0',NULL,0,'c\'est ton pote à la compote \n',600,3094),(3158,'1889369779246458','\0','2021-01-13 15:47:04','\0',NULL,0,'test de la messagerie \n',599,3157),(3231,'2074857773904157','\0','2021-01-15 19:18:32','\0',NULL,0,'hello\n',600,3230),(3232,'2074871334515523','\0','2021-01-15 19:18:46','\0',NULL,0,'hello \n',3197,3230),(3233,'2074879773785325','\0','2021-01-15 19:18:54','\0',NULL,0,'c\'est comment ?\n',600,3230),(3234,'2074928134444990','\0','2021-01-15 19:19:42','\0',NULL,0,'ok\n',3197,3230),(3302,'2300696990224658','\0','2021-01-18 10:03:30','\0',NULL,0,'hi',1,2850),(3303,'2300823505216962','\0','2021-01-18 10:04:38','\0',NULL,0,'hello',591,2850),(3304,'2300823604899595','\0','2021-01-18 10:04:38','\0',NULL,0,'hello',591,2850),(3314,'2313967879482800','\0','2021-01-18 13:43:43','\0',NULL,0,'Hello Steph la forme ?',600,3313),(3337,'2347736118573541','\0','2021-01-18 23:06:31','\0',NULL,0,'test',2511,3313),(3338,'2347736870964184','\0','2021-01-18 23:06:31','\0',NULL,0,'lol',2511,3313),(3339,'2347736877933884','\0','2021-01-18 23:06:31','\0',NULL,0,'test',2511,3313),(3340,'2347736919825681','\0','2021-01-18 23:06:31','\0',NULL,0,'test',2511,3313),(3341,'2347736988073775','\0','2021-01-18 23:06:32','\0',NULL,0,'bien et toi ?',2511,3313),(3342,'2347736985342276','\0','2021-01-18 23:06:32','\0',NULL,0,'allo houston ?',2511,3313),(3390,'73109911836311','\0','2021-01-19 18:29:34','\0',NULL,0,'tcèu',2511,3313),(3391,'73110792330011','\0','2021-01-19 18:29:34','\0',NULL,0,'hhh',2511,3313),(3392,'73110089601323','\0','2021-01-19 18:29:34','\0',NULL,0,'gay',2511,3313),(3393,'73380922999457','\0','2021-01-19 18:33:56','\0',NULL,0,'RDV au bois de boubou',600,3313),(3394,'73436561920144','\0','2021-01-19 18:34:51','\0',NULL,0,'boobies',2511,3313),(3398,'135433413371001','\0','2021-01-20 11:48:10','\0',NULL,0,'hello bonjour',1,2872),(3399,'135657556621128','\0','2021-01-20 11:51:52','\0',NULL,0,'Hello comment tu vas ?',600,2872),(3400,'136718436919799','\0','2021-01-20 12:09:33','\0',NULL,0,'skills Mates',600,2872),(3403,'137882981672320','\0','2021-01-20 12:28:58','\0',NULL,0,'ah oui, trop cool',1,2872),(3408,'149467990969811','\0','2021-01-20 15:42:03','\0',NULL,0,'Gars C\'est comment ?',600,3407),(3410,'149824411911327','\0','2021-01-20 15:47:59','\0',NULL,0,'Yo What\'s up in New-york ?',600,3409),(3411,'149845578405735','\0','2021-01-20 15:48:20','\0',NULL,0,'Aka Jay quand il t\'appelle au tel :)',600,3409),(3412,'150966020411689','\0','2021-01-20 16:07:01','\0',NULL,0,'On est là',599,3407),(3426,'18796876880772','\0','2021-01-20 21:29:43','\0',NULL,0,'hello',600,3016),(3427,'18809975023626','\0','2021-01-20 21:29:54','\0',NULL,0,'Bravo pour ton stage',600,3016),(3428,'19017750677557','\0','2021-01-20 21:33:22','\0',NULL,0,'merci',1713,3016),(3504,'96593417127888','\0','2021-01-21 19:06:18','\0',NULL,0,'Hello',600,3230),(3563,'118332912608350','\0','2021-01-22 01:08:37','\0',NULL,0,'hello Dany and\n Mary-faith',600,3562),(3564,'118435066900465','\0','2021-01-22 01:10:19','\0',NULL,0,'hi bro',3509,3562),(3690,'91073280460848','\0','2021-01-27 12:42:23','\0',NULL,0,'gg',2511,3313),(3691,'91080931809889','\0','2021-01-27 12:42:30','\0',NULL,0,'hij',2511,3313),(3714,'151226013936958','\0','2021-01-28 05:24:56','\0',NULL,0,'hello Franck c\'est Dany la fille de tonton Happida',3509,3713),(3715,'151237179201544','\0','2021-01-28 05:25:07','\0',NULL,0,'je viens de la part de BIbi',3509,3713),(3716,'151412708532518','\0','2021-01-28 05:28:02','\0',NULL,0,'il m\'a demadE de te contacter vu que jai les pb avec les fichiers sur mon bureau qui ne s\'ouvrent plus car je ne suis pas register pour les classes depuis aout du coup ils m\'ont coupE le package office de Microsoft que j\'avais',3509,3713),(3718,'197801684577110','\0','2021-01-28 18:21:11','\0',NULL,0,'Hello',673,3717),(3719,'197807001569053','\0','2021-01-28 18:21:17','\0',NULL,0,'Comment vas-tu ?',673,3717),(3746,'255374252900238','\0','2021-01-29 10:20:44','\0',NULL,0,'stephane',600,3313),(3778,'512443149530788','\0','2021-02-01 09:45:13','\0',NULL,0,'cc',3145,3777),(3782,'512831183212612','\0','2021-02-01 09:51:41','\0',NULL,0,'salut mon gars',600,3777),(3808,'648424332691581','\0','2021-02-02 23:31:34','\0',NULL,0,'Tu as vu que Ingrid est aussi sur la plateforme ?',600,3016),(3836,'691782549406199','\0','2021-02-03 11:34:12','\0',NULL,0,'hello',602,3835),(3837,'691878270011718','\0','2021-02-03 11:35:48','\0',NULL,0,'salut Arnaud',600,3835),(3888,'700909154758910','\0','2021-02-03 14:06:19','\0',NULL,0,'Hello ça va ?',600,3887),(3906,'703823326083847','\0','2021-02-03 14:54:53','\0',NULL,0,'ENFIN !',1699,3887),(3907,'703873556122720','\0','2021-02-03 14:55:43','\0',NULL,0,'Avec les notifications ça sera beaucoup plus fluide et facile pour répondre',1699,3887),(3924,'790025796413643','\0','2021-02-04 14:51:35','\0',NULL,0,'Hello',3912,3923),(3925,'790039797527646','\0','2021-02-04 14:51:49','\0',NULL,0,'petit test :)',3912,3923),(3968,'882793526141696','\0','2021-02-05 16:37:43','\0',NULL,0,'On m\'a dit que tu draguais les meufs sur skills mates',599,3157),(4033,'1387662041999563','\0','2021-02-11 12:52:12','\0',NULL,0,'HOW ?',600,2982),(4034,'1387717078339950','\0','2021-02-11 12:53:07','\0',NULL,0,'les notifications et envoies d\'emails de réception des messages ne sont encore prêts',600,2982),(4116,'1494379804178978','\0','2021-02-12 18:30:49','\0',NULL,0,'hello',4031,4115),(4122,'1506993622526697','\0','2021-02-12 22:01:03','\0',NULL,0,'coucou ça va ?',600,4121),(4123,'1507122417772560','\0','2021-02-12 22:03:12','\0',NULL,0,'Ah okay c’est vrai que ce n’est pas évident',1889,4121),(4124,'1507136000783320','\0','2021-02-12 22:03:26','\0',NULL,0,'Sans la notification',1889,4121),(4125,'1507212033675685','\0','2021-02-12 22:04:42','\0',NULL,0,'vraiment pas car tu n\'as pas d\'alerte et tu ne peux pas deviner',600,4121),(4126,'1507234104133422','\0','2021-02-12 22:05:04','\0',NULL,0,'mais beaucoup d\'éléments seront apportés à la messagerie',600,4121),(4127,'1507277227058829','\0','2021-02-12 22:05:47','\0',NULL,0,'à terme ça sera un espace de travail collaboratif avec visio, groupe, documents partagé et tout',600,4121),(4959,'257557823565700','\0','2021-02-23 09:57:00','\0',NULL,0,'',1,2872),(4961,'257667975840500','\0','2021-02-23 09:58:28','\0',NULL,0,'',1,2850);
/*!40000 ALTER TABLE `message` ENABLE KEYS */;
UNLOCK TABLES;

--
-- Table structure for table `message_multimedia`
--

DROP TABLE IF EXISTS `message_multimedia`;
/*!40101 SET @saved_cs_client     = @@character_set_client */;
/*!40101 SET character_set_client = utf8 */;
CREATE TABLE `message_multimedia` (
  `message_id` int(11) NOT NULL,
  `multimedia_id` int(11) NOT NULL,
  UNIQUE KEY `UK_sx0yghqtlnuex8mmlw2icalj5` (`multimedia_id`),
  KEY `FK94j4a0jtitsr5lofxfaoop4k2` (`message_id`),
  CONSTRAINT `FK94j4a0jtitsr5lofxfaoop4k2` FOREIGN KEY (`message_id`) REFERENCES `message` (`id`),
  CONSTRAINT `FKpyu42ov25f0qes0y1gcr38lg5` FOREIGN KEY (`multimedia_id`) REFERENCES `multimedia` (`id`)
) ENGINE=InnoDB DEFAULT CHARSET=utf8;
/*!40101 SET character_set_client = @saved_cs_client */;

--
-- Dumping data for table `message_multimedia`
--

LOCK TABLES `message_multimedia` WRITE;
/*!40000 ALTER TABLE `message_multimedia` DISABLE KEYS */;
INSERT INTO `message_multimedia` VALUES (4959,4958),(4961,4960);
/*!40000 ALTER TABLE `message_multimedia` ENABLE KEYS */;
UNLOCK TABLES;

--
-- Table structure for table `message_receivers`
--

DROP TABLE IF EXISTS `message_receivers`;
/*!40101 SET @saved_cs_client     = @@character_set_client */;
/*!40101 SET character_set_client = utf8 */;
CREATE TABLE `message_receivers` (
  `message_id` int(11) NOT NULL,
  `receivers_id` int(11) NOT NULL,
  KEY `FKfl0hpfresykmmdqeecynjbtux` (`receivers_id`),
  KEY `FKsfmc2unubrcf9ivflgn3nrc83` (`message_id`),
  CONSTRAINT `FKfl0hpfresykmmdqeecynjbtux` FOREIGN KEY (`receivers_id`) REFERENCES `account` (`id`),
  CONSTRAINT `FKsfmc2unubrcf9ivflgn3nrc83` FOREIGN KEY (`message_id`) REFERENCES `message` (`id`)
) ENGINE=InnoDB DEFAULT CHARSET=utf8;
/*!40101 SET character_set_client = @saved_cs_client */;

--
-- Dumping data for table `message_receivers`
--

LOCK TABLES `message_receivers` WRITE;
/*!40000 ALTER TABLE `message_receivers` DISABLE KEYS */;
INSERT INTO `message_receivers` VALUES (2851,1),(2851,1),(2852,591),(2852,591),(2853,1),(2853,1),(2854,591),(2854,591),(2855,591),(2855,591),(2857,1),(2857,1),(2858,1727),(2858,1727),(2859,1727),(2859,1727),(2860,1),(2860,1),(2861,591),(2861,591),(2862,1),(2862,1),(2863,1),(2863,1),(2865,1),(2865,1),(2866,1727),(2866,1727),(2867,1),(2867,1),(2873,600),(2873,600),(2874,600),(2874,600),(2875,1),(2875,1),(2876,1),(2876,1),(2877,600),(2877,600),(2908,2332),(2908,2332),(2917,600),(2917,600),(2918,600),(2918,600),(2922,2911),(2922,2911),(2923,600),(2923,600),(2984,600),(2984,600),(2985,600),(2985,600),(3013,600),(3013,600),(3015,1844),(3015,1844),(3017,600),(3017,600),(3022,2128),(3022,2128),(3023,1713),(3023,1713),(3024,2992),(3024,2992),(3025,2992),(3025,2992),(3027,1860),(3027,1860),(3029,2065),(3029,2065),(3031,2131),(3031,2131),(3032,2131),(3032,2131),(3059,600),(3059,600),(3061,600),(3061,600),(3062,1),(3062,1),(3063,1),(3063,1),(3065,600),(3065,600),(3095,3079),(3095,3079),(3096,3079),(3096,3079),(3158,1943),(3158,1943),(3231,3197),(3231,3197),(3232,600),(3232,600),(3233,3197),(3233,3197),(3234,600),(3234,600),(3302,591),(3302,591),(3303,1),(3303,1),(3304,1),(3304,1),(3314,2511),(3314,2511),(3337,600),(3339,600),(3337,600),(3339,600),(3338,600),(3340,600),(3338,600),(3340,600),(3341,600),(3341,600),(3342,600),(3342,600),(3390,600),(3391,600),(3390,600),(3392,600),(3391,600),(3392,600),(3393,2511),(3393,2511),(3394,600),(3394,600),(3398,600),(3398,600),(3399,1),(3399,1),(3400,1),(3400,1),(3403,600),(3403,600),(3408,599),(3408,599),(3410,1943),(3410,1943),(3411,1943),(3411,1943),(3412,600),(3412,600),(3426,1713),(3426,1713),(3427,1713),(3427,1713),(3428,600),(3428,600),(3504,3197),(3504,3197),(3563,3509),(3563,3509),(3564,600),(3564,600),(3690,600),(3690,600),(3691,600),(3691,600),(3714,599),(3714,599),(3715,599),(3715,599),(3716,599),(3716,599),(3718,598),(3718,598),(3719,598),(3719,598),(3746,2511),(3746,2511),(3778,600),(3778,600),(3782,3145),(3782,3145),(3808,1713),(3808,1713),(3836,600),(3836,600),(3837,602),(3837,602),(3888,1699),(3888,1699),(3906,600),(3906,600),(3907,600),(3907,600),(3924,600),(3924,600),(3925,600),(3925,600),(3968,1943),(3968,1943),(4033,1900),(4033,1900),(4034,1900),(4034,1900),(4116,600),(4116,600),(4122,1889),(4122,1889),(4123,600),(4123,600),(4124,600),(4124,600),(4125,1889),(4125,1889),(4126,1889),(4126,1889),(4127,1889),(4127,1889),(4959,600),(4961,591);
/*!40000 ALTER TABLE `message_receivers` ENABLE KEYS */;
UNLOCK TABLES;

--
-- Table structure for table `metadata`
--

DROP TABLE IF EXISTS `metadata`;
/*!40101 SET @saved_cs_client     = @@character_set_client */;
/*!40101 SET character_set_client = utf8 */;
CREATE TABLE `metadata` (
  `id` int(11) NOT NULL,
  `id_server` varchar(255) NOT NULL,
  `audio` varchar(255) DEFAULT NULL,
  `author` varchar(255) DEFAULT NULL,
  `availability` varchar(255) DEFAULT NULL,
  `canonical` varchar(255) DEFAULT NULL,
  `description` varchar(255) DEFAULT NULL,
  `image` varchar(255) DEFAULT NULL,
  `keywords` varchar(255) DEFAULT NULL,
  `title` varchar(255) DEFAULT NULL,
  `url` varchar(255) DEFAULT NULL,
  `video` varchar(255) DEFAULT NULL,
  PRIMARY KEY (`id`),
  UNIQUE KEY `UK_a1au4qxj6q0myht102ksrsmp3` (`id_server`)
) ENGINE=InnoDB DEFAULT CHARSET=utf8;
/*!40101 SET character_set_client = @saved_cs_client */;

--
-- Dumping data for table `metadata`
--

LOCK TABLES `metadata` WRITE;
/*!40000 ALTER TABLE `metadata` DISABLE KEYS */;
INSERT INTO `metadata` VALUES (2355,'482769834457674',NULL,NULL,NULL,'https://institutdeslibertes.org','L\'Institut des Libertés est un think tank destiné à être un lieu d\'échanges, de débats et de propositions pour faire découvrir et avancer les idées libérales.',NULL,NULL,'Institut Des Libertés | Think Tank','https://institutdeslibertes.org',NULL),(2358,'482935716013346',NULL,NULL,NULL,'https://www.androidhive.info/2016/02/android-push-notifications-using-gcm-php-mysql-realtime-chat-app-part-1/','Android tutorial about integrating Google Cloud Messaging 3.0. Explained with an example of realtime chat app using PHP & MySQL including android app and an admin panel.','https://www.androidhive.info/wp-content/uploads/2016/02/android-realtime-chat-app-using-gcm-php-mysql-part-1.png',NULL,'Android Building Realtime Chat App using GCM, PHP & MySQL - Part 1','https://www.androidhive.info/2016/02/android-push-notifications-using-gcm-php-mysql-realtime-chat-app-part-1/',NULL),(2365,'483864866827980',NULL,NULL,NULL,'https://www.androidhive.info/2020/09/android-rate-app-using-google-app-review-api/','Android tutorial about using In-app review API to show rate app widget. This API can be used to avoid redirecting user to playstore to rate app.','https://www.androidhive.info/wp-content/uploads/2020/09/android-in-app-review-api-tutorial-1.jpg',NULL,'Android Rate App using Google In-App Review API','https://www.androidhive.info/2020/09/android-rate-app-using-google-app-review-api/',NULL),(2368,'483928055711589',NULL,NULL,NULL,'https://www.lefigaro.fr/sciences/covid-19-debut-de-la-vaccination-en-france-olivier-veran-n-exclut-pas-un-3e-confinement-20201228','LE POINT SUR LA SITUATION - Nouveaux bilans, nouvelles mesures, faits marquants : Le Figaro fait le point sur les dernières évolutions de la pandémie de Covid-19 dans le monde.','https://i.f1g.fr/media/cms/704x396_cropupscale/2020/12/28/c75fdbd9cbe0a214a9f63c2cfd270747a727623827a22c25daa5fd9fc5a1488f.jpg',NULL,'Covid-19 : début de la vaccination en France, Olivier Véran n\'exclut pas un 3e confinement','https://www.lefigaro.fr/sciences/covid-19-debut-de-la-vaccination-en-france-olivier-veran-n-exclut-pas-un-3e-confinement-20201228',NULL),(2380,'498214787799052',NULL,NULL,NULL,'https://www.lefigaro.fr/international/brexit-ce-qui-va-changer-entre-l-europe-et-la-grande-bretagne-a-partir-du-1er-janvier-2021-20201227','Commerce, douanes, pêche, animaux de compagnie... Voici les principaux changements qui auront lieu vendredi prochain.','https://i.f1g.fr/media/eidos/630x354_crop/2020/12/27/XVMdfebd1a2-4880-11eb-9025-92f4cb4d7855.jpg',NULL,'Brexit: ce qui va changer entre l’Europe et la Grande-Bretagne à partir du 1er janvier 2021','https://www.lefigaro.fr/international/brexit-ce-qui-va-changer-entre-l-europe-et-la-grande-bretagne-a-partir-du-1er-janvier-2021-20201227',NULL),(2383,'498442984333494',NULL,NULL,NULL,'https://www.jovanovic.com/blog.htm','La Revue de Presse Internationale Economique  de Pierre Jovanovic - depuis Fevrier 2008','https://www.jovanovic.com/DATA/bdf-miseajour.jpg',NULL,'La Revue de Presse Internationale Economique de Pierre Jovanovic - depuis Fevrier 2008','https://www.jovanovic.com/blog.htm','https://www.youtube.com/watch?v=fwJs0CTsxNc'),(2548,'1133721197587842',NULL,NULL,NULL,'https://youtu.be/zJNAL378sCM','Tout d\'abord bonne et aussi belle année que possible. Merci à vous tous pour votre fidélité et votre gentillesse. Que va-t-il se passer en 2021?Rien de bien!...','https://i.ytimg.com/vi/zJNAL378sCM/maxresdefault.jpg',NULL,'2021 sera pire que 2020 voici pourquoi','https://youtu.be/zJNAL378sCM',NULL),(2788,'1389341483986112',NULL,NULL,NULL,'https://youtu.be/E4SY8_L-DTA','Dans cette vidéo, je te propose de revoir tout le cours sur le chapitre Notion de fonction.L’objet de cette séquence est de te rappeler et de t’expliquer les...','https://i.ytimg.com/vi/E4SY8_L-DTA/hqdefault.jpg',NULL,'LE COURS : Notion de fonction - Troisième - Seconde','https://youtu.be/E4SY8_L-DTA',NULL),(2825,'1400740806539707',NULL,NULL,NULL,'https://www.youtube.com/watch?v=NjShJIrd1kE','Ebauche Serious Game appliqué à la formation QHSE, dans ce module d\'initiation à la sécurité incendie, le joueur ou plutot l\'apprenant, découvre et acquiert ...','https://i.ytimg.com/vi/NjShJIrd1kE/maxresdefault.jpg',NULL,'Demo Securite Incendie Module 1','https://www.youtube.com/watch?v=NjShJIrd1kE',NULL),(2868,'1442451554753757',NULL,NULL,NULL,'https://youtu.be/qwKHosytl04','Depuis son premier livre paru en 2002 (Des lions menés par des ânes), Charles Gave, président de l\'Institut des Libertés, ne cesse d\'avertir le public à prop...','https://i.ytimg.com/vi/qwKHosytl04/hqdefault.jpg',NULL,'Charles Gave en 2010 - \"L\' Allemagne va mettre sous protectorat financier tout le reste de l\'Europe\"','https://youtu.be/qwKHosytl04',NULL),(3328,'2341285180457650',NULL,NULL,NULL,'https://www.youtube.com/watch?v=JYWzE_QFcVs','Retrouvez en direct le jeudi 28 mai à 18H la Masterclass de Joseph Maïla, intitulée  \"Géopolitique d\'une pandémie : les conséquences stratégiques de la Covid...','https://i.ytimg.com/vi/JYWzE_QFcVs/maxresdefault.jpg',NULL,'Géopolitique : les conséquences stratégiques de la Covid-19 au Moyen-Orient et en Afrique','https://www.youtube.com/watch?v=JYWzE_QFcVs',NULL),(3430,'43144842116664',NULL,NULL,NULL,'https://laconicml.com/computer-science-curriculum-youtube-videos/','This is The Entire Computer Science Curriculum in 1000 YouTube Videos. The curriculum is going to be organized in 40 courses in total, further organized in 4 academic years...','https://laconicml.com/wp-content/uploads/2020/12/post_58_naslovna.jpg',NULL,'Entire Computer Science Curriculum in 1000 YouTube Videos | Laconicml','https://laconicml.com/computer-science-curriculum-youtube-videos/',NULL),(3433,'43291965676765',NULL,NULL,NULL,'https://www.youtube.com/watch?v=00e4dtFGEE4','À travers trois affaires significatives, un décryptage édifiant du pouvoir des tribunaux d’arbitrage internationaux, qui menacent de faire prévaloir les prof...','https://i.ytimg.com/vi/00e4dtFGEE4/maxresdefault.jpg',NULL,'Quand les multinationales attaquent les États | ARTE','https://www.youtube.com/watch?v=00e4dtFGEE4',NULL),(3498,'95763206973524',NULL,NULL,NULL,'https://www.youtube.com/watch?v=dPRIPTH6LOk','CONFERENCEGagner en efficacité en utilisant pleinement votre cerveau avec Patrick Georges, neurochirurgien, professeur de management et auteur - Décembre 201...','https://i.ytimg.com/vi/dPRIPTH6LOk/maxresdefault.jpg',NULL,'Utilisez pleinement votre cerveau avec Patrick Georges - Conférence HEC Consulting & Coaching','https://www.youtube.com/watch?v=dPRIPTH6LOk',NULL),(3501,'96046190404827',NULL,NULL,NULL,'https://www.youtube.com/watch?v=rHbohISq2y8','Ce que vous n\'avez jamais appris à HEC sur le leadership avec Philippe Bazin, associé du cabinet Krauthammer et auteur du livre « Les vrais secrets du leader...','https://i.ytimg.com/vi/rHbohISq2y8/maxresdefault.jpg',NULL,'Les secrets du leadership avec Philippe Bazin - Conférence HEC Consulting & Coaching','https://www.youtube.com/watch?v=rHbohISq2y8',NULL),(3506,'98936939429278',NULL,NULL,NULL,'https://www.youtube.com/watch?v=3i5HGLur-dk&list=PL2u5muCdLSC68ugrTogxh6RBozHnWsKM_&index=1','Marcel Saucet, professeur à Harvard et fondateur de l\'agence Street Marketing vous prouve dans cette vidéo qu\'il suffit d\'une pièce d\'1€ pour faire créer le ...','https://i.ytimg.com/vi/3i5HGLur-dk/maxresdefault.jpg',NULL,'Faire du buzz avec 1 euro, c\'est possible','https://www.youtube.com/watch?v=3i5HGLur-dk&list=PL2u5muCdLSC68ugrTogxh6RBozHnWsKM_&index=1',NULL),(3548,'109672201614755',NULL,NULL,NULL,'https://www.youtube.com/watch?v=5nFmrm0efcc','Bravo, vous avez réussi à décrocher votre stage, voici 6 conseils pour faire de cette expérience  un vrai tremplin professionnel.Vidéo de la collection : \"Ca...','https://i.ytimg.com/vi/5nFmrm0efcc/maxresdefault.jpg',NULL,'6 conseils pour réussir son intégration en entreprise | Career Services by ESSEC','https://www.youtube.com/watch?v=5nFmrm0efcc',NULL),(3875,'700537119938087',NULL,NULL,NULL,'https://www.youtube.com/watch?v=MGNKeU98DNI&list=PLVUDmbpupCaqlP-R1r4uvvWnCRFqXCfKQ','Tu as de sérieuses difficultés en maths ? En moins de 15 min, je t\'explique comment tu pourras t\'améliorer nettement en te donnant les conditions de ta réuss...','https://i.ytimg.com/vi/MGNKeU98DNI/hqdefault.jpg',NULL,'Comment progresser en maths ?','https://www.youtube.com/watch?v=MGNKeU98DNI&list=PLVUDmbpupCaqlP-R1r4uvvWnCRFqXCfKQ',NULL),(3965,'882737645017562',NULL,NULL,NULL,'https://www.youtube.com/watch?v=CAkMUdeB06o','Wheel with liquid demonstrates the Pythagorean theorem at Brentwood.','https://i.ytimg.com/vi/CAkMUdeB06o/hqdefault.jpg',NULL,'Pythagorean theorem water demo','https://www.youtube.com/watch?v=CAkMUdeB06o',NULL),(4011,'1225763113159302',NULL,NULL,NULL,'https://youtu.be/69DBRQbFCCs','Le Cercle Aristote vous propose un échange entre Pierre-Yves Rougeyron et Julien Messias co-fondateur de Quantology Capital Management, sur la récente affair...','https://i.ytimg.com/vi/69DBRQbFCCs/maxresdefault.jpg',NULL,'PY. Rougeyron / J. Messias : Retour sur l\'affaire Gamestop','https://youtu.be/69DBRQbFCCs',NULL),(4027,'1379781249802522',NULL,NULL,NULL,'https://www.youtube.com/watch?v=vVVQTwPr6fg','Dans cet épisode, Huito récapitule l\'utilisation de tous les temps en anglais, en moins de 15 minutes! Le document est consultable et téléchargeable ici: htt...','https://i.ytimg.com/vi/vVVQTwPr6fg/maxresdefault.jpg',NULL,'Comprendre TOUS les temps en anglais en 15 minutes','https://www.youtube.com/watch?v=vVVQTwPr6fg',NULL),(4042,'1388778628573562',NULL,NULL,NULL,'https://www.youtube.com/watch?v=IlEv7IjzTtY&ab_channel=GrandAngle','Une interview de Harry DENT a particulièrement attiré l\'attention de Richard Détente qui vous propose dans cette nouvelle vidéo d\'en analyser le contenu. Vou...','https://i.ytimg.com/vi/IlEv7IjzTtY/maxresdefault.jpg',NULL,'La vision d\'Harry Dent pour 2022 : faillite des banques centrales, zombification de l\'économie...','https://www.youtube.com/watch?v=IlEv7IjzTtY&ab_channel=GrandAngle',NULL),(4084,'1422381126747498',NULL,NULL,NULL,'https://www.youtube.com/watch?v=b69pecTjUS4','','https://i.ytimg.com/vi/b69pecTjUS4/maxresdefault.jpg',NULL,'Êtes-vous découragé? Pensez à Paul Alexander!','https://www.youtube.com/watch?v=b69pecTjUS4',NULL),(4087,'1422701153362106',NULL,NULL,NULL,'https://www.youtube.com/watch?v=biRb__OUYLc','','https://i.ytimg.com/vi/biRb__OUYLc/maxresdefault.jpg',NULL,'Échouer sans perdre confiance: mon échec de 2007~25','https://www.youtube.com/watch?v=biRb__OUYLc',NULL),(4160,'1748931892644063',NULL,NULL,NULL,'https://www.youtube.com/watch?v=WLLMRQhzG00&list=PLL406rcBOrR5oVg6_6NTXweuAMVCpu8m1&index=1','Dans cette vidéo, vous allez voir en détail la méthode de calcul des Soldes Intermédiaires de Gestion (SIG) : Marge Commerciale, Production de l\'exercice, Va...','https://i.ytimg.com/vi/WLLMRQhzG00/maxresdefault.jpg',NULL,'Soldes Intermédiaires de Gestion (SIG) - Finance d\'entreprise 1/4','https://www.youtube.com/watch?v=WLLMRQhzG00&list=PLL406rcBOrR5oVg6_6NTXweuAMVCpu8m1&index=1',NULL),(4163,'1749406902439903',NULL,NULL,NULL,'https://www.youtube.com/watch?v=L7HzCT1h62g&list=PLL406rcBOrR5oVg6_6NTXweuAMVCpu8m1&index=2','✓ Cours en Finance d\'entreprise 2/4 :Dans cette vidéo, vous allez vous entrainer à calculer la Capacité d\'Autofinancement (CAF) à partir du compte de résulta...','https://i.ytimg.com/vi/L7HzCT1h62g/maxresdefault.jpg',NULL,'Comment calculer la CAF ? Exercice capacité d’autofinancement - Finance d\'entreprise 2/4','https://www.youtube.com/watch?v=L7HzCT1h62g&list=PLL406rcBOrR5oVg6_6NTXweuAMVCpu8m1&index=2',NULL),(4887,'2292153424807210',NULL,NULL,NULL,'https://www.youtube.com/watch?v=B3Khho7Bgac&t=1266s','','https://i.ytimg.com/vi/B3Khho7Bgac/maxresdefault.jpg',NULL,'Exploring the state of the mobile money industry in Africa','https://www.youtube.com/watch?v=B3Khho7Bgac&t=1266s',NULL),(4895,'2293721900648330',NULL,NULL,NULL,'https://au.int/sites/default/files/treaties/36437-treaty-consolidted_text_on_cfta_-_fr.pdf','',NULL,NULL,'','https://au.int/sites/default/files/treaties/36437-treaty-consolidted_text_on_cfta_-_fr.pdf',NULL),(4901,'2293962135963738',NULL,NULL,NULL,'https://au.int/sites/default/files/treaties/36437-treaty-consolidted_text_on_cfta_-_fr.pdf','',NULL,NULL,'','https://au.int/sites/default/files/treaties/36437-treaty-consolidted_text_on_cfta_-_fr.pdf',NULL),(4904,'2294663152754885',NULL,NULL,NULL,'https://market-insights.upply.com/fr/zlecaf-une-afrique-plus-integree-dans-la-supply-chain-mondiale','Avec la nouvelle zone de libre-échange africaine opérationnelle depuis le 1er janvier, l\'Afrique pourrait développer son potentiel dans la supply chain.','https://market-insights.upply.com/hubfs/17.jpg#keepProtocol',NULL,'ZLECAf : une Afrique plus intégrée dans la supply chain mondiale','https://market-insights.upply.com/fr/zlecaf-une-afrique-plus-integree-dans-la-supply-chain-mondiale',NULL),(4962,'258182076918300',NULL,NULL,NULL,'https://www.youtube.com/watch?v=JWvMRpeF_zk&t=4s&ab_channel=LeMonde','Pfizer-BioNtech, Moderna, AstraZeneca, Sinopharm, Gamaleïa… Un à un, de nombreux laboratoires pharmaceutiques ont annoncé avoir mis au point un vaccin contre...','https://i.ytimg.com/vi/JWvMRpeF_zk/maxresdefault.jpg',NULL,'La France n’a pas trouvé de vaccin contre le Covid-19. Voici pourquoi','https://www.youtube.com/watch?v=JWvMRpeF_zk&t=4s&ab_channel=LeMonde',NULL);
/*!40000 ALTER TABLE `metadata` ENABLE KEYS */;
UNLOCK TABLES;

--
-- Table structure for table `multimedia`
--

DROP TABLE IF EXISTS `multimedia`;
/*!40101 SET @saved_cs_client     = @@character_set_client */;
/*!40101 SET character_set_client = utf8 */;
CREATE TABLE `multimedia` (
  `id` int(11) NOT NULL,
  `id_server` varchar(255) NOT NULL,
  `active` bit(1) DEFAULT NULL,
  `created_at` datetime NOT NULL,
  `deleted` bit(1) DEFAULT NULL,
  `modified_at` datetime DEFAULT NULL,
  `revision` bigint(20) DEFAULT NULL,
  `checksum` varchar(255) DEFAULT NULL,
  `directory` varchar(255) DEFAULT NULL,
  `extension` varchar(255) DEFAULT NULL,
  `mime_type` varchar(255) DEFAULT NULL,
  `name` varchar(255) DEFAULT NULL,
  `type` varchar(255) DEFAULT NULL,
  `url` varchar(255) DEFAULT NULL,
  `account` int(11) DEFAULT NULL,
  `metadata` int(11) DEFAULT NULL,
  PRIMARY KEY (`id`),
  UNIQUE KEY `UK_fjsq1euaq26h44sxodq1duswj` (`id_server`),
  KEY `FKjp62ph2bdbrb6kpcxswhvhy85` (`account`),
  KEY `FK52xlni718y26uu1eq75e536jo` (`metadata`),
  CONSTRAINT `FK52xlni718y26uu1eq75e536jo` FOREIGN KEY (`metadata`) REFERENCES `metadata` (`id`),
  CONSTRAINT `FKjp62ph2bdbrb6kpcxswhvhy85` FOREIGN KEY (`account`) REFERENCES `account` (`id`)
) ENGINE=InnoDB DEFAULT CHARSET=utf8;
/*!40101 SET character_set_client = @saved_cs_client */;

--
-- Dumping data for table `multimedia`
--

LOCK TABLES `multimedia` WRITE;
/*!40000 ALTER TABLE `multimedia` DISABLE KEYS */;
INSERT INTO `multimedia` VALUES (1667,'1561574893690934','','2020-11-09 10:32:24','\0',NULL,0,'ab261cba','751374635565057','pdf','application/pdf','CV KEOU FX.pdf','DOCUMENT',NULL,600,NULL),(1671,'1566622832852174','','2020-11-09 11:56:28','\0',NULL,0,'b805136c','751374635565057','JPG','image/jpeg','D423584B-2499-4B53-A5A9-FE0B325170E5.JPG','IMAGE',NULL,600,NULL),(1673,'1566832646127130','','2020-11-09 11:59:59','\0',NULL,0,'d165129d','751374635565057','mp3','audio/mpeg','spot-audio-skills-mates.mp3','AUDIO',NULL,600,NULL),(1676,'1567571365085667','','2020-11-09 12:12:16','\0',NULL,0,'d7cbbe71','751374635565057','jpg','image/jpeg','587894-1.jpg','IMAGE',NULL,600,NULL),(1678,'1605895507419827','','2020-11-09 22:51:05','\0',NULL,0,'5d0f6835','751374635565057','pdf','application/pdf','Master 2.pdf','DOCUMENT',NULL,600,NULL),(1684,'1647555038064699','','2020-11-10 10:25:26','\0',NULL,0,'16148f63','11308326636800','pdf','application/pdf','file-example_PDF_500_kB.pdf','DOCUMENT',NULL,1,NULL),(1686,'1649945868725321','','2020-11-10 11:05:15','\0',NULL,0,'fbb47033','751374635565057','mp4','video/mp4','Jerusalema.mp4','VIDEO',NULL,600,NULL),(1702,'1655008576323375','','2020-11-10 12:29:37','\0',NULL,0,'3183f05c','1654070575767483','jpg','image/jpeg','IMG_3761.jpg','AVATAR',NULL,1699,NULL),(1718,'1732384040678837','','2020-11-11 09:59:13','\0',NULL,0,'724f95aa','747813413788866','png','image/png','2020-05-17 (6).png','IMAGE',NULL,598,NULL),(1725,'1732800869528090','','2020-11-11 10:06:06','\0',NULL,0,'183ec91f','747813413788866','PNG','image/png','capture Scrum master.PNG','IMAGE',NULL,598,NULL),(1744,'1734001362790633','','2020-11-11 10:26:08','\0',NULL,0,'62a8f64b','1732808833502544','jpg','image/jpeg','alaint.jpg','AVATAR',NULL,1727,NULL),(1748,'1734362354176729','','2020-11-11 10:32:07','\0',NULL,0,'9d9208f9','1313255451125056','pdf','application/pdf','fiche-de-travaux-diriges-sur-les-suites-numeriques.pdf','DOCUMENT',NULL,666,NULL),(1767,'1734863294982253','','2020-11-11 10:40:28','\0',NULL,0,'a5051e9b','1313255451125056','jpg','image/jpeg','simo-bissi_mag.jpg','IMAGE',NULL,666,NULL),(1776,'1735650829565404','','2020-11-11 10:53:35','\0',NULL,0,'5be65c9c','1732808833502544','pdf','application/pdf','Methodes_de_factorisation.pdf','DOCUMENT',NULL,1727,NULL),(1778,'1735736179771302','','2020-11-11 10:55:00','\0',NULL,0,'dc4e00eb','1313255451125056','jpg','image/jpeg','3ec56f3fd590f341effcbd9676b6b92f.jpg','IMAGE',NULL,666,NULL),(1789,'1736353029531774','','2020-11-11 11:05:18','\0',NULL,0,'7b98e9ef','1732808833502544','png','image/png','division_euclidienne.png','IMAGE',NULL,1727,NULL),(1792,'1736731162427444','','2020-11-11 11:11:36','\0',NULL,0,'e74aba3e','1732808833502544','mp4','video/mp4','file_example_MP4_480_1_5MG.mp4','VIDEO',NULL,1727,NULL),(1794,'1736959988051335','','2020-11-11 11:15:28','\0',NULL,0,'fb1384b3','1732808833502544','mp3','audio/mpeg','file_example_MP3_1MG.mp3','AUDIO',NULL,1727,NULL),(1799,'1738155574761528','','2020-11-11 11:35:21','\0',NULL,0,'28b0a451','1732808833502544','pdf','application/pdf','file-sample_150kB.pdf','DOCUMENT',NULL,1727,NULL),(1802,'1738292589903408','','2020-11-11 11:37:37','\0',NULL,0,'fb1384b3','1732808833502544','mp3','audio/mpeg','file_example_MP3_1MG.mp3','AUDIO',NULL,1727,NULL),(1812,'1741617027942079','','2020-11-11 12:33:02','\0',NULL,0,'2ac94f4a','1680207444764588','pdf','application/pdf','CV_2020-11-11_Louis-marie_TCHAKOUE.pdf','DOCUMENT',NULL,1713,NULL),(1814,'1741681643121915','','2020-11-11 12:34:06','\0',NULL,0,'52e54e59','751374635565057','mp4','video/mp4','Idriss ABERKANE.mp4','VIDEO',NULL,600,NULL),(1817,'1747148454296235','','2020-11-11 14:05:14','\0',NULL,0,'fa6d05f5','813797891108429','pdf','application/pdf','Arret maladie 2.pdf','DOCUMENT',NULL,619,NULL),(1819,'1747219156712233','','2020-11-11 14:06:24','\0',NULL,0,'ab9d2f41','813797891108429','jpg','image/jpeg','OXAM 2.jpg','IMAGE',NULL,619,NULL),(1827,'1747619323085859','','2020-11-11 14:13:04','\0',NULL,0,'65bb3774','813797891108429','JPG','image/jpeg','465b8abc-7135-4714-ba8f-71712c813b82.JPG','IMAGE',NULL,619,NULL),(1846,'1757164420859321','','2020-11-11 16:52:12','\0',NULL,0,'316ade','1756432018338317','png','image/png','Screen Shot 2020-04-27 at 10.25.16 PM.png','IMAGE',NULL,1844,NULL),(1864,'1777145581419480','','2020-11-11 22:25:21','\0',NULL,0,'e94bd623','1772867928834975','pdf','application/pdf','Lecture-05-Cell-structure-and-organisation-04-1.pdf','DOCUMENT',NULL,1860,NULL),(1870,'1777421587301283','','2020-11-11 22:29:46','\0',NULL,0,'4dc1bd4f','1772867928834975','PNG','image/png','4_AN302.PNG','IMAGE',NULL,1860,NULL),(1880,'1827422829728308','','2020-11-12 12:23:11','\0',NULL,0,'588af6ca','1826013147672969','jpg','image/jpeg','camer.jpg','IMAGE',NULL,1877,NULL),(1883,'1827776654259301','','2020-11-12 12:29:05','\0',NULL,0,'8b72aaf3','1826013147672969','png','image/png','13.png','IMAGE',NULL,1877,NULL),(1913,'2030688351569778','','2020-11-14 20:50:56','\0',NULL,0,'87e96458','2028738002492927','png','image/png','index.png','IMAGE',NULL,1903,NULL),(1915,'2031154953954905','','2020-11-14 20:58:39','\0',NULL,0,'1df0b73d','2028738002492927','pdf','application/pdf','paper-smit.pdf','DOCUMENT',NULL,1903,NULL),(1929,'2086828233812049','','2020-11-15 12:26:36','\0',NULL,0,'dbbe55a6','1316315102815761','mp4','video/mp4','animation-logo-skills-mates.mp4','VIDEO',NULL,673,NULL),(1932,'2087279263578282','','2020-11-15 12:34:08','\0',NULL,0,'a4901919','1316315102815761','jpg','image/jpeg','Facebook.jpg','AVATAR',NULL,673,NULL),(1933,'2087685091460882','','2020-11-15 12:40:51','\0',NULL,0,'5fab2f8b','1316315102815761','mp4','video/mp4','Comment concevoir un CV .mp4','VIDEO',NULL,673,NULL),(1936,'2088095207347796','','2020-11-15 12:47:40','\0',NULL,0,'e90cb7f7','1316315102815761','jpg','image/jpeg','index.jpg','IMAGE',NULL,673,NULL),(1938,'2088167622412809','','2020-11-15 12:48:52','\0',NULL,0,'a4901919','1316315102815761','jpg','image/jpeg','Facebook.jpg','IMAGE',NULL,673,NULL),(1940,'2088326223959669','','2020-11-15 12:51:31','\0',NULL,0,'a8215cba','1316315102815761','pdf','application/pdf','Business-Plan-2014.pdf','DOCUMENT',NULL,673,NULL),(1945,'2101786393352725','','2020-11-15 16:36:19','\0',NULL,0,'45cfa479','2101340213446373','jpg','image/jpeg','Portrait Gael.jpg','AVATAR',NULL,1943,NULL),(1957,'2104272964480513','','2020-11-15 17:17:25','\0',NULL,0,'ab8658db','2101340213446373','pdf','application/pdf','Marx - Capital .pdf','DOCUMENT',NULL,1943,NULL),(1963,'2120099974346581','','2020-11-15 21:41:31','',NULL,0,'ada8eab9','1654070575767483','MP4','video/mp4','ips-BC0A0ECC-D114-4E4B-AD26-A75D0CF0A4F7.MP4','VIDEO',NULL,1699,NULL),(1965,'2120309750372749','','2020-11-15 21:44:56','',NULL,0,'29f2b5aa','1654070575767483','pdf','application/pdf','Tandia Cheikh-Taha [CV].pdf','DOCUMENT',NULL,1699,NULL),(1967,'2120604535793312','','2020-11-15 21:49:50','',NULL,0,'9729a659','1654070575767483','pdf','application/pdf','Tandia Cheikh-Taha [CV].pdf','DOCUMENT',NULL,1699,NULL),(1974,'2152609249867838','','2020-11-16 06:43:18','\0',NULL,0,'fda84944','1680207444764588','mov','video/quicktime','RPReplay_Final1605508373.mov','VIDEO',NULL,1713,NULL),(1990,'2167082903959511','','2020-11-16 10:44:32','\0',NULL,0,'2deb53f0','2166307348744287','pdf','application/pdf','SOC_112_0087.pdf','DOCUMENT',NULL,1987,NULL),(2017,'2256081884677508','','2020-11-17 11:27:51','\0',NULL,0,'b59bea21','67711260684600','jpg','image/jpeg','winnie-mandela.jpg','AVATAR',NULL,592,NULL),(2018,'2256170018401057','','2020-11-17 11:29:27','\0',NULL,0,'42db93fe','67711260684600','mp4','video/mp4','file_example_MP4_640_3MG.mp4','VIDEO',NULL,592,NULL),(2029,'2345200625831758','','2020-11-18 12:13:08','\0',NULL,0,'2bf516b','754662929262616','png','image/png','It always seems impossible, UNTIL IT IS DONE.png','IMAGE',NULL,602,NULL),(2044,'2382379525131979','','2020-11-18 22:32:49','\0',NULL,0,'d9db790c','2015655611077909','jpg','image/jpeg','5G.jpg','IMAGE',NULL,1900,NULL),(2056,'2511566790332508','','2020-11-20 10:25:56','\0',NULL,0,'3a23149a','11308326636800','jpg','image/jpeg','mengue.jpg','AVATAR',NULL,1,NULL),(2058,'2703321296530619','','2020-11-22 15:41:49','\0',NULL,0,'567adfde','1998950375809234','jpg','image/jpeg','82cd59d6-e39e-4602-b627-f5578a449266.jpg','AVATAR',NULL,1898,NULL),(2062,'2704522038473462','','2020-11-22 16:01:51','\0',NULL,0,'56772d3e','1998950375809234','jpg','image/jpeg','20191215_121812.jpg','IMAGE',NULL,1898,NULL),(2067,'2779649287762595','','2020-11-23 12:54:00','\0',NULL,0,'ae7574b8','2719699216499891','jpg','image/jpeg','IMG_20190621_185726[6632].jpg','AVATAR',NULL,2065,NULL),(2070,'2800338886247738','','2020-11-23 18:38:50','\0',NULL,0,'87e96458','2028738002492927','png','image/png','index.png','AVATAR',NULL,1903,NULL),(2075,'2856249436490842','','2020-11-24 10:10:41','\0',NULL,0,'d6c48734','1987847683466578','pdf','application/pdf','CV[1].pdf','DOCUMENT',NULL,1897,NULL),(2086,'2960252924329388','','2020-11-25 15:04:12','\0',NULL,0,'b3dc6b7d','1826013147672969','jpeg','image/jpeg','Shogo.jpeg','AVATAR',NULL,1877,NULL),(2119,'3117142308381305','','2020-11-27 10:39:04','\0',NULL,0,'bba532a8','754662929262616','jpg','image/jpeg','IMG_20201016_104738.jpg','AVATAR',NULL,602,NULL),(2121,'3142117591822730','','2020-11-27 17:35:08','\0',NULL,0,'b2bfd127','2015655611077909','mp3','audio/mpeg','Koffee - Rapture (Remix) [Official Video] ft. Govana.mp3','AUDIO',NULL,1900,NULL),(2133,'3497957631544182','','2020-12-01 20:26:20','\0',NULL,0,'f4ff5175','3497335591211192','jpg','image/jpeg','SEFICO_RECRUES_09Cynthia TCHOUAKUI.jpg','AVATAR',NULL,2131,NULL),(2155,'3546127466734077','','2020-12-02 09:48:38','\0',NULL,0,'e25ab3d0','1675236122492039','png','image/png','pyramide-maslow-hs-travail-1-copie.png','IMAGE',NULL,1711,NULL),(2174,'3650111273647723','','2020-12-03 14:41:39','\0',NULL,0,'efed2efd','813797891108429','JPG','image/jpeg','HERON.JPG','IMAGE',NULL,619,NULL),(2212,'4008699928870753','','2020-12-07 18:18:13','\0',NULL,0,'4fe13c81','2166307348744287','jpg','image/jpeg','veste-tissee-air-pour-LdLxLM.jpg','AVATAR',NULL,1987,NULL),(2216,'4009569534646754','','2020-12-07 18:32:44','\0',NULL,0,'917caf58','2166307348744287','pdf','application/pdf','memoire_2011_leveque_jean-baptiste.pdf','DOCUMENT',NULL,1987,NULL),(2218,'4023006593499689','','2020-12-07 22:16:37','\0',NULL,0,'41cf5841','1675236122492039','jpeg','image/jpeg','WhatsApp Image 2020-12-07 at 23.15.30.jpeg','AVATAR',NULL,1711,NULL),(2224,'4023426562023098','','2020-12-07 22:23:33','\0',NULL,0,'370451af','1772867928834975','jpg','image/jpeg','Alvine_photo_profil.jpg','AVATAR',NULL,1860,NULL),(2237,'4070456716687924','','2020-12-08 11:27:29','\0',NULL,0,'7307169b','1932324887625073','jpg','image/jpeg','IMG_4847.jpg','AVATAR',NULL,1889,NULL),(2255,'41472528107733','','2020-12-09 19:46:54','\0',NULL,0,'ad51b82b','2028738002492927','pdf','application/pdf','les-escarres.pdf','DOCUMENT',NULL,1903,NULL),(2265,'98757585820637','','2020-12-10 11:41:47','\0',NULL,0,'8b4caf71','98522983715952','jpeg','image/jpeg','25806046-F581-4782-ABBF-B5AA963FA68A.jpeg','AVATAR',NULL,2263,NULL),(2271,'381899570781208','','2020-12-13 18:20:35','\0',NULL,0,'53367ee1','751374635565057','pdf','application/pdf','Version finale_201 11026_AymenSmondel.pdf','DOCUMENT',NULL,600,NULL),(2282,'552964037523795','','2020-12-15 17:51:41','\0',NULL,0,'a0cd75f2','747813413788866','jpeg','image/jpeg','WhatsApp Image 2020-01-09 at 07.52.47 (1).jpeg','AVATAR',NULL,598,NULL),(2303,'718822218419453','','2020-12-17 15:55:56','',NULL,0,'b24eb486','751374635565057','jpg','image/jpeg','Photo de profil.jpg','IMAGE',NULL,600,NULL),(2305,'951366912457640','','2020-12-20 08:31:51','\0',NULL,0,'79b2d371','3648423513763876','jpg','image/jpeg','25994806_1948282928831394_6767025580585920840_n.jpg','AVATAR',NULL,2166,NULL),(2315,'953327774393860','','2020-12-20 09:04:22','\0',NULL,0,'97df2a9c','3648423513763876','pdf','application/pdf','CV Ernest TCHOUMBE PDF.pdf','DOCUMENT',NULL,2166,NULL),(2339,'1050998704496937','','2020-12-21 12:12:13','\0',NULL,0,'c66a61a8','1046757947680485','pdf','application/pdf','CV VEIGNE Jean Philippe.pdf','DOCUMENT',NULL,2332,NULL),(2342,'1077149534957707','','2020-12-21 19:28:05','\0',NULL,0,'d20f5912','3303565585062102','jpg','image/jpeg','Kiimia (2).jpg','AVATAR',NULL,2128,NULL),(2345,'54466137179252','','2020-12-23 10:05:20','',NULL,0,'cb765962','1733239468877962','jpg','image/jpeg','AVORTER TUER.jpg','IMAGE',NULL,1735,NULL),(2347,'54586661277038','','2020-12-23 10:07:21','\0',NULL,0,'fa2aac1e','1733239468877962','png','image/png','coeur.png','IMAGE',NULL,1735,NULL),(2356,'482757542465571','','2020-12-28 09:03:52','\0',NULL,0,NULL,NULL,NULL,NULL,NULL,'LINK','https://institutdeslibertes.org',600,2355),(2359,'482932484815481','','2020-12-28 09:06:30','\0',NULL,0,NULL,NULL,NULL,NULL,NULL,'DOCUMENT','https://www.androidhive.info/2016/02/android-push-notifications-using-gcm-php-mysql-realtime-chat-app-part-1/',1,2358),(2366,'483863692257743','','2020-12-28 09:21:59','\0',NULL,0,NULL,NULL,NULL,NULL,NULL,'LINK','https://www.androidhive.info/2020/09/android-rate-app-using-google-app-review-api/',1,2365),(2369,'483927462463288','','2020-12-28 09:23:03','\0',NULL,0,NULL,NULL,NULL,NULL,NULL,'LINK','https://www.lefigaro.fr/sciences/covid-19-debut-de-la-vaccination-en-france-olivier-veran-n-exclut-pas-un-3e-confinement-20201228',1,2368),(2381,'498211352776030','','2020-12-28 13:21:10','\0',NULL,0,NULL,NULL,NULL,NULL,NULL,'LINK','https://www.lefigaro.fr/international/brexit-ce-qui-va-changer-entre-l-europe-et-la-grande-bretagne-a-partir-du-1er-janvier-2021-20201227',600,2380),(2384,'498439885176157','','2020-12-28 13:24:58','\0',NULL,0,NULL,NULL,NULL,NULL,NULL,'LINK','https://www.jovanovic.com/blog.htm',600,2383),(2388,'530194924823344','','2020-12-28 22:14:23','\0',NULL,0,'afad6c40','529374905336773','jpg','image/jpeg','Le Joker.jpg','AVATAR',NULL,2386,NULL),(2389,'530110402379092','','2020-12-28 22:14:23','\0',NULL,0,'afad6c40','529374905336773','jpg','image/jpeg','Le Joker.jpg','AVATAR',NULL,2386,NULL),(2471,'671936822429348','','2020-12-30 13:36:32','\0',NULL,0,'9fb9d194','670438258524631','jpg','image/jpeg','unnamed.jpg','AVATAR',NULL,2468,NULL),(2483,'878651391591062','','2021-01-01 23:01:52','\0',NULL,0,'18958735','751374635565057','png','image/png','new-year-2021-1000x1000-01.png','IMAGE',NULL,600,NULL),(2549,'1133682553409908','','2021-01-04 21:52:56','\0',NULL,0,NULL,NULL,NULL,NULL,NULL,'VIDEO','https://youtu.be/zJNAL378sCM',2386,2548),(2557,'1150130581334386','','2021-01-05 02:26:56','\0',NULL,0,'738e295b','1148681811807503','jpg','image/jpeg','IMG_20200820_181507_521.jpg','AVATAR',NULL,2551,NULL),(2584,'1220362823845453','','2021-01-05 21:57:18','\0',NULL,0,'baf9c81c','1210134762041287','jpeg','image/jpeg','fullsizeoutput_4cc5.jpeg','AVATAR',NULL,2579,NULL),(2624,'1305433202259521','','2021-01-06 21:35:00','\0',NULL,0,'2efcde06','529374905336773','mp4','video/mp4','Fake news et Besoin de connaisances.mp4','AUDIO',NULL,2386,NULL),(2757,'1385881535169947','','2021-01-07 19:55:44','\0',NULL,0,'71199871','1381712215602676','jpg','image/jpeg','IMG-20201001-WA0016.jpg','AVATAR',NULL,2732,NULL),(2789,'1389339329582750','','2021-01-07 20:53:16','\0',NULL,0,NULL,NULL,NULL,NULL,NULL,'VIDEO','https://youtu.be/E4SY8_L-DTA',600,2788),(2803,'1395247489018510','','2021-01-07 22:32:28','\0',NULL,0,'cd83f6f2','3922026257525293','jpg','image/jpeg','Noa Boris.jpg','AVATAR',NULL,2202,NULL),(2808,'1397807714283996','','2021-01-07 23:14:30','',NULL,0,'7de28681','751374635565057','mp4','video/mp4','Test 3D animation Unity.mp4','VIDEO',NULL,600,NULL),(2816,'1398786372486543','','2021-01-07 23:30:46','\0',NULL,0,'7de28681','3922026257525293','mp4','video/mp4','Test 3D animation Unity.mp4','VIDEO',NULL,2202,NULL),(2826,'1400739841216016','','2021-01-08 00:03:15','\0',NULL,0,NULL,NULL,NULL,NULL,NULL,'VIDEO','https://www.youtube.com/watch?v=NjShJIrd1kE',2202,2825),(2869,'1442429047132322','','2021-01-08 11:38:32','\0',NULL,0,NULL,NULL,NULL,NULL,NULL,'VIDEO','https://youtu.be/qwKHosytl04',600,2868),(3033,'1573191147507066','','2021-01-09 23:58:24','\0',NULL,0,'b1e7457d','1571460069202339','jpeg','image/jpeg','EBFF09F5-BFC3-441C-8B9C-EDA9DEA16DF8.jpeg','AVATAR',NULL,2992,NULL),(3086,'1724139758194155','','2021-01-11 17:53:15','\0',NULL,0,'de353071','1713293633678685','jpg','image/jpeg','FB_IMG_1550237499521.jpg','AVATAR',NULL,3079,NULL),(3118,'1789900498680791','','2021-01-12 12:09:44','\0',NULL,0,'b6865ad7','1713293633678685','pdf','application/pdf','CV.pdf','DOCUMENT',NULL,3079,NULL),(3150,'1881330537447026','','2021-01-13 13:33:16','\0',NULL,0,'18e5ecdb','1521875493768376','jpg','image/jpeg','132208411_422899878754973_6793994158298922617_n.jpg','AVATAR',NULL,2911,NULL),(3240,'2114510896575188','','2021-01-16 06:19:28','\0',NULL,0,'f72e0a34','3922026257525293','pdf','application/pdf','NOA CV SkillMates French.pdf','DOCUMENT',NULL,2202,NULL),(3311,'2313249564792845','','2021-01-18 13:31:55','\0',NULL,0,'5d0f6835','751374635565057','pdf','application/pdf','Master 2.pdf','DOCUMENT',NULL,600,NULL),(3329,'2341276982690980','','2021-01-18 21:19:01','\0',NULL,0,NULL,NULL,NULL,NULL,NULL,'VIDEO','https://www.youtube.com/watch?v=JYWzE_QFcVs',2511,3328),(3401,'137213110857081','','2021-01-20 12:17:51','\0',NULL,0,'fbb47033','751374635565057','mp4','video/mp4','Jerusalema.mp4','VIDEO',NULL,600,NULL),(3431,'43138418573825','','2021-01-21 04:15:31','\0',NULL,0,NULL,NULL,NULL,NULL,NULL,'LINK','https://laconicml.com/computer-science-curriculum-youtube-videos/',2641,3430),(3434,'43288208965768','','2021-01-21 04:17:56','\0',NULL,0,NULL,NULL,NULL,NULL,NULL,'VIDEO','https://www.youtube.com/watch?v=00e4dtFGEE4',2641,3433),(3487,'93898346971929','','2021-01-21 18:21:34','\0',NULL,0,'3b8a2300','2073351999173312','JPG','image/jpeg','543b005e-f148-4050-8d30-31a980a99a88.JPG','AVATAR',NULL,3197,NULL),(3499,'95757967880869','','2021-01-21 18:52:28','\0',NULL,0,NULL,NULL,NULL,NULL,NULL,'AUDIO','https://www.youtube.com/watch?v=dPRIPTH6LOk',2511,3498),(3502,'96045472985740','','2021-01-21 18:57:11','\0',NULL,0,NULL,NULL,NULL,NULL,NULL,'AUDIO','https://www.youtube.com/watch?v=rHbohISq2y8',2511,3501),(3507,'98934499518980','','2021-01-21 19:45:21','\0',NULL,0,NULL,NULL,NULL,NULL,NULL,'VIDEO','https://www.youtube.com/watch?v=3i5HGLur-dk&list=PL2u5muCdLSC68ugrTogxh6RBozHnWsKM_&index=1',2511,3506),(3511,'102018331283025','','2021-01-21 20:36:50','',NULL,0,'39921b81','100412549631259','jpg','image/jpeg','20190309_210136.jpg','IMAGE',NULL,3509,NULL),(3520,'105194501406071','','2021-01-21 21:29:41','\0',NULL,0,'8acd9092','100412549631259','jpeg','image/jpeg','WhatsApp Image 2021-01-21 at 4.27.23 PM.jpeg','AVATAR',NULL,3509,NULL),(3532,'106813325883126','','2021-01-21 21:56:39','\0',NULL,0,'ad121792','158317572393119','jpeg','image/jpeg','Mee.jpeg','AVATAR',NULL,3415,NULL),(3537,'108459048054436','','2021-01-21 22:24:07','\0',NULL,0,'1d6df658','158317572393119','pdf','application/pdf','CVIngrid Sorelle_BIKOLI.pdf','DOCUMENT',NULL,3415,NULL),(3547,'109001163792933','','2021-01-21 22:33:07','\0',NULL,0,'766ef788','1129246675252463','png','image/png','Sans titre.png','AVATAR',NULL,2511,NULL),(3549,'109671320313874','','2021-01-21 22:44:17','\0',NULL,0,NULL,NULL,NULL,NULL,NULL,'VIDEO','https://www.youtube.com/watch?v=5nFmrm0efcc',2511,3548),(3568,'119298173925779','','2021-01-22 01:24:47','',NULL,0,'439acfc4','100412549631259','jpg','image/jpeg','20190316_222752.jpg','IMAGE',NULL,3509,NULL),(3573,'151356912915103','','2021-01-22 10:19:10','\0',NULL,0,'62d61100','2057908492961915','jpg','image/jpeg','20200817_122429[1].jpg','AVATAR',NULL,3192,NULL),(3582,'185252082658969','','2021-01-22 19:43:58','\0',NULL,0,'b172d123','1893379414621125','png','image/png','po.png','AVATAR',NULL,3165,NULL),(3583,'185700232797619','','2021-01-22 19:51:28','\0',NULL,0,'89b69540','1893379414621125','jpg','image/jpeg','Screenshot_20210122_205006.jpg','IMAGE',NULL,3165,NULL),(3600,'191374852801503','','2021-01-22 21:26:11','\0',NULL,0,'124c3385','189965183683085','png','image/png','PHOTO SAINT.png','AVATAR',NULL,3598,NULL),(3606,'204058307302137','','2021-01-23 00:57:27','\0',NULL,0,'13404a5c','1394821268773860','jpg','image/jpeg','20210123_015331.jpg','AVATAR',NULL,2798,NULL),(3615,'224588012514391','','2021-01-23 06:39:35','\0',NULL,0,'fc92d362','1210134762041287','pdf','application/pdf','PDF CV.pdf','DOCUMENT',NULL,2579,NULL),(3638,'266015417704882','','2021-01-23 18:10:14','',NULL,0,'24ba0b5b','2313480684040080','jpeg','image/jpeg','39B88550-30F2-45B7-AE1C-CED09B2913F4.jpeg','IMAGE',NULL,2025,NULL),(3640,'266645251150760','','2021-01-23 18:20:40','\0',NULL,0,'72619287','2313480684040080','jpg','image/jpeg','IMG_6416.jpg','AVATAR',NULL,2025,NULL),(3641,'266811075708106','','2021-01-23 18:23:16','\0',NULL,0,'deeb63ee','2313480684040080','pdf','application/pdf','engagement_agreement.pdf','DOCUMENT',NULL,2025,NULL),(3649,'278015318401082','','2021-01-23 21:30:01','\0',NULL,0,'d293f352','1369761737768623','JPG','image/jpeg','IMG_2205.JPG','AVATAR',NULL,2638,NULL),(3788,'637518945469645','','2021-02-02 20:29:49','\0',NULL,0,'29058ed2','2124982326748215','jpeg','image/jpeg','A6019BDA-B6A8-48C3-970D-8BFED837B525.jpeg','AVATAR',NULL,3251,NULL),(3809,'648746034962155','','2021-02-02 23:36:56','\0',NULL,0,'1b001170','1680207444764588','jpg','image/jpeg','IMG_7302.jpg','IMAGE',NULL,1713,NULL),(3850,'699971820771758','','2021-02-03 13:50:41','\0',NULL,0,'37b5e20e','1654070575767483','pdf','application/pdf','CDG_Tandia_Cheikh-Taha_CV.pdf','DOCUMENT',NULL,1699,NULL),(3858,'700093568479675','','2021-02-03 13:52:43','\0',NULL,0,'9d76c74d','1654070575767483','pdf','application/pdf','Tandia Cheikh-Taha - Memoire .pdf','DOCUMENT',NULL,1699,NULL),(3876,'700536056036629','','2021-02-03 14:00:07','\0',NULL,0,NULL,NULL,NULL,NULL,NULL,'VIDEO','https://www.youtube.com/watch?v=MGNKeU98DNI&list=PLVUDmbpupCaqlP-R1r4uvvWnCRFqXCfKQ',2511,3875),(3966,'882737175290206','','2021-02-05 16:36:47','\0',NULL,0,NULL,NULL,NULL,NULL,NULL,'VIDEO','https://www.youtube.com/watch?v=CAkMUdeB06o',599,3965),(4000,'1067153260619475','','2021-02-07 19:50:23','\0',NULL,0,'1ea35f','1370431719629179','jpg','image/jpeg','IMG_20210205_083338.jpg','IMAGE',NULL,2640,NULL),(4012,'1225762342496988','','2021-02-09 15:53:53','\0',NULL,0,NULL,NULL,NULL,NULL,NULL,'VIDEO','https://youtu.be/69DBRQbFCCs',600,4011),(4028,'1379779501732154','','2021-02-11 10:40:51','\0',NULL,0,NULL,NULL,NULL,NULL,NULL,'VIDEO','https://www.youtube.com/watch?v=vVVQTwPr6fg',2511,4027),(4035,'1388504308432692','','2021-02-11 13:06:16','\0',NULL,0,'47fd1e13','1383975595644614','png','image/png','me.png','AVATAR',NULL,4031,NULL),(4043,'1388777138387979','','2021-02-11 13:10:48','\0',NULL,0,NULL,NULL,NULL,NULL,NULL,'VIDEO','https://www.youtube.com/watch?v=IlEv7IjzTtY&ab_channel=GrandAngle',4031,4042),(4067,'1404595170782834','','2021-02-11 17:34:25','\0',NULL,0,'fe0a88f7','2331877836138781','jpg','image/jpeg','photo cv.jpg','AVATAR',NULL,3316,NULL),(4085,'1422380546939281','','2021-02-11 22:30:51','\0',NULL,0,NULL,NULL,NULL,NULL,NULL,'IMAGE','https://www.youtube.com/watch?v=b69pecTjUS4',3292,4084),(4088,'1422700622686475','','2021-02-11 22:36:11','\0',NULL,0,NULL,NULL,NULL,NULL,NULL,'IMAGE','https://www.youtube.com/watch?v=biRb__OUYLc',3292,4087),(4113,'1477026494983849','','2021-02-12 13:41:37','\0',NULL,0,'9f21cb0','1756432018338317','jpeg','image/jpeg','AE81D674-F8D8-4A98-A8A8-B48BF569247F.jpeg','AVATAR',NULL,1844,NULL),(4129,'1564601232526867','','2021-02-13 14:01:11','\0',NULL,0,'54732ff6','1680207444764588','jpeg','image/jpeg','C943E50B-F8DC-47D2-A762-3BA7B0D3E621.jpeg','AVATAR',NULL,1713,NULL),(4141,'1652294273856411','','2021-02-14 14:22:44','\0',NULL,0,'698bc286','1046757947680485','jpg','image/jpeg','IMG_20201212_171806.jpg','AVATAR',NULL,2332,NULL),(4144,'1654078880147041','','2021-02-14 14:52:28','\0',NULL,0,'66916630','186678198811138','jpg','image/jpeg','Snapchat-1134019714.jpg','AVATAR',NULL,3585,NULL),(4148,'1690194641914534','','2021-02-15 00:54:24','\0',NULL,0,'76b4bdeb','644642381353689','jpg','image/jpeg','2009-04-09 10.42.56.jpg','AVATAR',NULL,3791,NULL),(4161,'1748931401088637','','2021-02-15 17:13:21','\0',NULL,0,NULL,NULL,NULL,NULL,NULL,'VIDEO','https://www.youtube.com/watch?v=WLLMRQhzG00&list=PLL406rcBOrR5oVg6_6NTXweuAMVCpu8m1&index=1',2511,4160),(4164,'1749406444426695','','2021-02-15 17:21:16','\0',NULL,0,NULL,NULL,NULL,NULL,NULL,'VIDEO','https://www.youtube.com/watch?v=L7HzCT1h62g&list=PLL406rcBOrR5oVg6_6NTXweuAMVCpu8m1&index=2',2511,4163),(4173,'1757944249584026','','2021-02-15 19:43:34','\0',NULL,0,'63f9eb0e','991204316088088','jpg','image/jpeg','photo bibi.jpg','AVATAR',NULL,3994,NULL),(4245,'2151341658843374','','2021-02-20 09:00:13','\0',NULL,0,'2e336641','1991035450141286','jpg','image/jpeg','IMG_20200507_122706.jpg','AVATAR',NULL,3180,NULL),(4252,'2162404249252640','','2021-02-20 12:04:34','\0',NULL,0,'44d4c2a','789390649210260','jpg','image/jpeg','GRACE NSOTA (2).jpg','AVATAR',NULL,3912,NULL),(4254,'2169358436364634','','2021-02-20 14:00:28','\0',NULL,0,'8709e33b','2193642829437852','jpg','image/jpeg','cyber-security-1200-620x413.jpg','AVATAR',NULL,1996,NULL),(4264,'2174844265800337','','2021-02-20 15:31:54','\0',NULL,0,'63063ac7','1379553348642254','jpg','image/jpeg','1605107967523.jpg','AVATAR',NULL,2641,NULL),(4323,'2198782057704133','','2021-02-20 22:10:52','\0',NULL,0,'b0393fe9','2015655611077909','jpg','image/jpeg','Screenshot_20210220_231003.jpg','AVATAR',NULL,1900,NULL),(4332,'2204015117217772','','2021-02-20 23:38:05','\0',NULL,0,'2da946ed','1401233448563935','jpeg','image/jpeg','B5C50420-47CB-4BA2-857B-60F93DB8A22C.jpeg','AVATAR',NULL,4062,NULL),(4342,'2252807973389115','','2021-02-21 13:11:18','\0',NULL,0,'a48cc229','3999335996631395','jpg','image/jpeg','IMG_20201009_090518.jpg','AVATAR',NULL,2205,NULL),(4351,'2254043422943209','','2021-02-21 13:31:54','\0',NULL,0,'70c1e575','3999335996631395','jpg','image/jpeg','SHOWROOM HAIER.jpg','IMAGE',NULL,2205,NULL),(4737,'2258199264706662','','2021-02-21 14:41:09','\0',NULL,0,'eaed1cc6','1390575752632477','jpeg','image/jpeg','CB3DE4AD-042F-4EC4-9B84-D007B6AF6EFD.jpeg','AVATAR',NULL,4045,NULL),(4758,'2270359198441730','','2021-02-21 18:03:49','\0',NULL,0,'4aaab46d','2268864640078089','jpg','image/jpeg','20210213_211405.jpg','AVATAR',NULL,4756,NULL),(4867,'2273180691649257','','2021-02-21 18:50:51','\0',NULL,0,'b937662a','2271879460143688','jpg','image/jpeg','lio-teshanah-love.jpg','AVATAR',NULL,4769,NULL),(4883,'2278303774524522','','2021-02-21 20:16:14','\0',NULL,0,'4905dab6','2273963721986796','jpg','image/jpeg','index.jpg','AVATAR',NULL,4873,NULL),(4888,'2292153094476857','','2021-02-22 00:07:03','\0',NULL,0,NULL,NULL,NULL,NULL,NULL,'AUDIO','https://www.youtube.com/watch?v=B3Khho7Bgac&t=1266s',3912,4887),(4890,'2292670254548700','','2021-02-22 00:15:40','\0',NULL,0,'e37c7e54','789390649210260','pdf','application/pdf','MOBILE MONEY NIGERIA - Financial Inclusion project - v3.pdf','DOCUMENT',NULL,3912,NULL),(4896,'2293718865451104','','2021-02-22 00:33:11','',NULL,0,NULL,NULL,NULL,NULL,NULL,'DOCUMENT','https://au.int/sites/default/files/treaties/36437-treaty-consolidted_text_on_cfta_-_fr.pdf',3912,4895),(4902,'2293961441356428','','2021-02-22 00:37:12','\0',NULL,0,NULL,NULL,NULL,NULL,NULL,'IMAGE','https://au.int/sites/default/files/treaties/36437-treaty-consolidted_text_on_cfta_-_fr.pdf',3912,4901),(4905,'2294662858829487','','2021-02-22 00:48:53','\0',NULL,0,NULL,NULL,NULL,NULL,NULL,'LINK','https://market-insights.upply.com/fr/zlecaf-une-afrique-plus-integree-dans-la-supply-chain-mondiale',3912,4904),(4952,'2356100024587303','','2021-02-22 17:52:51','\0',NULL,0,'d8bb9d31','1309407233779046','jpeg','image/jpeg','WhatsApp Image 2021-02-22 at 11.49.42 AM.jpeg','AVATAR',NULL,2631,NULL),(4956,'206159874487600','','2021-02-22 19:40:10','\0',NULL,0,'37ef122f','11308326636800','jpg','image/jpeg','file_example_JPG_100kB.jpg','IMAGE',NULL,1,NULL),(4958,'257537096932500','','2021-02-23 09:56:37','\0',NULL,0,'37ef122f','11308326636800','jpg','image/jpeg','file_example_JPG_100kB.jpg','IMAGE',NULL,1,NULL),(4960,'257665652911800','','2021-02-23 09:58:28','\0',NULL,0,'37ef122f','11308326636800','jpg','image/jpeg','file_example_JPG_100kB.jpg','IMAGE',NULL,1,NULL),(4963,'258149715886500','','2021-02-23 10:07:08','\0',NULL,0,NULL,NULL,NULL,NULL,NULL,'VIDEO','https://www.youtube.com/watch?v=JWvMRpeF_zk&t=4s&ab_channel=LeMonde',1,4962);
/*!40000 ALTER TABLE `multimedia` ENABLE KEYS */;
UNLOCK TABLES;

--
-- Table structure for table `notification`
--

DROP TABLE IF EXISTS `notification`;
/*!40101 SET @saved_cs_client     = @@character_set_client */;
/*!40101 SET character_set_client = utf8 */;
CREATE TABLE `notification` (
  `id` int(11) NOT NULL,
  `id_server` varchar(255) NOT NULL,
  `active` bit(1) DEFAULT NULL,
  `created_at` datetime NOT NULL,
  `deleted` bit(1) DEFAULT NULL,
  `modified_at` datetime DEFAULT NULL,
  `revision` bigint(20) DEFAULT NULL,
  `title` varchar(255) NOT NULL,
  `account` int(11) DEFAULT NULL,
  `notification_type` int(11) DEFAULT NULL,
  `notified_account` int(11) DEFAULT NULL,
  PRIMARY KEY (`id`),
  UNIQUE KEY `UK_p0mtvr8el2y24evbc4luohyse` (`id_server`),
  KEY `FK7x83li73i5gcugpvreigaxb70` (`account`),
  KEY `FK7uj37jdhyuu7kwi93udpthnlt` (`notification_type`),
  KEY `FKnrtm193lt2myxm2i8sebtoa9q` (`notified_account`),
  CONSTRAINT `FK7uj37jdhyuu7kwi93udpthnlt` FOREIGN KEY (`notification_type`) REFERENCES `notification_type` (`id`),
  CONSTRAINT `FKnrtm193lt2myxm2i8sebtoa9q` FOREIGN KEY (`notified_account`) REFERENCES `account` (`id`)
) ENGINE=InnoDB DEFAULT CHARSET=utf8;
/*!40101 SET character_set_client = @saved_cs_client */;

--
-- Dumping data for table `notification`
--

LOCK TABLES `notification` WRITE;
/*!40000 ALTER TABLE `notification` DISABLE KEYS */;
INSERT INTO `notification` VALUES (2127,'1431319074500','\0','2020-12-15 13:13:23','\0',NULL,0,'Belinda MENGUE a aimé votre publication',1727,2123,NULL),(2131,'1650588050500','\0','2020-12-15 13:17:02','\0',NULL,0,'Chimamanda NGOZI ADICHIE a aimé votre publication',1,2123,NULL),(2133,'1678097603000','\0','2020-12-15 13:17:30','\0',NULL,0,'Chimamanda NGOZI ADICHIE a commenté votre publication',1,2124,NULL),(2141,'2932539749900','\0','2020-12-15 13:38:24','\0',NULL,0,'Belinda MENGUE a aimé votre publication',591,2123,NULL),(2351,'355609713360600','\0','2020-12-26 21:44:24','\0',NULL,0,'Cynthia TCHOUAKUI a aimé votre publication',600,2123,2131),(2352,'355609725275273','\0','2020-12-26 21:44:24','\0',NULL,0,'Cynthia TCHOUAKUI a aimé votre publication',600,2123,2131),(2371,'484227689484622','\0','2020-12-28 09:28:02','\0',NULL,0,'Belinda MENGUE a commenté votre publication',600,2124,1),(2374,'484234786821110','\0','2020-12-28 09:28:09','\0',NULL,0,'Belinda MENGUE a commenté votre publication',600,2124,1),(2378,'484262273608134','\0','2020-12-28 09:28:37','\0',NULL,0,'Belinda MENGUE a aimé votre publication',600,2123,1),(2391,'530269693514423','','2020-12-28 22:15:25','\0',NULL,0,'John DOE est votre nouvel abonné',1699,2125,2386),(2394,'530329192478983','','2020-12-28 22:16:24','\0',NULL,0,'John DOE est votre nouvel abonné',1,2125,2386),(2398,'530372392808230','\0','2020-12-28 22:17:15','\0',NULL,0,'John DOE a aimé votre publication',1,2123,2386),(2399,'530372392159726','\0','2020-12-28 22:17:15','\0',NULL,0,'John DOE a aimé votre publication',1,2123,2386),(2403,'530415780415591','','2020-12-28 22:17:50','\0',NULL,0,'John DOE est votre nouvel abonné',2131,2125,2386),(2406,'530436104420114','\0','2020-12-28 22:18:11','\0',NULL,0,'John DOE est votre nouvel abonné',2128,2125,2386),(2409,'530462491427727','','2020-12-28 22:18:37','\0',NULL,0,'John DOE est votre nouvel abonné',2065,2125,2386),(2412,'530478089386037','','2020-12-28 22:18:52','\0',NULL,0,'John DOE est votre nouvel abonné',1889,2125,2386),(2415,'530497454208006','','2020-12-28 22:19:12','\0',NULL,0,'John DOE est votre nouvel abonné',1711,2125,2386),(2418,'530514543276475','\0','2020-12-28 22:19:29','\0',NULL,0,'John DOE est votre nouvel abonné',600,2125,2386),(2421,'530546978505816','','2020-12-28 22:20:01','\0',NULL,0,'John DOE est votre nouvel abonné',1943,2125,2386),(2424,'530573464021444','','2020-12-28 22:20:28','\0',NULL,0,'John DOE est votre nouvel abonné',598,2125,2386),(2427,'530612745670328','\0','2020-12-28 22:21:07','\0',NULL,0,'John DOE est votre nouvel abonné',1903,2125,2386),(2430,'530619649625987','\0','2020-12-28 22:21:14','\0',NULL,0,'John DOE est votre nouvel abonné',1903,2125,2386),(2433,'661194973659417','','2020-12-30 10:37:29','\0',NULL,0,'Loe BISSO est votre nouvel abonné',619,2125,598),(2436,'661197408147942','','2020-12-30 10:37:32','\0',NULL,0,'Loe BISSO est votre nouvel abonné',619,2125,598),(2439,'661212229879298','','2020-12-30 10:37:47','\0',NULL,0,'Loe BISSO est votre nouvel abonné',619,2125,598),(2442,'661236371345317','','2020-12-30 10:38:11','\0',NULL,0,'Loe BISSO est votre nouvel abonné',673,2125,598),(2445,'661236972183418','','2020-12-30 10:38:11','\0',NULL,0,'Loe BISSO est votre nouvel abonné',673,2125,598),(2448,'661238242548451','','2020-12-30 10:38:13','\0',NULL,0,'Loe BISSO est votre nouvel abonné',673,2125,598),(2455,'661815442721565','','2020-12-30 10:47:50','\0',NULL,0,'Chaka NGAMENI est votre nouvel abonné',1171,2125,1903),(2458,'661827130738754','','2020-12-30 10:48:01','\0',NULL,0,'Chaka NGAMENI est votre nouvel abonné',2202,2125,1903),(2461,'661829516170231','','2020-12-30 10:48:04','\0',NULL,0,'Chaka NGAMENI est votre nouvel abonné',2202,2125,1903),(2464,'661836283832073','','2020-12-30 10:48:11','\0',NULL,0,'Chaka NGAMENI est votre nouvel abonné',602,2125,1903),(2478,'762269131391390','','2020-12-31 14:42:03','\0',NULL,0,'Belinda MENGUE est votre nouvel abonné',1171,2125,1),(2481,'762307961631178','','2020-12-31 14:42:42','\0',NULL,0,'Belinda MENGUE est votre nouvel abonné',2202,2125,1),(2485,'1110977508143238','','2021-01-04 15:34:00','\0',NULL,0,'François-xavier KEOU TCHAKOUE a commenté votre publication',1877,2124,600),(2488,'1112143213730922','','2021-01-04 15:53:18','\0',NULL,0,'François-xavier KEOU TCHAKOUE est votre nouvel abonné',2468,2125,600),(2491,'1112191758798745','\0','2021-01-04 15:54:06','\0',NULL,0,'François-xavier KEOU TCHAKOUE est votre nouvel abonné',2128,2125,600),(2494,'1112220429243054','','2021-01-04 15:54:35','\0',NULL,0,'François-xavier KEOU TCHAKOUE est votre nouvel abonné',2386,2125,600),(2496,'1112930997730822','','2021-01-04 16:06:25','\0',NULL,0,'François-xavier KEOU TCHAKOUE a commenté votre publication',1877,2124,600),(2498,'1112935683697239','','2021-01-04 16:06:30','\0',NULL,0,'François-xavier KEOU TCHAKOUE a commenté votre publication',1877,2124,600),(2502,'1113691619818456','','2021-01-04 16:19:06','\0',NULL,0,'François-xavier KEOU TCHAKOUE a commenté votre publication',1699,2124,600),(2504,'1113692287390454','','2021-01-04 16:19:07','\0',NULL,0,'François-xavier KEOU TCHAKOUE a commenté votre publication',1699,2124,600),(2506,'1113694479401628','','2021-01-04 16:19:09','\0',NULL,0,'François-xavier KEOU TCHAKOUE a commenté votre publication',1699,2124,600),(2514,'1129893076031118','','2021-01-04 20:49:08','\0',NULL,0,'John DOE est votre nouvel abonné',2263,2125,2386),(2520,'1130881940841964','\0','2021-01-04 21:05:36','\0',NULL,0,'Stephane RAGOT est votre nouvel abonné',600,2125,2511),(2523,'1130924046478943','\0','2021-01-04 21:06:18','\0',NULL,0,'Stephane RAGOT a aimé votre publication',600,2123,2511),(2528,'1132915484174131','','2021-01-04 21:39:30','\0',NULL,0,'Stephane RAGOT est votre nouvel abonné',1889,2125,2511),(2530,'1133270524439491','\0','2021-01-04 21:45:27','\0',NULL,0,'Stephane RAGOT a commenté votre publication',600,2124,2511),(2531,'1133273215923127','\0','2021-01-04 21:45:28','\0',NULL,0,'Stephane RAGOT a commenté votre publication',600,2124,2511),(2534,'1133274603660062','\0','2021-01-04 21:45:29','\0',NULL,0,'Stephane RAGOT a commenté votre publication',600,2124,2511),(2535,'1133274843183803','\0','2021-01-04 21:45:30','\0',NULL,0,'Stephane RAGOT a commenté votre publication',600,2124,2511),(2537,'1133276312719460','\0','2021-01-04 21:45:31','\0',NULL,0,'Stephane RAGOT a commenté votre publication',600,2124,2511),(2545,'1133362363825262','\0','2021-01-04 21:46:57','\0',NULL,0,'Stephane RAGOT a commenté votre publication',600,2124,2511),(2559,'1167997416746121','','2021-01-05 07:24:12','\0',NULL,0,'François-xavier KEOU TCHAKOUE est votre nouvel abonné',2551,2125,600),(2562,'1168283988112872','','2021-01-05 07:28:58','\0',NULL,0,'François-xavier KEOU TCHAKOUE a aimé votre publication',2551,2123,600),(2566,'1192672341360424','\0','2021-01-05 14:15:27','\0',NULL,0,'François-xavier KEOU TCHAKOUE est votre nouvel abonné',2511,2125,600),(2567,'1192672341387125','\0','2021-01-05 14:15:27','\0',NULL,0,'François-xavier KEOU TCHAKOUE est votre nouvel abonné',2511,2125,600),(2571,'1192681059168294','\0','2021-01-05 14:15:35','\0',NULL,0,'François-xavier KEOU TCHAKOUE est votre nouvel abonné',2511,2125,600),(2574,'1196531816305392','\0','2021-01-05 15:19:46','\0',NULL,0,'Shogo EPOKO est votre nouvel abonné',600,2125,1877),(2577,'1196534985520305','\0','2021-01-05 15:19:50','\0',NULL,0,'Shogo EPOKO est votre nouvel abonné',600,2125,1877),(2582,'1220157517018795','\0','2021-01-05 21:53:32','\0',NULL,0,'Prisca GRANDY est votre nouvel abonné',600,2125,2579),(2587,'1253637839704377','','2021-01-06 07:11:32','\0',NULL,0,'François-xavier KEOU TCHAKOUE est votre nouvel abonné',2579,2125,600),(2590,'1281822499939355','\0','2021-01-06 15:01:17','\0',NULL,0,'Alain TCHIEGANG a aimé votre publication',600,2123,1727),(2593,'1281837133490542','\0','2021-01-06 15:01:31','\0',NULL,0,'Alain TCHIEGANG a aimé votre publication',600,2123,1727),(2599,'1289796317493549','','2021-01-06 17:14:11','\0',NULL,0,'John DOE est votre nouvel abonné',2468,2125,2386),(2602,'1289816887155650','','2021-01-06 17:14:31','\0',NULL,0,'John DOE est votre nouvel abonné',2166,2125,2386),(2605,'1289839668794923','','2021-01-06 17:14:54','\0',NULL,0,'John DOE est votre nouvel abonné',1877,2125,2386),(2608,'1289863872333778','','2021-01-06 17:15:18','\0',NULL,0,'John DOE est votre nouvel abonné',2551,2125,2386),(2611,'1289905451898675','\0','2021-01-06 17:16:00','\0',NULL,0,'John DOE est votre nouvel abonné',602,2125,2386),(2614,'1289933871541454','\0','2021-01-06 17:16:28','\0',NULL,0,'John DOE est votre nouvel abonné',1844,2125,2386),(2617,'1289950389001783','','2021-01-06 17:16:45','\0',NULL,0,'John DOE est votre nouvel abonné',1713,2125,2386),(2629,'1306636556980071','\0','2021-01-06 21:54:51','\0',NULL,0,'Stéphane  YATO a aimé votre publication',599,2123,2626),(2634,'1311365225852024','\0','2021-01-06 23:13:40','\0',NULL,0,'Loveline METOUKAM est votre nouvel abonné',599,2125,2631),(2644,'1379788500411229','','2021-01-07 18:14:04','\0',NULL,0,'Yohan NERIS a aimé votre publication',1877,2123,2641),(2647,'1379804828641391','','2021-01-07 18:14:19','\0',NULL,0,'Yohan NERIS a aimé votre publication',1877,2123,2641),(2650,'1379844482137671','\0','2021-01-07 18:14:59','\0',NULL,0,'Yohan NERIS est votre nouvel abonné',600,2125,2641),(2653,'1379947652587922','\0','2021-01-07 18:16:42','\0',NULL,0,'Yohan NERIS a aimé votre publication',600,2123,2641),(2656,'1380009582877477','\0','2021-01-07 18:17:44','\0',NULL,0,'Yohan NERIS est votre nouvel abonné',1727,2125,2641),(2659,'1380010352524778','','2021-01-07 18:17:45','\0',NULL,0,'Yohan NERIS est votre nouvel abonné',598,2125,2641),(2662,'1380013040283196','','2021-01-07 18:17:47','\0',NULL,0,'Yohan NERIS est votre nouvel abonné',1,2125,2641),(2665,'1380033813117884','','2021-01-07 18:18:08','\0',NULL,0,'Yohan NERIS est votre nouvel abonné',2638,2125,2641),(2668,'1380036924334891','','2021-01-07 18:18:11','\0',NULL,0,'Yohan NERIS est votre nouvel abonné',1898,2125,2641),(2672,'1380038436442662','\0','2021-01-07 18:18:13','\0',NULL,0,'Yohan NERIS est votre nouvel abonné',2511,2125,2641),(2673,'1380038489805446','','2021-01-07 18:18:13','\0',NULL,0,'Yohan NERIS est votre nouvel abonné',1716,2125,2641),(2677,'1380092443517135','','2021-01-07 18:19:07','\0',NULL,0,'Yohan NERIS est votre nouvel abonné',1877,2125,2641),(2680,'1380093093441193','','2021-01-07 18:19:07','\0',NULL,0,'Yohan NERIS est votre nouvel abonné',1900,2125,2641),(2683,'1380093577823694','','2021-01-07 18:19:08','\0',NULL,0,'Yohan NERIS est votre nouvel abonné',2579,2125,2641),(2686,'1380117698515366','','2021-01-07 18:19:32','\0',NULL,0,'Yohan NERIS est votre nouvel abonné',619,2125,2641),(2689,'1380118671840447','','2021-01-07 18:19:33','\0',NULL,0,'Yohan NERIS est votre nouvel abonné',1889,2125,2641),(2692,'1380135009261865','','2021-01-07 18:19:49','\0',NULL,0,'Yohan NERIS est votre nouvel abonné',599,2125,2641),(2695,'1380135724083974','','2021-01-07 18:19:50','\0',NULL,0,'Yohan NERIS est votre nouvel abonné',653,2125,2641),(2698,'1380136783706462','','2021-01-07 18:19:51','\0',NULL,0,'Yohan NERIS est votre nouvel abonné',2468,2125,2641),(2701,'1380156466400323','','2021-01-07 18:20:11','\0',NULL,0,'Yohan NERIS est votre nouvel abonné',1987,2125,2641),(2704,'1380157162912009','','2021-01-07 18:20:11','\0',NULL,0,'Yohan NERIS est votre nouvel abonné',2065,2125,2641),(2707,'1380157854639567','','2021-01-07 18:20:12','\0',NULL,0,'Yohan NERIS est votre nouvel abonné',1711,2125,2641),(2710,'1380192627419554','\0','2021-01-07 18:20:47','\0',NULL,0,'Yohan NERIS est votre nouvel abonné',2128,2125,2641),(2713,'1380226076194580','\0','2021-01-07 18:21:20','\0',NULL,0,'Yohan NERIS est votre nouvel abonné',591,2125,2641),(2716,'1380252974349495','','2021-01-07 18:21:47','\0',NULL,0,'Yohan NERIS est votre nouvel abonné',2551,2125,2641),(2719,'1380275063298581','','2021-01-07 18:22:09','\0',NULL,0,'Yohan NERIS est votre nouvel abonné',592,2125,2641),(2722,'1380330279447116','','2021-01-07 18:23:05','\0',NULL,0,'Yohan NERIS est votre nouvel abonné',2131,2125,2641),(2725,'1380378666798875','','2021-01-07 18:23:53','\0',NULL,0,'Yohan NERIS est votre nouvel abonné',1860,2125,2641),(2728,'1380575126363998','','2021-01-07 18:27:09','\0',NULL,0,'Yohan NERIS a aimé votre publication',2551,2123,2641),(2737,'1382387154710289','','2021-01-07 18:57:22','\0',NULL,0,'Axel KAMTCHE est votre nouvel abonné',1902,2125,2732),(2738,'1382387392269808','','2021-01-07 18:57:22','\0',NULL,0,'Axel KAMTCHE est votre nouvel abonné',599,2125,2732),(2742,'1382387986363409','','2021-01-07 18:57:22','\0',NULL,0,'Axel KAMTCHE est votre nouvel abonné',1877,2125,2732),(2745,'1382391041961559','','2021-01-07 18:57:25','\0',NULL,0,'Axel KAMTCHE est votre nouvel abonné',1171,2125,2732),(2748,'1382397543609595','','2021-01-07 18:57:32','\0',NULL,0,'Axel KAMTCHE est votre nouvel abonné',599,2125,2732),(2751,'1382408442108132','','2021-01-07 18:57:43','\0',NULL,0,'Axel KAMTCHE est votre nouvel abonné',1902,2125,2732),(2755,'1384284069237595','','2021-01-07 19:28:58','\0',NULL,0,'François-xavier KEOU TCHAKOUE est votre nouvel abonné',2641,2125,600),(2759,'1386599886973831','','2021-01-07 20:07:34','\0',NULL,0,'François-xavier KEOU TCHAKOUE est votre nouvel abonné',2732,2125,600),(2762,'1387282587739867','\0','2021-01-07 20:18:57','\0',NULL,0,'Axel KAMTCHE est votre nouvel abonné',600,2125,2732),(2765,'1387285726785610','\0','2021-01-07 20:19:00','\0',NULL,0,'Axel KAMTCHE est votre nouvel abonné',600,2125,2732),(2768,'1387341744785853','','2021-01-07 20:19:56','\0',NULL,0,'Axel KAMTCHE est votre nouvel abonné',1898,2125,2732),(2771,'1387397361886386','','2021-01-07 20:20:52','\0',NULL,0,'Axel KAMTCHE est votre nouvel abonné',1713,2125,2732),(2777,'1389039560771923','\0','2021-01-07 20:48:14','\0',NULL,0,'Franck emmanuel KEOU TCHANKOUE est votre nouvel abonné',600,2125,2468),(2780,'1389185394583916','','2021-01-07 20:50:40','\0',NULL,0,'Franck emmanuel KEOU TCHANKOUE est votre nouvel abonné',2641,2125,2468),(2783,'1389187057227263','','2021-01-07 20:50:41','\0',NULL,0,'Franck emmanuel KEOU TCHANKOUE est votre nouvel abonné',2202,2125,2468),(2786,'1389216431316080','','2021-01-07 20:51:11','\0',NULL,0,'Franck emmanuel KEOU TCHANKOUE est votre nouvel abonné',2386,2125,2468),(2800,'1394962950651452','','2021-01-07 22:26:57','\0',NULL,0,'John DOE est votre nouvel abonné',2202,2125,2386),(2805,'1395913903103190','','2021-01-07 22:42:48','\0',NULL,0,'François-xavier KEOU TCHAKOUE est votre nouvel abonné',2202,2125,600),(2811,'1398769345539059','','2021-01-07 23:30:24','\0',NULL,0,'François-xavier KEOU TCHAKOUE est votre nouvel abonné',1902,2125,600),(2814,'1398771766463413','','2021-01-07 23:30:26','\0',NULL,0,'François-xavier KEOU TCHAKOUE est votre nouvel abonné',1902,2125,600),(2819,'1399349447337105','','2021-01-07 23:40:04','\0',NULL,0,'François-xavier KEOU TCHAKOUE a aimé votre publication',2202,2123,600),(2821,'1399370761740470','','2021-01-07 23:40:26','\0',NULL,0,'François-xavier KEOU TCHAKOUE a commenté votre publication',2202,2124,600),(2829,'1400856675572380','','2021-01-08 00:05:12','\0',NULL,0,'François-xavier KEOU TCHAKOUE a aimé votre publication',2202,2123,600),(2831,'1400876331209873','','2021-01-08 00:05:31','\0',NULL,0,'François-xavier KEOU TCHAKOUE a commenté votre publication',2202,2124,600),(2834,'1400884675727339','','2021-01-08 00:05:39','\0',NULL,0,'François-xavier KEOU TCHAKOUE a commenté votre publication',2202,2124,600),(2841,'1423884711298829','','2021-01-08 06:29:00','\0',NULL,0,'François-xavier KEOU TCHAKOUE est votre nouvel abonné',1773,2125,600),(2845,'1434220264562895','','2021-01-08 09:21:26','\0',NULL,0,'Chimamanda NGOZI ADICHIE est votre nouvel abonné',1,2125,591),(2848,'1434370739818178','','2021-01-08 09:23:45','\0',NULL,0,'Belinda MENGUE est votre nouvel abonné',591,2125,1),(2884,'1473848135028399','\0','2021-01-08 20:21:44','\0',NULL,0,'Adélia ROSE est votre nouvel abonné',600,2125,2881),(2888,'1473850788639767','\0','2021-01-08 20:21:45','\0',NULL,0,'Adélia ROSE est votre nouvel abonné',600,2125,2881),(2889,'1473851014456843','\0','2021-01-08 20:21:45','\0',NULL,0,'Adélia ROSE est votre nouvel abonné',600,2125,2881),(2893,'1473853481460476','\0','2021-01-08 20:21:48','\0',NULL,0,'Adélia ROSE est votre nouvel abonné',600,2125,2881),(2897,'1474274152164474','','2021-01-08 20:28:48','\0',NULL,0,'Adélia ROSE est votre nouvel abonné',1943,2125,2881),(2898,'1474274262301453','','2021-01-08 20:28:49','\0',NULL,0,'Adélia ROSE est votre nouvel abonné',1860,2125,2881),(2902,'1478545071725305','\0','2021-01-08 21:39:59','\0',NULL,0,'Jean philippe JEAN PHILIPPE VEIGNE YOUNDJEU est votre nouvel abonné',600,2125,2332),(2905,'1479589694261418','','2021-01-08 21:57:24','\0',NULL,0,'François-xavier KEOU TCHAKOUE est votre nouvel abonné',2332,2125,600),(2914,'1524324712865035','\0','2021-01-09 10:23:06','\0',NULL,0,'Bastien  PELLETIER est votre nouvel abonné',600,2125,2911),(2920,'1525272509195837','','2021-01-09 10:38:47','\0',NULL,0,'François-xavier KEOU TCHAKOUE est votre nouvel abonné',2911,2125,600),(2925,'1543316294101238','','2021-01-09 15:39:32','\0',NULL,0,'François-xavier KEOU TCHAKOUE a aimé votre publication',2332,2123,600),(2927,'1543335568942898','','2021-01-09 15:39:50','\0',NULL,0,'François-xavier KEOU TCHAKOUE a commenté votre publication',2332,2124,600),(2931,'1547236986887138','','2021-01-09 16:44:51','\0',NULL,0,'Franck KAMAYOU est votre nouvel abonné',2166,2125,599),(2934,'1547239560186560','','2021-01-09 16:44:54','\0',NULL,0,'Franck KAMAYOU est votre nouvel abonné',2166,2125,599),(2937,'1547242759888274','','2021-01-09 16:44:57','\0',NULL,0,'Franck KAMAYOU est votre nouvel abonné',2166,2125,599),(2940,'1547282215198067','\0','2021-01-09 16:45:37','\0',NULL,0,'Franck KAMAYOU est votre nouvel abonné',2128,2125,599),(2973,'1565475741222943','\0','2021-01-09 21:48:50','\0',NULL,0,'Tatiana APIANE a aimé votre publication',600,2123,1900),(2976,'1565487845616169','\0','2021-01-09 21:49:02','\0',NULL,0,'Tatiana APIANE a aimé votre publication',600,2123,1900),(2979,'1565497329129067','\0','2021-01-09 21:49:12','\0',NULL,0,'Tatiana APIANE a aimé votre publication',600,2123,1900),(2987,'1566221399232989','','2021-01-09 22:01:23','\0',NULL,0,'Tatiana APIANE est votre nouvel abonné',1860,2125,1900),(2990,'1566316988318074','','2021-01-09 22:02:51','\0',NULL,0,'Tatiana APIANE est votre nouvel abonné',2641,2125,1900),(2995,'1571731040937459','\0','2021-01-09 23:33:09','\0',NULL,0,'Serge-antoine KEOU KETCHIOZO est votre nouvel abonné',600,2125,2992),(3001,'1571765817643700','\0','2021-01-09 23:33:41','\0',NULL,0,'Serge-antoine KEOU KETCHIOZO a aimé votre publication',600,2123,2992),(3002,'1571765817632700','\0','2021-01-09 23:33:41','\0',NULL,0,'Serge-antoine KEOU KETCHIOZO a aimé votre publication',600,2123,2992),(3003,'1571765817638500','\0','2021-01-09 23:33:41','\0',NULL,0,'Serge-antoine KEOU KETCHIOZO a aimé votre publication',600,2123,2992),(3004,'1571765817611100','\0','2021-01-09 23:33:41','\0',NULL,0,'Serge-antoine KEOU KETCHIOZO a aimé votre publication',600,2123,2992),(3010,'1571775542385697','\0','2021-01-09 23:33:50','\0',NULL,0,'Serge-antoine KEOU KETCHIOZO a aimé votre publication',600,2123,2992),(3019,'1572599625548645','','2021-01-09 23:47:34','\0',NULL,0,'François-xavier KEOU TCHAKOUE est votre nouvel abonné',2992,2125,600),(3035,'1574198043933056','','2021-01-10 00:14:12','\0',NULL,0,'Serge-antoine KEOU KETCHIOZO est votre nouvel abonné',1713,2125,2992),(3044,'1647041780727438','','2021-01-10 20:28:16','\0',NULL,0,'Chaka NGAMENI a aimé votre publication',2202,2123,1903),(3047,'1647054616574817','','2021-01-10 20:28:29','\0',NULL,0,'Chaka NGAMENI a aimé votre publication',2202,2123,1903),(3051,'1647212851172235','\0','2021-01-10 20:31:14','\0',NULL,0,'Chaka NGAMENI est votre nouvel abonné',600,2125,1903),(3052,'1647212851074535','\0','2021-01-10 20:31:14','\0',NULL,0,'Chaka NGAMENI est votre nouvel abonné',600,2125,1903),(3068,'1699213084823117','\0','2021-01-11 10:57:47','\0',NULL,0,'Arnaud melvin ELEMVA a aimé votre publication',600,2123,602),(3071,'1699223107417931','\0','2021-01-11 10:57:57','\0',NULL,0,'Arnaud melvin ELEMVA a aimé votre publication',600,2123,602),(3074,'1699242779571661','\0','2021-01-11 10:58:17','\0',NULL,0,'Arnaud melvin ELEMVA a aimé votre publication',600,2123,602),(3077,'1699282094428055','\0','2021-01-11 10:58:56','\0',NULL,0,'Arnaud melvin ELEMVA a aimé votre publication',600,2123,602),(3088,'1725117648069795','','2021-01-11 18:09:32','\0',NULL,0,'François-xavier KEOU TCHAKOUE est votre nouvel abonné',3079,2125,600),(3092,'1725424507872221','','2021-01-11 18:14:39','\0',NULL,0,' florence  ETEME est votre nouvel abonné',1877,2125,3079),(3102,'1742829652812232','','2021-01-11 23:04:45','\0',NULL,0,'Raïssa  MONTOIS est votre nouvel abonné',591,2125,3099),(3105,'1742908352259057','\0','2021-01-11 23:06:03','\0',NULL,0,'Raïssa  MONTOIS est votre nouvel abonné',591,2125,3099),(3108,'1742940942106359','','2021-01-11 23:06:35','\0',NULL,0,'Raïssa  MONTOIS est votre nouvel abonné',1943,2125,3099),(3111,'1742983406906994','','2021-01-11 23:07:18','\0',NULL,0,'Raïssa  MONTOIS est votre nouvel abonné',1860,2125,3099),(3116,'1788048427004610','\0','2021-01-12 11:38:23','\0',NULL,0,' florence  ETEME est votre nouvel abonné',600,2125,3079),(3130,'1791268228448883','','2021-01-12 12:32:03','\0',NULL,0,'François-xavier KEOU TCHAKOUE a aimé votre publication',3079,2123,600),(3132,'1796146095614310','','2021-01-12 13:53:21','\0',NULL,0,'François-xavier KEOU TCHAKOUE a commenté votre publication',3079,2124,600),(3140,'1830469738943175','','2021-01-12 23:25:25','\0',NULL,0,'Maÿlys KAMTCHE est votre nouvel abonné',2732,2125,3135),(3143,'1830472122847207','\0','2021-01-12 23:25:26','\0',NULL,0,'Maÿlys KAMTCHE est votre nouvel abonné',600,2125,3135),(3148,'1881002617865632','\0','2021-01-13 13:27:37','\0',NULL,0,'Bastien  PELLETIER est votre nouvel abonné',2511,2125,2911),(3160,'1889741763758069','','2021-01-13 15:53:16','\0',NULL,0,'Franck KAMAYOU est votre nouvel abonné',2579,2125,599),(3163,'1889744368614246','','2021-01-13 15:53:19','\0',NULL,0,'Franck KAMAYOU est votre nouvel abonné',2579,2125,599),(3174,'1972813653444554','\0','2021-01-14 14:57:48','\0',NULL,0,'Mane ADAMYAN a aimé votre publication',600,2123,1711),(3177,'1972821951369522','\0','2021-01-14 14:57:56','\0',NULL,0,'Mane ADAMYAN a aimé votre publication',600,2123,1711),(3183,'1993998931844175','\0','2021-01-14 20:50:53','\0',NULL,0,'Brice MBIELEU TAFFOU est votre nouvel abonné',600,2125,3180),(3186,'1994501165973342','','2021-01-14 20:59:16','\0',NULL,0,'Brice MBIELEU TAFFOU est votre nouvel abonné',2263,2125,3180),(3189,'1994502710613050','','2021-01-14 20:59:17','\0',NULL,0,'Brice MBIELEU TAFFOU est votre nouvel abonné',599,2125,3180),(3200,'2073619441092356','','2021-01-15 18:57:54','\0',NULL,0,'Melanie KAMAYOU est votre nouvel abonné',2880,2125,3197),(3203,'2073634532316686','\0','2021-01-15 18:58:09','\0',NULL,0,'Melanie KAMAYOU est votre nouvel abonné',600,2125,3197),(3207,'2074322331829387','\0','2021-01-15 19:09:37','\0',NULL,0,'Melanie KAMAYOU est votre nouvel abonné',599,2125,3197),(3210,'2074364665812657','','2021-01-15 19:10:19','\0',NULL,0,'Melanie KAMAYOU est votre nouvel abonné',1889,2125,3197),(3213,'2074397304452440','','2021-01-15 19:10:52','\0',NULL,0,'Melanie KAMAYOU est votre nouvel abonné',1943,2125,3197),(3216,'2074451901163997','','2021-01-15 19:11:46','\0',NULL,0,'Melanie KAMAYOU est votre nouvel abonné',2166,2125,3197),(3219,'2074474819355548','','2021-01-15 19:12:09','\0',NULL,0,'François-xavier KEOU TCHAKOUE est votre nouvel abonné',3197,2125,600),(3222,'2074483216278013','','2021-01-15 19:12:18','\0',NULL,0,'Melanie KAMAYOU est votre nouvel abonné',598,2125,3197),(3225,'2074532361762788','','2021-01-15 19:13:07','\0',NULL,0,'Melanie KAMAYOU est votre nouvel abonné',2638,2125,3197),(3228,'2074611647664283','','2021-01-15 19:14:26','\0',NULL,0,'Melanie KAMAYOU est votre nouvel abonné',602,2125,3197),(3244,'2120193688491860','','2021-01-16 07:54:08','\0',NULL,0,'François-xavier KEOU TCHAKOUE a aimé votre publication',2202,2123,600),(3246,'2120219140257993','','2021-01-16 07:54:33','\0',NULL,0,'François-xavier KEOU TCHAKOUE a commenté votre publication',2202,2124,600),(3258,'2141943777351072','\0','2021-01-16 13:56:38','\0',NULL,0,'Stephane KAMAYOU est votre nouvel abonné',600,2125,3238),(3259,'2141943918485027','\0','2021-01-16 13:56:38','\0',NULL,0,'Stephane KAMAYOU est votre nouvel abonné',600,2125,3238),(3263,'2141945592251799','\0','2021-01-16 13:56:40','\0',NULL,0,'Stephane KAMAYOU est votre nouvel abonné',600,2125,3238),(3276,'2167027143977708','\0','2021-01-16 20:54:42','\0',NULL,0,'Chris-emmanuel FENKAM est votre nouvel abonné',600,2125,3194),(3298,'2251229484322042','','2021-01-17 20:18:04','\0',NULL,0,'Stephane RAGOT est votre nouvel abonné',2911,2125,2511),(3307,'2312223768950668','\0','2021-01-18 13:14:38','\0',NULL,0,'Mane ADAMYAN a aimé votre publication',600,2123,1711),(3308,'2312223785003667','\0','2021-01-18 13:14:38','\0',NULL,0,'Mane ADAMYAN a aimé votre publication',600,2123,1711),(3323,'2339234060854188','\0','2021-01-18 20:44:49','\0',NULL,0,'Davis MAZE est votre nouvel abonné',600,2125,3320),(3326,'2339236504805008','\0','2021-01-18 20:44:51','\0',NULL,0,'Davis MAZE est votre nouvel abonné',600,2125,3320),(3332,'2341936622167374','','2021-01-18 21:29:51','\0',NULL,0,'Stephane RAGOT est votre nouvel abonné',3316,2125,2511),(3335,'2343673469322232','','2021-01-18 21:58:48','\0',NULL,0,'Davis MAZE est votre nouvel abonné',1900,2125,3320),(3344,'2347952012101713','','2021-01-18 23:10:08','\0',NULL,0,'Stephane RAGOT est votre nouvel abonné',3197,2125,2511),(3347,'2347959454656620','','2021-01-18 23:10:14','\0',NULL,0,'Stephane RAGOT est votre nouvel abonné',2638,2125,2511),(3355,'2350532619487089','','2021-01-18 23:53:07','\0',NULL,0,'Stephane RAGOT est votre nouvel abonné',3238,2125,2511),(3358,'2350654289342056','','2021-01-18 23:55:09','\0',NULL,0,'Stephane RAGOT est votre nouvel abonné',2641,2125,2511),(3370,'72492790747531','\0','2021-01-19 18:19:09','\0',NULL,0,'Stephane RAGOT est votre nouvel abonné',599,2125,2511),(3373,'72575407612837','','2021-01-19 18:20:30','\0',NULL,0,'Stephane RAGOT est votre nouvel abonné',619,2125,2511),(3376,'72649001934406','','2021-01-19 18:21:44','\0',NULL,0,'Stephane RAGOT est votre nouvel abonné',1877,2125,2511),(3379,'72700357862870','','2021-01-19 18:22:35','\0',NULL,0,'Stephane RAGOT est votre nouvel abonné',2386,2125,2511),(3384,'72798550583511','\0','2021-01-19 18:24:14','\0',NULL,0,'François-xavier KEOU TCHAKOUE a aimé votre publication',2511,2123,600),(3387,'72838172504509','\0','2021-01-19 18:24:53','\0',NULL,0,'Stephane RAGOT a aimé votre publication',600,2123,2511),(3396,'121685405438786','\0','2021-01-20 07:59:00','\0',NULL,0,'François-xavier KEOU TCHAKOUE a aimé votre publication',2511,2123,600),(3404,'149226015584116','','2021-01-20 15:38:01','\0',NULL,0,'François-xavier KEOU TCHAKOUE a commenté votre publication',1943,2124,600),(3439,'43369856394836','\0','2021-01-21 04:19:14','\0',NULL,0,'Yohan NERIS a aimé votre publication',2511,2123,2641),(3442,'43372291128142','\0','2021-01-21 04:19:16','\0',NULL,0,'Yohan NERIS a aimé votre publication',600,2123,2641),(3445,'43377477073366','\0','2021-01-21 04:19:22','\0',NULL,0,'Yohan NERIS a aimé votre publication',600,2123,2641),(3448,'43380829970847','\0','2021-01-21 04:19:25','\0',NULL,0,'Yohan NERIS a aimé votre publication',600,2123,2641),(3451,'43384665892851','\0','2021-01-21 04:19:29','\0',NULL,0,'Yohan NERIS a aimé votre publication',600,2123,2641),(3454,'43390502029551','\0','2021-01-21 04:19:35','\0',NULL,0,'Yohan NERIS a aimé votre publication',600,2123,2641),(3457,'43393885571203','\0','2021-01-21 04:19:38','\0',NULL,0,'Yohan NERIS a aimé votre publication',600,2123,2641),(3460,'43396294066064','\0','2021-01-21 04:19:40','\0',NULL,0,'Yohan NERIS a aimé votre publication',600,2123,2641),(3463,'43402837606871','\0','2021-01-21 04:19:47','\0',NULL,0,'Yohan NERIS a aimé votre publication',1,2123,2641),(3466,'43405626371672','\0','2021-01-21 04:19:50','\0',NULL,0,'Yohan NERIS a aimé votre publication',1,2123,2641),(3469,'43407706555151','\0','2021-01-21 04:19:52','\0',NULL,0,'Yohan NERIS a aimé votre publication',1,2123,2641),(3472,'43412587190618','\0','2021-01-21 04:19:57','\0',NULL,0,'Yohan NERIS a aimé votre publication',600,2123,2641),(3475,'61493714496278','','2021-01-21 09:21:18','\0',NULL,0,'François-xavier KEOU TCHAKOUE a aimé votre publication',2641,2123,600),(3477,'61556696727487','','2021-01-21 09:22:21','\0',NULL,0,'François-xavier KEOU TCHAKOUE a commenté votre publication',2641,2124,600),(3480,'61599269310094','','2021-01-21 09:23:03','\0',NULL,0,'François-xavier KEOU TCHAKOUE a commenté votre publication',2641,2124,600),(3484,'82162157941115','\0','2021-01-21 15:05:46','\0',NULL,0,'Mane ADAMYAN a aimé votre publication',600,2123,1711),(3490,'94225395483693','\0','2021-01-21 18:26:50','\0',NULL,0,'Fabrice KAMAYOU est votre nouvel abonné',600,2125,3486),(3493,'94255073619792','\0','2021-01-21 18:27:19','\0',NULL,0,'Fabrice KAMAYOU est votre nouvel abonné',599,2125,3486),(3495,'94298976378286','\0','2021-01-21 18:28:04','\0',NULL,0,'Fabrice KAMAYOU a commenté votre publication',599,2124,3486),(3518,'105118204920168','\0','2021-01-21 21:28:22','\0',NULL,0,'François-xavier KEOU TCHAKOUE est votre nouvel abonné',3509,2125,600),(3522,'105245220229009','\0','2021-01-21 21:30:29','\0',NULL,0,'François-xavier KEOU TCHAKOUE a aimé votre publication',3509,2123,600),(3524,'105268828654711','\0','2021-01-21 21:30:53','\0',NULL,0,'François-xavier KEOU TCHAKOUE a commenté votre publication',3509,2124,600),(3528,'105331449339464','\0','2021-01-21 21:31:56','\0',NULL,0,'Dany NGASSA est votre nouvel abonné',600,2125,3509),(3540,'108510361101668','','2021-01-21 22:24:55','\0',NULL,0,'François-xavier KEOU TCHAKOUE est votre nouvel abonné',3415,2125,600),(3543,'108515458923102','','2021-01-21 22:25:00','\0',NULL,0,'François-xavier KEOU TCHAKOUE est votre nouvel abonné',3415,2125,600),(3566,'118805165009114','','2021-01-22 01:16:29','\0',NULL,0,'Dany NGASSA est votre nouvel abonné',2631,2125,3509),(3571,'139611960808505','\0','2021-01-22 07:03:16','\0',NULL,0,'François-xavier KEOU TCHAKOUE a aimé votre publication',2511,2123,600),(3576,'157081633340756','','2021-01-22 11:54:26','\0',NULL,0,'François-xavier KEOU TCHAKOUE est votre nouvel abonné',3192,2125,600),(3588,'187440742621189','','2021-01-22 20:20:26','\0',NULL,0,'François-xavier KEOU TCHAKOUE est votre nouvel abonné',3165,2125,600),(3591,'187477041149073','','2021-01-22 20:21:01','\0',NULL,0,'François-xavier KEOU TCHAKOUE a aimé votre publication',3165,2123,600),(3593,'187517550605457','','2021-01-22 20:21:42','\0',NULL,0,'François-xavier KEOU TCHAKOUE a commenté votre publication',3165,2124,600),(3602,'192110446416101','','2021-01-22 21:38:15','\0',NULL,0,'François-xavier KEOU TCHAKOUE est votre nouvel abonné',3598,2125,600),(3608,'218858637983756','','2021-01-23 05:04:03','\0',NULL,0,'Prisca PRISCA GRANDY est votre nouvel abonné',599,2125,2579),(3620,'225866740823864','','2021-01-23 07:00:51','\0',NULL,0,'François-xavier KEOU TCHAKOUE a aimé votre publication',2579,2123,600),(3623,'226217378426920','','2021-01-23 07:06:42','\0',NULL,0,'François-xavier KEOU TCHAKOUE est votre nouvel abonné',2798,2125,600),(3626,'226456690454777','','2021-01-23 07:10:41','\0',NULL,0,'François-xavier KEOU TCHAKOUE a aimé votre publication',3415,2123,600),(3629,'227588808487207','','2021-01-23 07:29:33','\0',NULL,0,'François-xavier KEOU TCHAKOUE est votre nouvel abonné',2511,2125,600),(3632,'227751749964805','','2021-01-23 07:32:16','\0',NULL,0,'François-xavier KEOU TCHAKOUE est votre nouvel abonné',2166,2125,600),(3646,'270949217282472','','2021-01-23 19:32:13','\0',NULL,0,'François-xavier KEOU TCHAKOUE est votre nouvel abonné',2025,2125,600),(3652,'278956203815379','','2021-01-23 21:45:41','\0',NULL,0,'Patrick K est votre nouvel abonné',2511,2125,2638),(3655,'278956791947210','','2021-01-23 21:45:41','\0',NULL,0,'Patrick K est votre nouvel abonné',3197,2125,2638),(3658,'278957109475021','','2021-01-23 21:45:41','\0',NULL,0,'Patrick K est votre nouvel abonné',2641,2125,2638),(3661,'278994337917068','','2021-01-23 21:46:18','\0',NULL,0,'Patrick K est votre nouvel abonné',3486,2125,2638),(3664,'279031160132666','','2021-01-23 21:46:55','\0',NULL,0,'Patrick K est votre nouvel abonné',1943,2125,2638),(3667,'279084067771179','','2021-01-23 21:47:48','\0',NULL,0,'Patrick K est votre nouvel abonné',2263,2125,2638),(3670,'279150458946752','','2021-01-23 21:48:55','\0',NULL,0,'Patrick K est votre nouvel abonné',2166,2125,2638),(3673,'279184483819841','\0','2021-01-23 21:49:29','\0',NULL,0,'Patrick K est votre nouvel abonné',599,2125,2638),(3676,'279217438243249','\0','2021-01-23 21:50:02','\0',NULL,0,'Patrick K est votre nouvel abonné',600,2125,2638),(3679,'280802633988820','','2021-01-23 22:16:27','\0',NULL,0,'François-xavier KEOU TCHAKOUE est votre nouvel abonné',2638,2125,600),(3682,'280888874354722','','2021-01-23 22:17:53','\0',NULL,0,'François-xavier KEOU TCHAKOUE est votre nouvel abonné',3415,2125,600),(3685,'76237622777392','','2021-01-27 08:35:07','\0',NULL,0,'François-xavier KEOU TCHAKOUE est votre nouvel abonné',2881,2125,600),(3693,'91220058929342','\0','2021-01-27 12:44:50','\0',NULL,0,'Stephane RAGOT a aimé votre publication',600,2123,2511),(3695,'91262366592231','\0','2021-01-27 12:45:32','\0',NULL,0,'François-xavier KEOU TCHAKOUE a commenté votre publication',2511,2124,600),(3698,'91470458129944','\0','2021-01-27 12:49:00','\0',NULL,0,'Stephane RAGOT a aimé votre publication',600,2123,2511),(3700,'91492343296631','\0','2021-01-27 12:49:22','\0',NULL,0,'Stephane RAGOT a commenté votre publication',600,2124,2511),(3702,'91917266762493','\0','2021-01-27 12:56:27','\0',NULL,0,'Stephane RAGOT a commenté votre publication',600,2124,2511),(3708,'151094917015452','','2021-01-28 05:22:44','\0',NULL,0,'Dany NGASSA est votre nouvel abonné',599,2125,3509),(3711,'151104963485610','','2021-01-28 05:22:54','\0',NULL,0,'Dany NGASSA est votre nouvel abonné',599,2125,3509),(3721,'197840824824948','\0','2021-01-28 18:21:50','\0',NULL,0,'Ernest NDJETA est votre nouvel abonné',600,2125,673),(3724,'197922331802292','','2021-01-28 18:23:12','\0',NULL,0,'Ernest NDJETA est votre nouvel abonné',3238,2125,673),(3727,'197935702071091','','2021-01-28 18:23:25','\0',NULL,0,'Ernest NDJETA est votre nouvel abonné',619,2125,673),(3730,'197968889317045','\0','2021-01-28 18:23:58','\0',NULL,0,'Ernest NDJETA est votre nouvel abonné',602,2125,673),(3733,'197979931557518','\0','2021-01-28 18:24:09','\0',NULL,0,'Ernest NDJETA est votre nouvel abonné',599,2125,673),(3736,'253261142966800','\0','2021-01-29 09:45:31','\0',NULL,0,'François-xavier KEOU TCHAKOUE a commenté votre publication',2511,2124,600),(3739,'253463305190936','\0','2021-01-29 09:48:53','\0',NULL,0,'François-xavier KEOU TCHAKOUE a aimé votre publication',2511,2123,600),(3741,'253506225485738','','2021-01-29 09:49:36','\0',NULL,0,'François-xavier KEOU TCHAKOUE a commenté votre publication',2511,2124,600),(3744,'254276847139865','\0','2021-01-29 10:02:26','\0',NULL,0,'François-xavier KEOU TCHAKOUE a aimé votre publication',2511,2123,600),(3751,'512328860919949','','2021-02-01 09:43:18','\0',NULL,0,'Axel TSOBGNY est votre nouvel abonné',2798,2125,3145),(3754,'512331602880181','','2021-02-01 09:43:21','\0',NULL,0,'Axel TSOBGNY est votre nouvel abonné',2798,2125,3145),(3757,'512334104209666','','2021-02-01 09:43:24','\0',NULL,0,'Axel TSOBGNY est votre nouvel abonné',599,2125,3145),(3760,'512336149299600','','2021-02-01 09:43:26','\0',NULL,0,'Axel TSOBGNY est votre nouvel abonné',3300,2125,3145),(3763,'512337852512143','','2021-02-01 09:43:27','\0',NULL,0,'Axel TSOBGNY est votre nouvel abonné',3604,2125,3145),(3766,'512355876807101','','2021-02-01 09:43:45','\0',NULL,0,'Axel TSOBGNY est votre nouvel abonné',666,2125,3145),(3769,'512371948914367','','2021-02-01 09:44:01','\0',NULL,0,'Axel TSOBGNY est votre nouvel abonné',1699,2125,3145),(3772,'512412373942505','\0','2021-02-01 09:44:42','\0',NULL,0,'Axel TSOBGNY est votre nouvel abonné',600,2125,3145),(3775,'512414606242959','\0','2021-02-01 09:44:44','\0',NULL,0,'Axel TSOBGNY est votre nouvel abonné',600,2125,3145),(3780,'512767605484471','','2021-02-01 09:50:37','\0',NULL,0,'François-xavier KEOU TCHAKOUE est votre nouvel abonné',3145,2125,600),(3794,'644957683136922','\0','2021-02-02 22:33:47','\0',NULL,0,'Cedric EBOBISSE est votre nouvel abonné',600,2125,3791),(3797,'644995321700893','\0','2021-02-02 22:34:25','\0',NULL,0,'Cedric EBOBISSE a aimé votre publication',600,2123,3791),(3800,'645020103892072','\0','2021-02-02 22:34:50','\0',NULL,0,'Cedric EBOBISSE a commenté votre publication',600,2124,3791),(3803,'645354394969304','','2021-02-02 22:40:24','\0',NULL,0,'François-xavier KEOU TCHAKOUE est votre nouvel abonné',3251,2125,600),(3806,'648345245751600','','2021-02-02 23:30:15','\0',NULL,0,'François-xavier KEOU TCHAKOUE a commenté votre publication',1713,2124,600),(3812,'648796063949901','','2021-02-02 23:37:46','\0',NULL,0,'François-xavier KEOU TCHAKOUE a aimé votre publication',1713,2123,600),(3815,'648838561675330','','2021-02-02 23:38:28','\0',NULL,0,'François-xavier KEOU TCHAKOUE a commenté votre publication',1713,2124,600),(3818,'683679682403532','\0','2021-02-03 09:19:09','\0',NULL,0,'Alain TCHIEGANG a aimé votre publication',600,2123,1727),(3822,'683686025484946','\0','2021-02-03 09:19:16','\0',NULL,0,'Alain TCHIEGANG a aimé votre publication',600,2123,1727),(3823,'683686056023544','\0','2021-02-03 09:19:16','\0',NULL,0,'Alain TCHIEGANG a aimé votre publication',600,2123,1727),(3827,'690846215522542','','2021-02-03 11:18:36','\0',NULL,0,'Arnaud melvin ELEMVA est votre nouvel abonné',3197,2125,602),(3830,'691535562386993','\0','2021-02-03 11:30:05','\0',NULL,0,'Arnaud melvin ELEMVA est votre nouvel abonné',600,2125,602),(3833,'691537783411653','\0','2021-02-03 11:30:07','\0',NULL,0,'Arnaud melvin ELEMVA est votre nouvel abonné',600,2125,602),(3839,'692290643415510','\0','2021-02-03 11:42:40','\0',NULL,0,'Arnaud melvin ELEMVA est votre nouvel abonné',2511,2125,602),(3842,'692297370331381','\0','2021-02-03 11:42:47','\0',NULL,0,'Arnaud melvin ELEMVA a aimé votre publication',2511,2123,602),(3845,'692406211487847','','2021-02-03 11:44:36','\0',NULL,0,'Arnaud melvin ELEMVA est votre nouvel abonné',3415,2125,602),(3848,'692457423394965','','2021-02-03 11:45:27','\0',NULL,0,'Arnaud melvin ELEMVA a aimé votre publication',3415,2123,602),(3853,'699986034351851','','2021-02-03 13:50:56','\0',NULL,0,'Bastien  PELLETIER a aimé votre publication',2511,2123,2911),(3856,'700074253320877','\0','2021-02-03 13:52:24','\0',NULL,0,'François-xavier KEOU TCHAKOUE a aimé votre publication',1699,2123,600),(3861,'700117557673833','','2021-02-03 13:53:07','\0',NULL,0,'François-xavier KEOU TCHAKOUE a commenté votre publication',1699,2124,600),(3864,'700124001457258','\0','2021-02-03 13:53:14','\0',NULL,0,'Cheikh-taha TANDIA est votre nouvel abonné',600,2125,1699),(3867,'700125530551926','\0','2021-02-03 13:53:15','\0',NULL,0,'Cheikh-taha TANDIA est votre nouvel abonné',600,2125,1699),(3870,'700209639627059','','2021-02-03 13:54:39','\0',NULL,0,'François-xavier KEOU TCHAKOUE a aimé votre publication',1699,2123,600),(3873,'700268501139593','','2021-02-03 13:55:38','\0',NULL,0,'François-xavier KEOU TCHAKOUE a commenté votre publication',1699,2124,600),(3879,'700708518264578','','2021-02-03 14:02:58','\0',NULL,0,'Stephane RAGOT a aimé votre publication',602,2123,2511),(3882,'700722563764851','','2021-02-03 14:03:12','\0',NULL,0,'François-xavier KEOU TCHAKOUE a aimé votre publication',2511,2123,600),(3885,'700753186920809','','2021-02-03 14:03:43','\0',NULL,0,'François-xavier KEOU TCHAKOUE a commenté votre publication',2511,2124,600),(3890,'702111389914834','','2021-02-03 14:26:21','\0',NULL,0,'Stephane RAGOT est votre nouvel abonné',602,2125,2511),(3893,'702148241877460','','2021-02-03 14:26:58','\0',NULL,0,'Stephane RAGOT est votre nouvel abonné',1699,2125,2511),(3896,'702189961727947','','2021-02-03 14:27:39','\0',NULL,0,'Stephane RAGOT a aimé votre publication',1699,2123,2511),(3901,'703491553716601','\0','2021-02-03 14:49:21','\0',NULL,0,'Simon LAMAS est votre nouvel abonné',600,2125,3898),(3904,'703582742865478','\0','2021-02-03 14:50:52','\0',NULL,0,'Simon LAMAS est votre nouvel abonné',2511,2125,3898),(3909,'713617299743266','\0','2021-02-03 17:38:07','\0',NULL,0,'Chimamanda NGOZI ADICHIE a aimé votre publication',1,2123,591),(3915,'789687085290213','\0','2021-02-04 14:45:57','\0',NULL,0,'Grace NSOTA a aimé votre publication',600,2123,3912),(3918,'789705048617149','\0','2021-02-04 14:46:15','\0',NULL,0,'Grace NSOTA a aimé votre publication',600,2123,3912),(3921,'789743116272414','\0','2021-02-04 14:46:53','\0',NULL,0,'Grace NSOTA est votre nouvel abonné',600,2125,3912),(3927,'790156140919327','','2021-02-04 14:53:46','\0',NULL,0,'Grace NSOTA est votre nouvel abonné',2992,2125,3912),(3930,'790171038978603','','2021-02-04 14:54:01','\0',NULL,0,'Grace NSOTA est votre nouvel abonné',1897,2125,3912),(3933,'790223757571152','','2021-02-04 14:54:53','\0',NULL,0,'Grace NSOTA est votre nouvel abonné',2332,2125,3912),(3936,'798990285598214','','2021-02-04 17:21:00','\0',NULL,0,'Grace NSOTA est votre nouvel abonné',592,2125,3912),(3939,'798996453050577','','2021-02-04 17:21:06','\0',NULL,0,'Grace NSOTA a aimé votre publication',592,2123,3912),(3942,'799105071861813','','2021-02-04 17:22:55','\0',NULL,0,'Grace NSOTA a commenté votre publication',592,2124,3912),(3945,'799233571710630','','2021-02-04 17:25:03','\0',NULL,0,'Grace NSOTA a aimé votre publication',1713,2123,3912),(3948,'799258091571022','','2021-02-04 17:25:28','\0',NULL,0,'Grace NSOTA a aimé votre publication',1713,2123,3912),(3951,'799268630982310','','2021-02-04 17:25:38','\0',NULL,0,'Grace NSOTA est votre nouvel abonné',1713,2125,3912),(3954,'844454346858341','','2021-02-05 05:58:44','\0',NULL,0,'François-xavier KEOU TCHAKOUE est votre nouvel abonné',3596,2125,600),(3962,'867243000695241','','2021-02-05 12:18:33','\0',NULL,0,'François-xavier KEOU TCHAKOUE est votre nouvel abonné',3959,2125,600),(3970,'884536571885017','\0','2021-02-05 17:06:46','\0',NULL,0,'Stephane RAGOT a aimé votre publication',599,2123,2511),(3973,'886873315752674','\0','2021-02-05 17:45:43','\0',NULL,0,'François-xavier KEOU TCHAKOUE a aimé votre publication',599,2123,600),(3976,'886880320807554','','2021-02-05 17:45:50','\0',NULL,0,'François-xavier KEOU TCHAKOUE a commenté votre publication',599,2124,600),(3979,'897578505427324','','2021-02-05 20:44:08','\0',NULL,0,'Stephane RAGOT est votre nouvel abonné',3898,2125,2511),(3986,'964947726171057','\0','2021-02-06 15:26:57','\0',NULL,0,'Sanagari AMENOPHIS est votre nouvel abonné',600,2125,3981),(4015,'1302435371998345','\0','2021-02-10 13:11:45','\0',NULL,0,'Stephane RAGOT a aimé votre publication',600,2123,2511),(4018,'1302804409756728','','2021-02-10 13:17:54','\0',NULL,0,'Stephane RAGOT est votre nouvel abonné',3604,2125,2511),(4021,'1302824594810146','','2021-02-10 13:18:14','\0',NULL,0,'Stephane RAGOT est votre nouvel abonné',3990,2125,2511),(4024,'1302841997435169','','2021-02-10 13:18:32','\0',NULL,0,'Stephane RAGOT est votre nouvel abonné',2166,2125,2511),(4037,'1388541543545500','\0','2021-02-11 13:06:51','\0',NULL,0,'Cyrille MOFFO est votre nouvel abonné',1727,2125,4031),(4040,'1388550510947827','\0','2021-02-11 13:07:00','\0',NULL,0,'Cyrille MOFFO est votre nouvel abonné',600,2125,4031),(4048,'1391109830751311','','2021-02-11 13:49:39','\0',NULL,0,'François-xavier KEOU TCHAKOUE est votre nouvel abonné',4031,2125,600),(4051,'1392373220232798','','2021-02-11 14:10:43','\0',NULL,0,'François-xavier KEOU TCHAKOUE a aimé votre publication',4031,2123,600),(4054,'1392426516558242','','2021-02-11 14:11:36','\0',NULL,0,'François-xavier KEOU TCHAKOUE a commenté votre publication',4031,2124,600),(4057,'1397568364254321','','2021-02-11 15:37:18','\0',NULL,0,'Armel WUMBA est votre nouvel abonné',599,2125,2128),(4060,'1397622034878011','\0','2021-02-11 15:38:12','\0',NULL,0,'Armel WUMBA est votre nouvel abonné',600,2125,2128),(4065,'1404443014135054','\0','2021-02-11 17:31:53','\0',NULL,0,'Camille BOURECHACHE est votre nouvel abonné',2065,2125,3316),(4071,'1410082105440157','','2021-02-11 19:05:52','\0',NULL,0,'François-xavier KEOU TCHAKOUE est votre nouvel abonné',3316,2125,600),(4079,'1414042259767270','','2021-02-11 20:11:52','\0',NULL,0,'David GRANDJEAN est votre nouvel abonné',3316,2125,2065),(4091,'1461416269376484','','2021-02-12 09:21:26','\0',NULL,0,'François-xavier KEOU TCHAKOUE a aimé votre publication',2511,2123,600),(4094,'1461528963848034','','2021-02-12 09:23:18','\0',NULL,0,'François-xavier KEOU TCHAKOUE a commenté votre publication',2511,2124,600),(4097,'1464933994324495','','2021-02-12 10:20:04','\0',NULL,0,'Stéphane  YATO est votre nouvel abonné',3192,2125,2626),(4100,'1464934430649336','','2021-02-12 10:20:04','\0',NULL,0,'Stéphane  YATO est votre nouvel abonné',3292,2125,2626),(4103,'1464935346100507','','2021-02-12 10:20:05','\0',NULL,0,'Stéphane  YATO est votre nouvel abonné',2881,2125,2626),(4106,'1464937438583695','','2021-02-12 10:20:07','\0',NULL,0,'Stéphane  YATO est votre nouvel abonné',3998,2125,2626),(4109,'1465229740564124','','2021-02-12 10:24:59','\0',NULL,0,'Stéphane  YATO a aimé votre publication',3292,2123,2626),(4119,'1506448143412838','\0','2021-02-12 21:51:58','\0',NULL,0,'Hillary DJOUAKOUA est votre nouvel abonné',600,2125,1889),(4133,'1589069178042232','','2021-02-13 20:48:59','\0',NULL,0,'François-xavier KEOU TCHAKOUE est votre nouvel abonné',3292,2125,600),(4136,'1589074214014415','','2021-02-13 20:49:04','\0',NULL,0,'François-xavier KEOU TCHAKOUE a aimé votre publication',3292,2123,600),(4139,'1589080194855591','','2021-02-13 20:49:10','\0',NULL,0,'François-xavier KEOU TCHAKOUE a aimé votre publication',3292,2123,600),(4150,'1721717114634319','','2021-02-15 09:39:47','\0',NULL,0,'Chimamanda NGOZI ADICHIE a commenté votre publication',4031,2124,591),(4155,'1730741275639064','','2021-02-15 12:10:11','\0',NULL,0,'Stephane RAGOT est votre nouvel abonné',4031,2125,2511),(4158,'1731997202170363','','2021-02-15 12:31:07','\0',NULL,0,'François-xavier KEOU TCHAKOUE est votre nouvel abonné',3791,2125,600),(4181,'1759568901206995','','2021-02-15 20:10:38','\0',NULL,0,'Chaka NGAMENI est votre nouvel abonné',1713,2125,1903),(4184,'1759664872827373','','2021-02-15 20:12:14','\0',NULL,0,'Chaka NGAMENI est votre nouvel abonné',2386,2125,1903),(4188,'1759959684276547','','2021-02-15 20:17:09','\0',NULL,0,'Chaka NGAMENI est votre nouvel abonné',2732,2125,1903),(4200,'1780553544264244','','2021-02-16 02:00:26','\0',NULL,0,'François-xavier KEOU TCHAKOUE est votre nouvel abonné',3994,2125,600),(4203,'1780561720334019','','2021-02-16 02:00:31','\0',NULL,0,'François-xavier KEOU TCHAKOUE est votre nouvel abonné',3994,2125,600),(4206,'1780595031475857','','2021-02-16 02:01:05','\0',NULL,0,'François-xavier KEOU TCHAKOUE est votre nouvel abonné',3994,2125,600),(4210,'1813154869434784','\0','2021-02-16 11:03:44','\0',NULL,0,'Belinda MENGUE est votre nouvel abonné',2511,2125,1),(4213,'1815579193144194','\0','2021-02-16 11:44:09','\0',NULL,0,'Alain TCHIEGANG a aimé votre publication',600,2123,1727),(4221,'1838121189028055','','2021-02-16 17:59:51','\0',NULL,0,'Stephane RAGOT est votre nouvel abonné',1,2125,2511),(4224,'1844791766195397','','2021-02-16 19:51:01','\0',NULL,0,'Franck KAMAYOU est votre nouvel abonné',3791,2125,599),(4227,'1844801346251685','','2021-02-16 19:51:11','\0',NULL,0,'Franck KAMAYOU est votre nouvel abonné',3509,2125,599),(4230,'1844823165511418','','2021-02-16 19:51:33','\0',NULL,0,'Franck KAMAYOU est votre nouvel abonné',2025,2125,599),(4233,'1844857985565736','','2021-02-16 19:52:07','\0',NULL,0,'Franck KAMAYOU est votre nouvel abonné',2638,2125,599),(4237,'1985514492691811','','2021-02-18 10:56:24','\0',NULL,0,'Ernest NDJETA a aimé votre publication',599,2123,673),(4240,'1985520211733031','\0','2021-02-18 10:56:30','\0',NULL,0,'Ernest NDJETA a aimé votre publication',600,2123,673),(4243,'1985524178928333','\0','2021-02-18 10:56:34','\0',NULL,0,'Ernest NDJETA a aimé votre publication',600,2123,673),(4249,'2157690352568425','','2021-02-20 10:46:00','\0',NULL,0,'François-xavier KEOU TCHAKOUE est votre nouvel abonné',3180,2125,600),(4259,'2173760106660317','','2021-02-20 15:13:50','\0',NULL,0,'François-xavier KEOU TCHAKOUE est votre nouvel abonné',3912,2125,600),(4262,'2173773153015376','','2021-02-20 15:14:03','\0',NULL,0,'François-xavier KEOU TCHAKOUE est votre nouvel abonné',1996,2125,600),(4270,'2175617752137364','','2021-02-20 15:44:47','\0',NULL,0,'François-xavier KEOU TCHAKOUE a aimé votre publication',2641,2123,600),(4274,'2194804304789085','','2021-02-20 21:04:34','\0',NULL,0,'François-xavier KEOU TCHAKOUE est votre nouvel abonné',3957,2125,600),(4282,'2195160053584738','','2021-02-20 21:10:30','\0',NULL,0,'Ernest TCHOUMBÉ  est votre nouvel abonné',3180,2125,2166),(4286,'2195215787694106','\0','2021-02-20 21:11:25','\0',NULL,0,'Claude TAFFOU a commenté votre publication',2166,2124,4279),(4289,'2195256717006724','\0','2021-02-20 21:12:06','\0',NULL,0,'Claude TAFFOU a commenté votre publication',2166,2124,4279),(4292,'2195564910108276','\0','2021-02-20 21:17:14','\0',NULL,0,'Alison JUINA TAFFOU est votre nouvel abonné',2166,2125,4278),(4295,'2195566201045437','\0','2021-02-20 21:17:16','\0',NULL,0,'Valentin MOISSON est votre nouvel abonné',2166,2125,4276),(4298,'2195584322478719','\0','2021-02-20 21:17:34','\0',NULL,0,'Valentin MOISSON est votre nouvel abonné',600,2125,4276),(4301,'2195612509372864','\0','2021-02-20 21:18:02','\0',NULL,0,'Alison JUINA TAFFOU est votre nouvel abonné',600,2125,4278),(4304,'2195624870993275','','2021-02-20 21:18:14','\0',NULL,0,'Claude TAFFOU est votre nouvel abonné',2021,2125,4279),(4307,'2195770161621772','','2021-02-20 21:20:40','\0',NULL,0,'Claude TAFFOU est votre nouvel abonné',2025,2125,4279),(4310,'2195935926975667','','2021-02-20 21:23:25','\0',NULL,0,'Ernest TCHOUMBÉ  est votre nouvel abonné',4276,2125,2166),(4313,'2197397556368328','\0','2021-02-20 21:47:47','\0',NULL,0,'Mercia  KIMBOUALA est votre nouvel abonné',600,2125,3957),(4317,'2197700286339296','','2021-02-20 21:52:50','\0',NULL,0,'Alison JUINA TAFFOU est votre nouvel abonné',2021,2125,4278),(4337,'2245287174450470','','2021-02-21 11:05:57','\0',NULL,0,'François-xavier KEOU TCHAKOUE est votre nouvel abonné',4062,2125,600),(4340,'2248249415513721','','2021-02-21 11:55:19','\0',NULL,0,'Cheikh-taha TANDIA est votre nouvel abonné',600,2125,1699),(4346,'2253439158453007','\0','2021-02-21 13:21:49','\0',NULL,0,'François-xavier KEOU TCHAKOUE est votre nouvel abonné',2205,2125,600),(4354,'2254069115221894','','2021-02-21 13:32:19','\0',NULL,0,'Nathan MONTHE a aimé votre publication',598,2123,2205),(4357,'2254082096276569','','2021-02-21 13:32:32','\0',NULL,0,'Nathan MONTHE a aimé votre publication',1898,2123,2205),(4360,'2254135520980669','','2021-02-21 13:33:25','\0',NULL,0,'Nathan MONTHE est votre nouvel abonné',600,2125,2205),(4364,'2254323494580599','','2021-02-21 13:36:33','\0',NULL,0,'Nathan MONTHE est votre nouvel abonné',1900,2125,2205),(4367,'2254324490409500','','2021-02-21 13:36:34','\0',NULL,0,'Nathan MONTHE est votre nouvel abonné',1727,2125,2205),(4370,'2254328976689162','','2021-02-21 13:36:38','\0',NULL,0,'Nathan MONTHE est votre nouvel abonné',4235,2125,2205),(4373,'2254330381820648','','2021-02-21 13:36:40','\0',NULL,0,'Nathan MONTHE est votre nouvel abonné',666,2125,2205),(4376,'2254335710094867','','2021-02-21 13:36:45','\0',NULL,0,'Nathan MONTHE est votre nouvel abonné',2386,2125,2205),(4379,'2254337215006645','','2021-02-21 13:36:47','\0',NULL,0,'Nathan MONTHE est votre nouvel abonné',2631,2125,2205),(4382,'2254342116542863','','2021-02-21 13:36:52','\0',NULL,0,'Nathan MONTHE est votre nouvel abonné',3238,2125,2205),(4385,'2254346980128307','','2021-02-21 13:36:56','\0',NULL,0,'Nathan MONTHE est votre nouvel abonné',3959,2125,2205),(4388,'2254351578817295','','2021-02-21 13:37:01','\0',NULL,0,'Nathan MONTHE est votre nouvel abonné',1699,2125,2205),(4391,'2254356193913420','','2021-02-21 13:37:06','\0',NULL,0,'Nathan MONTHE est votre nouvel abonné',2131,2125,2205),(4394,'2254360738466667','','2021-02-21 13:37:10','\0',NULL,0,'Nathan MONTHE est votre nouvel abonné',1889,2125,2205),(4397,'2254365140106177','','2021-02-21 13:37:15','\0',NULL,0,'Nathan MONTHE est votre nouvel abonné',3604,2125,2205),(4400,'2254366735475377','','2021-02-21 13:37:16','\0',NULL,0,'Nathan MONTHE est votre nouvel abonné',1860,2125,2205),(4403,'2254408157432235','','2021-02-21 13:37:58','\0',NULL,0,'Nathan MONTHE est votre nouvel abonné',3251,2125,2205),(4406,'2254420059857223','','2021-02-21 13:38:10','\0',NULL,0,'Nathan MONTHE est votre nouvel abonné',2878,2125,2205),(4409,'2254421394330989','','2021-02-21 13:38:11','\0',NULL,0,'Nathan MONTHE est votre nouvel abonné',3265,2125,2205),(4412,'2254445025401980','','2021-02-21 13:38:35','\0',NULL,0,'Nathan MONTHE est votre nouvel abonné',2468,2125,2205),(4415,'2254445985400835','','2021-02-21 13:38:35','\0',NULL,0,'Nathan MONTHE est votre nouvel abonné',3350,2125,2205),(4418,'2254450673834026','\0','2021-02-21 13:38:40','\0',NULL,0,'Nathan MONTHE est votre nouvel abonné',3912,2125,2205),(4421,'2254452408959647','','2021-02-21 13:38:42','\0',NULL,0,'Nathan MONTHE est votre nouvel abonné',2641,2125,2205),(4424,'2254457180464232','','2021-02-21 13:38:47','\0',NULL,0,'Nathan MONTHE est votre nouvel abonné',2579,2125,2205),(4427,'2254458561260127','\0','2021-02-21 13:38:48','\0',NULL,0,'Nathan MONTHE est votre nouvel abonné',2511,2125,2205),(4430,'2254555162666499','','2021-02-21 13:40:25','\0',NULL,0,'Nathan MONTHE est votre nouvel abonné',3099,2125,2205),(4433,'2254556412292747','','2021-02-21 13:40:26','\0',NULL,0,'Nathan MONTHE est votre nouvel abonné',3791,2125,2205),(4436,'2254560879482362','','2021-02-21 13:40:30','\0',NULL,0,'Nathan MONTHE est votre nouvel abonné',4068,2125,2205),(4439,'2254562460917119','','2021-02-21 13:40:32','\0',NULL,0,'Nathan MONTHE est votre nouvel abonné',1996,2125,2205),(4442,'2254705186926647','','2021-02-21 13:42:55','\0',NULL,0,'François-xavier KEOU TCHAKOUE est votre nouvel abonné',3585,2125,600),(4445,'2254751932200251','','2021-02-21 13:43:41','\0',NULL,0,'Nathan MONTHE est votre nouvel abonné',4276,2125,2205),(4448,'2254753155904421','','2021-02-21 13:43:43','\0',NULL,0,'Nathan MONTHE est votre nouvel abonné',4278,2125,2205),(4451,'2254756875115650','','2021-02-21 13:43:46','\0',NULL,0,'Nathan MONTHE est votre nouvel abonné',4031,2125,2205),(4454,'2254757818424142','','2021-02-21 13:43:47','\0',NULL,0,'Nathan MONTHE est votre nouvel abonné',1171,2125,2205),(4457,'2254760877737638','','2021-02-21 13:43:50','\0',NULL,0,'Nathan MONTHE est votre nouvel abonné',1995,2125,2205),(4460,'2254761899852529','','2021-02-21 13:43:51','\0',NULL,0,'Nathan MONTHE est votre nouvel abonné',2551,2125,2205),(4463,'2254765837223581','','2021-02-21 13:43:55','\0',NULL,0,'Nathan MONTHE est votre nouvel abonné',3585,2125,2205),(4466,'2254766689759922','','2021-02-21 13:43:56','\0',NULL,0,'Nathan MONTHE est votre nouvel abonné',1897,2125,2205),(4469,'2254772561764064','','2021-02-21 13:44:02','\0',NULL,0,'Nathan MONTHE est votre nouvel abonné',1844,2125,2205),(4472,'2254773949805105','','2021-02-21 13:44:03','\0',NULL,0,'Nathan MONTHE est votre nouvel abonné',2798,2125,2205),(4475,'2254797317159538','','2021-02-21 13:44:27','\0',NULL,0,'Nathan MONTHE est votre nouvel abonné',2025,2125,2205),(4478,'2254798547183131','','2021-02-21 13:44:28','\0',NULL,0,'Nathan MONTHE est votre nouvel abonné',3135,2125,2205),(4481,'2254807565014722','','2021-02-21 13:44:37','\0',NULL,0,'Nathan MONTHE est votre nouvel abonné',1711,2125,2205),(4484,'2254812286039670','','2021-02-21 13:44:42','\0',NULL,0,'Nathan MONTHE est votre nouvel abonné',3981,2125,2205),(4487,'2254813793981304','','2021-02-21 13:44:43','\0',NULL,0,'Nathan MONTHE est votre nouvel abonné',673,2125,2205),(4490,'2254814710284680','','2021-02-21 13:44:44','\0',NULL,0,'Nathan MONTHE est votre nouvel abonné',3300,2125,2205),(4493,'2254821067367212','','2021-02-21 13:44:51','\0',NULL,0,'Nathan MONTHE est votre nouvel abonné',3292,2125,2205),(4496,'2254822086306903','\0','2021-02-21 13:44:52','\0',NULL,0,'Nathan MONTHE est votre nouvel abonné',2128,2125,2205),(4499,'2254826220366024','','2021-02-21 13:44:56','\0',NULL,0,'Nathan MONTHE est votre nouvel abonné',1903,2125,2205),(4502,'2254827248485303','','2021-02-21 13:44:57','\0',NULL,0,'Nathan MONTHE est votre nouvel abonné',602,2125,2205),(4505,'2254863640773154','','2021-02-21 13:45:33','\0',NULL,0,'Nathan MONTHE est votre nouvel abonné',3316,2125,2205),(4508,'2254864573828163','','2021-02-21 13:45:34','\0',NULL,0,'Nathan MONTHE est votre nouvel abonné',3990,2125,2205),(4511,'2254867935157828','','2021-02-21 13:45:37','\0',NULL,0,'Nathan MONTHE est votre nouvel abonné',2640,2125,2205),(4514,'2254868838684438','','2021-02-21 13:45:38','\0',NULL,0,'Nathan MONTHE est votre nouvel abonné',3249,2125,2205),(4517,'2254871947054445','','2021-02-21 13:45:41','\0',NULL,0,'Nathan MONTHE est votre nouvel abonné',3509,2125,2205),(4520,'2254873001742789','','2021-02-21 13:45:43','\0',NULL,0,'Nathan MONTHE est votre nouvel abonné',3287,2125,2205),(4523,'2254876942402272','','2021-02-21 13:45:46','\0',NULL,0,'Nathan MONTHE est votre nouvel abonné',592,2125,2205),(4526,'2254878005472196','','2021-02-21 13:45:48','\0',NULL,0,'Nathan MONTHE est votre nouvel abonné',2166,2125,2205),(4529,'2254881493285339','','2021-02-21 13:45:51','\0',NULL,0,'Nathan MONTHE est votre nouvel abonné',3634,2125,2205),(4532,'2254882705991494','','2021-02-21 13:45:52','\0',NULL,0,'Nathan MONTHE est votre nouvel abonné',2992,2125,2205),(4535,'2254890157957654','','2021-02-21 13:46:00','\0',NULL,0,'Nathan MONTHE est votre nouvel abonné',4045,2125,2205),(4538,'2254891181122834','','2021-02-21 13:46:01','\0',NULL,0,'Nathan MONTHE est votre nouvel abonné',3079,2125,2205),(4541,'2254913379562927','','2021-02-21 13:46:23','\0',NULL,0,'Nathan MONTHE est votre nouvel abonné',3039,2125,2205),(4544,'2254914350120515','','2021-02-21 13:46:24','\0',NULL,0,'Nathan MONTHE est votre nouvel abonné',3596,2125,2205),(4547,'2254923558213584','','2021-02-21 13:46:33','\0',NULL,0,'Nathan MONTHE est votre nouvel abonné',1735,2125,2205),(4550,'2254924564779888','','2021-02-21 13:46:34','\0',NULL,0,'Nathan MONTHE est votre nouvel abonné',1713,2125,2205),(4553,'2254927570159107','','2021-02-21 13:46:37','\0',NULL,0,'Nathan MONTHE est votre nouvel abonné',4062,2125,2205),(4556,'2254928821191163','','2021-02-21 13:46:38','\0',NULL,0,'Nathan MONTHE est votre nouvel abonné',2732,2125,2205),(4559,'2254933589801929','','2021-02-21 13:46:43','\0',NULL,0,'Nathan MONTHE est votre nouvel abonné',2202,2125,2205),(4562,'2254938170749733','','2021-02-21 13:46:48','\0',NULL,0,'Nathan MONTHE est votre nouvel abonné',3294,2125,2205),(4565,'2254938895525828','','2021-02-21 13:46:48','\0',NULL,0,'Nathan MONTHE est votre nouvel abonné',2911,2125,2205),(4568,'2254952058702110','','2021-02-21 13:47:02','\0',NULL,0,'Nathan MONTHE est votre nouvel abonné',591,2125,2205),(4571,'2254952819127029','','2021-02-21 13:47:02','\0',NULL,0,'Nathan MONTHE est votre nouvel abonné',3145,2125,2205),(4574,'2254953708790281','','2021-02-21 13:47:03','\0',NULL,0,'Nathan MONTHE est votre nouvel abonné',4130,2125,2205),(4577,'2254990835894014','','2021-02-21 13:47:40','\0',NULL,0,'Nathan MONTHE est votre nouvel abonné',3180,2125,2205),(4580,'2254991777221092','','2021-02-21 13:47:41','\0',NULL,0,'Nathan MONTHE est votre nouvel abonné',3253,2125,2205),(4583,'2254996070603198','','2021-02-21 13:47:46','\0',NULL,0,'Nathan MONTHE est votre nouvel abonné',3415,2125,2205),(4586,'2254997353539641','','2021-02-21 13:47:47','\0',NULL,0,'Nathan MONTHE est votre nouvel abonné',653,2125,2205),(4589,'2255002658580555','','2021-02-21 13:47:52','\0',NULL,0,'Nathan MONTHE est votre nouvel abonné',3318,2125,2205),(4592,'2255003886560470','','2021-02-21 13:47:53','\0',NULL,0,'Nathan MONTHE est votre nouvel abonné',599,2125,2205),(4595,'2255068575160334','','2021-02-21 13:48:58','\0',NULL,0,'Nathan MONTHE est votre nouvel abonné',3957,2125,2205),(4598,'2255069907781038','','2021-02-21 13:48:59','\0',NULL,0,'Nathan MONTHE est votre nouvel abonné',3320,2125,2205),(4601,'2255076133665297','','2021-02-21 13:49:06','\0',NULL,0,'Nathan MONTHE est votre nouvel abonné',3360,2125,2205),(4604,'2255082593274576','','2021-02-21 13:49:12','\0',NULL,0,'Armel WUMBA est votre nouvel abonné',2205,2125,2128),(4607,'2255083044768196','','2021-02-21 13:49:13','\0',NULL,0,'Nathan MONTHE est votre nouvel abonné',3192,2125,2205),(4610,'2255084200420143','','2021-02-21 13:49:14','\0',NULL,0,'Nathan MONTHE est votre nouvel abonné',3598,2125,2205),(4613,'2255087639003376','','2021-02-21 13:49:17','\0',NULL,0,'Nathan MONTHE est votre nouvel abonné',3898,2125,2205),(4616,'2255088456726102','','2021-02-21 13:49:18','\0',NULL,0,'Nathan MONTHE est votre nouvel abonné',2881,2125,2205),(4619,'2255093227642039','','2021-02-21 13:49:23','\0',NULL,0,'Nathan MONTHE est votre nouvel abonné',3165,2125,2205),(4622,'2255094277542912','','2021-02-21 13:49:24','\0',NULL,0,'Nathan MONTHE est votre nouvel abonné',3998,2125,2205),(4625,'2255094475426091','\0','2021-02-21 13:49:24','\0',NULL,0,'Armel WUMBA a aimé votre publication',2205,2123,2128),(4628,'2255098993705131','','2021-02-21 13:49:29','\0',NULL,0,'Nathan MONTHE est votre nouvel abonné',3486,2125,2205),(4631,'2255099932184350','','2021-02-21 13:49:29','\0',NULL,0,'Nathan MONTHE est votre nouvel abonné',619,2125,2205),(4634,'2255105562909519','','2021-02-21 13:49:35','\0',NULL,0,'Nathan MONTHE est votre nouvel abonné',1,2125,2205),(4637,'2255112300486943','','2021-02-21 13:49:42','\0',NULL,0,'Nathan MONTHE est votre nouvel abonné',3195,2125,2205),(4640,'2255113737220182','','2021-02-21 13:49:43','\0',NULL,0,'Armel WUMBA a aimé votre publication',600,2123,2128),(4643,'2255113804406454','','2021-02-21 13:49:43','\0',NULL,0,'Nathan MONTHE est votre nouvel abonné',1773,2125,2205),(4646,'2255114911823757','','2021-02-21 13:49:44','\0',NULL,0,'Nathan MONTHE est votre nouvel abonné',1987,2125,2205),(4649,'2255120101516889','','2021-02-21 13:49:50','\0',NULL,0,'Armel WUMBA a aimé votre publication',599,2123,2128),(4652,'2255120935208293','','2021-02-21 13:49:50','\0',NULL,0,'Nathan MONTHE est votre nouvel abonné',654,2125,2205),(4655,'2255122153906766','','2021-02-21 13:49:52','\0',NULL,0,'Nathan MONTHE est votre nouvel abonné',2636,2125,2205),(4658,'2255128730112382','','2021-02-21 13:49:58','\0',NULL,0,'Nathan MONTHE est votre nouvel abonné',3041,2125,2205),(4661,'2255137762228417','','2021-02-21 13:50:07','\0',NULL,0,'Nathan MONTHE est votre nouvel abonné',2263,2125,2205),(4664,'2255138073197986','','2021-02-21 13:50:08','\0',NULL,0,'Armel WUMBA est votre nouvel abonné',2641,2125,2128),(4667,'2255138957997607','','2021-02-21 13:50:08','\0',NULL,0,'Nathan MONTHE est votre nouvel abonné',2332,2125,2205),(4670,'2255144021925741','','2021-02-21 13:50:14','\0',NULL,0,'Nathan MONTHE est votre nouvel abonné',2065,2125,2205),(4673,'2255148195186423','','2021-02-21 13:50:18','\0',NULL,0,'Nathan MONTHE est votre nouvel abonné',3197,2125,2205),(4676,'2255149728405893','','2021-02-21 13:50:19','\0',NULL,0,'Nathan MONTHE est votre nouvel abonné',3994,2125,2205),(4679,'2255155569270924','','2021-02-21 13:50:25','\0',NULL,0,'Nathan MONTHE est votre nouvel abonné',3996,2125,2205),(4682,'2255160370778446','','2021-02-21 13:50:30','\0',NULL,0,'Nathan MONTHE est votre nouvel abonné',3295,2125,2205),(4685,'2255161192900125','','2021-02-21 13:50:31','\0',NULL,0,'Nathan MONTHE est votre nouvel abonné',2621,2125,2205),(4688,'2255164916198500','','2021-02-21 13:50:34','\0',NULL,0,'Nathan MONTHE est votre nouvel abonné',2637,2125,2205),(4691,'2255169464043427','','2021-02-21 13:50:39','\0',NULL,0,'Nathan MONTHE est votre nouvel abonné',2638,2125,2205),(4694,'2255170577125086','','2021-02-21 13:50:40','\0',NULL,0,'Nathan MONTHE est votre nouvel abonné',3037,2125,2205),(4697,'2255173985658430','','2021-02-21 13:50:43','\0',NULL,0,'Nathan MONTHE est votre nouvel abonné',3097,2125,2205),(4700,'2255175095336193','','2021-02-21 13:50:45','\0',NULL,0,'Nathan MONTHE est votre nouvel abonné',2626,2125,2205),(4703,'2255181211995133','','2021-02-21 13:50:51','\0',NULL,0,'Nathan MONTHE est votre nouvel abonné',1943,2125,2205),(4706,'2255185474139922','','2021-02-21 13:50:55','\0',NULL,0,'Nathan MONTHE est votre nouvel abonné',3255,2125,2205),(4710,'2255362775628335','','2021-02-21 13:53:52','\0',NULL,0,'Nathan MONTHE est votre nouvel abonné',3194,2125,2205),(4713,'2255364112691851','','2021-02-21 13:53:54','\0',NULL,0,'Nathan MONTHE est votre nouvel abonné',1877,2125,2205),(4716,'2255368795711282','','2021-02-21 13:53:58','\0',NULL,0,'Nathan MONTHE est votre nouvel abonné',3989,2125,2205),(4719,'2255372962219124','','2021-02-21 13:54:02','\0',NULL,0,'Nathan MONTHE est votre nouvel abonné',4279,2125,2205),(4722,'2255376901540971','','2021-02-21 13:54:06','\0',NULL,0,'Nathan MONTHE est votre nouvel abonné',1716,2125,2205),(4726,'2255567111854121','','2021-02-21 13:57:17','\0',NULL,0,'Armel WUMBA a aimé votre publication',2641,2123,2128),(4729,'2255876063117265','','2021-02-21 14:02:26','\0',NULL,0,'Armel WUMBA est votre nouvel abonné',1943,2125,2128),(4732,'2255957046840627','','2021-02-21 14:03:47','\0',NULL,0,'Armel WUMBA est votre nouvel abonné',1860,2125,2128),(4735,'2256021753428681','','2021-02-21 14:04:51','\0',NULL,0,'Armel WUMBA est votre nouvel abonné',2386,2125,2128),(4739,'2259290181504032','\0','2021-02-21 14:59:20','\0',NULL,0,'François-xavier KEOU TCHAKOUE a aimé votre publication',2205,2123,600),(4742,'2260218709503401','','2021-02-21 15:14:48','\0',NULL,0,'Danielle KWEDI est votre nouvel abonné',2205,2125,3585),(4745,'2260239516866767','','2021-02-21 15:15:09','\0',NULL,0,'Danielle KWEDI est votre nouvel abonné',600,2125,3585),(4751,'2266221258926105','','2021-02-21 16:54:51','\0',NULL,0,'Lucien WIND est votre nouvel abonné',2205,2125,4748),(4754,'2266327466415855','','2021-02-21 16:56:37','\0',NULL,0,'Lucien WIND est votre nouvel abonné',600,2125,4748),(4761,'2271534603897786','','2021-02-21 18:23:24','\0',NULL,0,'Melissa MBEUSSEUNE est votre nouvel abonné',2205,2125,4045),(4764,'2271757490437490','','2021-02-21 18:27:07','\0',NULL,0,'François-xavier KEOU TCHAKOUE est votre nouvel abonné',4045,2125,600),(4767,'2271842722405289','','2021-02-21 18:28:32','\0',NULL,0,'François-xavier KEOU TCHAKOUE est votre nouvel abonné',4756,2125,600),(4772,'2272406046745295','','2021-02-21 18:37:56','\0',NULL,0,'Melissa MBEUSSEUNE est votre nouvel abonné',1,2125,4045),(4775,'2272428195454291','','2021-02-21 18:38:18','\0',NULL,0,'Melissa MBEUSSEUNE est votre nouvel abonné',2638,2125,4045),(4778,'2272439975879223','','2021-02-21 18:38:29','\0',NULL,0,'Melissa MBEUSSEUNE est votre nouvel abonné',3509,2125,4045),(4781,'2272441384727961','','2021-02-21 18:38:31','\0',NULL,0,'Melissa MBEUSSEUNE est votre nouvel abonné',3981,2125,4045),(4784,'2272450479489017','','2021-02-21 18:38:40','\0',NULL,0,'Melissa MBEUSSEUNE est votre nouvel abonné',600,2125,4045),(4787,'2272456608016716','','2021-02-21 18:38:46','\0',NULL,0,'Melissa MBEUSSEUNE est votre nouvel abonné',3415,2125,4045),(4790,'2272462329516853','','2021-02-21 18:38:52','\0',NULL,0,'Melissa MBEUSSEUNE est votre nouvel abonné',1943,2125,4045),(4793,'2272468193409649','','2021-02-21 18:38:58','\0',NULL,0,'Melissa MBEUSSEUNE est votre nouvel abonné',673,2125,4045),(4796,'2272473730314950','','2021-02-21 18:39:03','\0',NULL,0,'Melissa MBEUSSEUNE est votre nouvel abonné',598,2125,4045),(4799,'2272479250911509','','2021-02-21 18:39:09','\0',NULL,0,'Melissa MBEUSSEUNE est votre nouvel abonné',2332,2125,4045),(4802,'2272484488204563','','2021-02-21 18:39:14','\0',NULL,0,'Melissa MBEUSSEUNE est votre nouvel abonné',3165,2125,4045),(4806,'2272490237631085','','2021-02-21 18:39:20','\0',NULL,0,'Melissa MBEUSSEUNE est votre nouvel abonné',3292,2125,4045),(4809,'2272505437947824','','2021-02-21 18:39:35','\0',NULL,0,'Melissa MBEUSSEUNE est votre nouvel abonné',592,2125,4045),(4812,'2272512017187126','','2021-02-21 18:39:42','\0',NULL,0,'Melissa MBEUSSEUNE est votre nouvel abonné',2579,2125,4045),(4815,'2272518387961264','','2021-02-21 18:39:48','\0',NULL,0,'Melissa MBEUSSEUNE est votre nouvel abonné',3192,2125,4045),(4818,'2272524167350058','','2021-02-21 18:39:54','\0',NULL,0,'Melissa MBEUSSEUNE est votre nouvel abonné',1889,2125,4045),(4821,'2272532333012967','','2021-02-21 18:40:02','\0',NULL,0,'Melissa MBEUSSEUNE est votre nouvel abonné',602,2125,4045),(4824,'2272540215642045','','2021-02-21 18:40:10','\0',NULL,0,'Melissa MBEUSSEUNE est votre nouvel abonné',619,2125,4045),(4827,'2272545851796642','','2021-02-21 18:40:15','\0',NULL,0,'Melissa MBEUSSEUNE est votre nouvel abonné',2025,2125,4045),(4830,'2272555038993518','','2021-02-21 18:40:25','\0',NULL,0,'Melissa MBEUSSEUNE est votre nouvel abonné',1844,2125,4045),(4833,'2272560381298593','','2021-02-21 18:40:30','\0',NULL,0,'Melissa MBEUSSEUNE est votre nouvel abonné',1711,2125,4045),(4836,'2272567800886441','','2021-02-21 18:40:37','\0',NULL,0,'Melissa MBEUSSEUNE est votre nouvel abonné',1900,2125,4045),(4839,'2272583770209246','','2021-02-21 18:40:53','\0',NULL,0,'Melissa MBEUSSEUNE est votre nouvel abonné',2641,2125,4045),(4842,'2272594677710798','','2021-02-21 18:41:04','\0',NULL,0,'Melissa MBEUSSEUNE est votre nouvel abonné',1860,2125,4045),(4845,'2272602318412606','','2021-02-21 18:41:12','\0',NULL,0,'Melissa MBEUSSEUNE est votre nouvel abonné',1727,2125,4045),(4849,'2272619311025601','','2021-02-21 18:41:29','\0',NULL,0,'Melissa MBEUSSEUNE est votre nouvel abonné',2468,2125,4045),(4852,'2272625625544547','','2021-02-21 18:41:35','\0',NULL,0,'Melissa MBEUSSEUNE est votre nouvel abonné',2128,2125,4045),(4855,'2272633985280920','','2021-02-21 18:41:43','\0',NULL,0,'Melissa MBEUSSEUNE est votre nouvel abonné',2131,2125,4045),(4858,'2272640518841703','','2021-02-21 18:41:50','\0',NULL,0,'Melissa MBEUSSEUNE est votre nouvel abonné',1877,2125,4045),(4861,'2272658875251460','','2021-02-21 18:42:08','\0',NULL,0,'Melissa MBEUSSEUNE est votre nouvel abonné',4031,2125,4045),(4864,'2272671512497220','','2021-02-21 18:42:21','\0',NULL,0,'Melissa MBEUSSEUNE est votre nouvel abonné',2065,2125,4045),(4869,'2273255012622161','','2021-02-21 18:52:05','\0',NULL,0,'Félix LATTA est votre nouvel abonné',600,2125,4769),(4877,'2274895801071308','','2021-02-21 19:19:25','\0',NULL,0,'François-xavier KEOU TCHAKOUE est votre nouvel abonné',4769,2125,600),(4880,'2274914650282297','','2021-02-21 19:19:44','\0',NULL,0,'François-xavier KEOU TCHAKOUE est votre nouvel abonné',4873,2125,600),(4893,'2292892868296467','\0','2021-02-22 00:19:22','\0',NULL,0,'Grâce NSOTA a aimé votre publication',2205,2123,3912),(4899,'2293754502091448','','2021-02-22 00:33:44','\0',NULL,0,'Grâce NSOTA a aimé votre publication',600,2123,3912),(4908,'2321508032429915','','2021-02-22 08:16:18','\0',NULL,0,'François-xavier KEOU TCHAKOUE a aimé votre publication',3912,2123,600),(4911,'2322016118908966','','2021-02-22 08:24:46','\0',NULL,0,'Arnaud melvin ELEMVA a aimé votre publication',2511,2123,602),(4914,'2322199659749761','','2021-02-22 08:27:49','\0',NULL,0,'Arnaud melvin ELEMVA est votre nouvel abonné',600,2125,602),(4919,'2324282777006712','\0','2021-02-22 09:02:32','\0',NULL,0,'Nathan MONTHE est votre nouvel abonné',4873,2125,2205),(4922,'2324283977362208','','2021-02-22 09:02:33','\0',NULL,0,'Nathan MONTHE est votre nouvel abonné',4748,2125,2205),(4925,'2324284787127382','','2021-02-22 09:02:34','\0',NULL,0,'Nathan MONTHE est votre nouvel abonné',4756,2125,2205),(4928,'2324285551935315','','2021-02-22 09:02:35','\0',NULL,0,'Nathan MONTHE est votre nouvel abonné',4916,2125,2205),(4931,'2324301813210795','\0','2021-02-22 09:02:51','\0',NULL,0,'Nathan MONTHE a aimé votre publication',3912,2123,2205),(4934,'2324831867531044','','2021-02-22 09:11:41','\0',NULL,0,'Stephane RAGOT est votre nouvel abonné',2205,2125,2511),(4937,'2325148608574759','','2021-02-22 09:16:58','\0',NULL,0,'Leatitia EBOUMBOU est votre nouvel abonné',2205,2125,4873),(4943,'2328513280221162','','2021-02-22 10:13:03','\0',NULL,0,'Nathan MONTHE a aimé votre publication',3912,2123,2205),(4946,'2328516732148494','','2021-02-22 10:13:06','\0',NULL,0,'Nathan MONTHE a aimé votre publication',3912,2123,2205),(4949,'2328530606450852','','2021-02-22 10:13:20','\0',NULL,0,'Nathan MONTHE a aimé votre publication',2511,2123,2205),(4954,'2356418303290590','','2021-02-22 17:58:08','\0',NULL,0,'Loveline METOUKAM a aimé votre publication',599,2123,2631);
/*!40000 ALTER TABLE `notification` ENABLE KEYS */;
UNLOCK TABLES;

--
-- Table structure for table `notification_map`
--

DROP TABLE IF EXISTS `notification_map`;
/*!40101 SET @saved_cs_client     = @@character_set_client */;
/*!40101 SET character_set_client = utf8 */;
CREATE TABLE `notification_map` (
  `id` int(11) NOT NULL,
  `id_server` varchar(255) NOT NULL,
  `id_element` varchar(255) NOT NULL,
  `notification` int(11) DEFAULT NULL,
  PRIMARY KEY (`id`),
  UNIQUE KEY `UK_ouimwrjucxm7phmm4pcel1mrl` (`id_server`),
  KEY `FK2a1uqng2jt9u2ts5nbojw5u1f` (`notification`),
  CONSTRAINT `FK2a1uqng2jt9u2ts5nbojw5u1f` FOREIGN KEY (`notification`) REFERENCES `notification` (`id`)
) ENGINE=InnoDB DEFAULT CHARSET=utf8;
/*!40101 SET character_set_client = @saved_cs_client */;

--
-- Dumping data for table `notification_map`
--

LOCK TABLES `notification_map` WRITE;
/*!40000 ALTER TABLE `notification_map` DISABLE KEYS */;
INSERT INTO `notification_map` VALUES (2128,'1431341683900','1431250577200',2127),(2132,'1650595784300','1650576972400',2131),(2134,'1678106590900','1678097519400',2133),(2142,'2932560325200','2932516724100',2141),(2353,'355610131950683','355608268796584',2351),(2354,'355610174896248','355608268621683',2352),(2372,'484228297944565','484227688546017',2371),(2375,'484235085381802','484234786807210',2374),(2379,'484262713386436','484262060920576',2378),(2392,'530271066293469','530264779252711',2391),(2395,'530329436723213','530328900919796',2394),(2400,'530382147965361','530350316320172',2399),(2401,'530382185569677','530365077699381',2398),(2404,'530416076268268','530415534284212',2403),(2407,'530436499753465','530435796337582',2406),(2410,'530462697407667','530462285099084',2409),(2413,'530478312031276','530477787831223',2412),(2416,'530497730889170','530497142441631',2415),(2419,'530514740102058','530514327207776',2418),(2422,'530547212415221','530546749900342',2421),(2425,'530573705108682','530572463321030',2424),(2428,'530612959614912','530612454427679',2427),(2431,'530619862844329','530619457387568',2430),(2434,'661195234209472','661194445731560',2433),(2437,'661197699355580','661196910692574',2436),(2440,'661212430970346','661211868640236',2439),(2443,'661236596340277','661236131245618',2442),(2446,'661237236431438','661236736091057',2445),(2449,'661238430555673','661237992782164',2448),(2456,'661815706610269','661815137914413',2455),(2459,'661827324079128','661826932667652',2458),(2462,'661829741925300','661829268109227',2461),(2465,'661836522763522','661835955422482',2464),(2479,'762269363813505','762268609436012',2478),(2482,'762308166796148','762307773001511',2481),(2486,'1110987968828281','1110977491641237',2485),(2489,'1112143935427953','1112142084415787',2488),(2492,'1112192003596345','1112191510786726',2491),(2495,'1112220757368948','1112220137748482',2494),(2497,'1112931318135717','1112930997406820',2496),(2499,'1112936247073671','1112935683678439',2498),(2503,'1113691885359674','1113691619800656',2502),(2505,'1113692553780473','1113692287373554',2504),(2507,'1113694904108309','1113694479385627',2506),(2515,'1129893431319576','1129892586124544',2514),(2521,'1130882172602178','1130881679698382',2520),(2524,'1130924382041387','1130923228131858',2523),(2529,'1132915718643851','1132915127357971',2528),(2532,'1133273317659982','1133270290817087',2530),(2533,'1133273626963074','1133273215911427',2531),(2536,'1133276241281000','1133274603644762',2534),(2538,'1133276641584276','1133276312708060',2537),(2539,'1133276491459410','1133274843171803',2535),(2546,'1133362655659079','1133362363814462',2545),(2560,'1167997909038499','1167996519056103',2559),(2563,'1168284275038829','1168282657240723',2562),(2568,'1192672830316795','1192661925179538',2566),(2569,'1192672904781247','1192666977141816',2567),(2572,'1192681344273327','1192680353972108',2571),(2575,'1196532088501417','1196531525505957',2574),(2578,'1196535810602430','1196534778111067',2577),(2583,'1220157824643430','1220156403647909',2582),(2588,'1253638116565801','1253636241815396',2587),(2591,'1281822977103334','1281819615960158',2590),(2594,'1281837378404435','1281836829826066',2593),(2600,'1289796737614226','1289795628088110',2599),(2603,'1289817084660697','1289816694477596',2602),(2606,'1289839891043813','1289839427382761',2605),(2609,'1289864100716639','1289863657055549',2608),(2612,'1289905684476591','1289905196015357',2611),(2615,'1289934058378985','1289933684872624',2614),(2618,'1289950649941991','1289950163844013',2617),(2630,'1306636799282986','1306635928635143',2629),(2635,'1311365562361843','1311363446483119',2634),(2645,'1379789595872305','1379787020195807',2644),(2648,'1379805092374191','1379804577482067',2647),(2651,'1379844766169992','1379844170072881',2650),(2654,'1379947883806423','1379947417654199',2653),(2657,'1380009844981278','1380009321379879',2656),(2660,'1380010652950613','1380010133488640',2659),(2663,'1380013288576413','1380012734045526',2662),(2666,'1380034068118746','1380033611644909',2665),(2669,'1380037338193400','1380036692419253',2668),(2674,'1380038653554920','1380038218118396',2672),(2675,'1380038688234706','1380038288688873',2673),(2678,'1380092648616421','1380092233107318',2677),(2681,'1380093307874433','1380092852777601',2680),(2684,'1380093780521566','1380093355379508',2683),(2687,'1380117902594878','1380117488201916',2686),(2690,'1380118881609493','1380118447990118',2689),(2693,'1380135222170949','1380134827236168',2692),(2696,'1380135928757108','1380135458887576',2695),(2699,'1380137042758524','1380136533637755',2698),(2702,'1380156754299812','1380156201559169',2701),(2705,'1380157384776210','1380156945113031',2704),(2708,'1380158090710352','1380157618561882',2707),(2711,'1380192906333218','1380192365545191',2710),(2714,'1380226282039809','1380225864873219',2713),(2717,'1380253219764151','1380252744779332',2716),(2720,'1380275308761821','1380274841768042',2719),(2723,'1380330567595823','1380329996231545',2722),(2726,'1380378897122587','1380378431137626',2725),(2729,'1380575382592484','1380574668114019',2728),(2739,'1382387468902399','1382386870784372',2737),(2740,'1382387608028589','1382387176822630',2738),(2743,'1382388241987745','1382387771536535',2742),(2746,'1382391258504444','1382390540005547',2745),(2749,'1382397732127348','1382397351822622',2748),(2752,'1382408645784277','1382408200926358',2751),(2756,'1384284329754484','1384283815052943',2755),(2760,'1386600118435990','1386599515142707',2759),(2763,'1387282824989169','1387282322861103',2762),(2766,'1387285959913387','1387285437557402',2765),(2769,'1387342008860134','1387341427040331',2768),(2772,'1387397606562627','1387397154288678',2771),(2778,'1389039827224160','1389039158936553',2777),(2781,'1389185668177462','1389185051357761',2780),(2784,'1389187395895325','1389186478081313',2783),(2787,'1389217210492745','1389215958468486',2786),(2801,'1394963228189915','1394962693450502',2800),(2806,'1395914107008569','1395913672827959',2805),(2812,'1398769959576003','1398768989421516',2811),(2815,'1398772050124604','1398770578740765',2814),(2820,'1399349725512203','1399348918569079',2819),(2822,'1399371448170821','1399370655199930',2821),(2830,'1400857661673691','1400856163616314',2829),(2832,'1400876568668254','1400876331195173',2831),(2835,'1400884943879695','1400884675713839',2834),(2842,'1423885945443498','1423881196161476',2841),(2846,'1434231946835771','1434212947166261',2845),(2849,'1434370969184852','1434370329808923',2848),(2886,'1473850192408534','1473846504744566',2884),(2890,'1473851149317965','1473849437431334',2888),(2891,'1473851696431498','1473850598891611',2889),(2894,'1473854205714389','1473852902417347',2893),(2899,'1474274388102528','1474273874180262',2897),(2900,'1474274686649067','1474274012788816',2898),(2903,'1478545388006700','1478544560395740',2902),(2906,'1479589972896787','1479589375235392',2905),(2915,'1524332714993181','1524323116367119',2914),(2921,'1525272940808019','1525271989969411',2920),(2926,'1543317739674840','1543310336154776',2925),(2928,'1543335878934630','1543335568563897',2927),(2932,'1547237229642422','1547236720939208',2931),(2935,'1547239781830177','1547239132695621',2934),(2938,'1547243205824425','1547242068749766',2937),(2941,'1547282462730520','1547281966991011',2940),(2974,'1565476006257961','1565475291972300',2973),(2977,'1565488053376692','1565487539085465',2976),(2980,'1565497530817093','1565497131214464',2979),(2988,'1566228787498009','1566219092234179',2987),(2991,'1566317183969292','1566316768957009',2990),(2996,'1571734821276485','1571729960388950',2995),(3005,'1571767365890862','1571756615615572',3002),(3006,'1571767394539738','1571756615562571',3003),(3007,'1571767394363637','1571756615516271',3004),(3008,'1571767394623839','1571759730197805',3001),(3011,'1571775727783447','1571775329294075',3010),(3020,'1572599993604680','1572598714112112',3019),(3036,'1574198317202200','1574197312314389',3035),(3045,'1647042077806023','1647040899166772',3044),(3048,'1647054857577700','1647054347970741',3047),(3053,'1647219961743214','1647197652966194',3051),(3054,'1647220020458568','1647197653244695',3052),(3069,'1699213409447877','1699212790866443',3068),(3072,'1699223326550855','1699222892348132',3071),(3075,'1699243041188436','1699242529423659',3074),(3078,'1699282375430915','1699281823577362',3077),(3089,'1725117955006407','1725117112973363',3088),(3093,'1725424723166570','1725424271001336',3092),(3103,'1742831005742920','1742829118248237',3102),(3106,'1742908896661622','1742906944136454',3105),(3109,'1742941148959569','1742940752835152',3108),(3112,'1742983758897481','1742982575699457',3111),(3117,'1788048828493824','1788047658845002',3116),(3131,'1791268590710600','1791267874604430',3130),(3133,'1796146911160585','1796146094751004',3132),(3141,'1830470600700850','1830467995038701',3140),(3144,'1830472348398602','1830471868151132',3143),(3149,'1881003132170607','1881001866281291',3148),(3161,'1889742175709546','1889740995960466',3160),(3164,'1889744578962556','1889744150247586',3163),(3175,'1972814056541982','1972812079937276',3174),(3178,'1972822274467437','1972821563810906',3177),(3184,'1993999325862442','1993998680998777',3183),(3187,'1994501456446611','1994500943133485',3186),(3190,'1994502944101473','1994502486588486',3189),(3201,'2073620030951630','2073619015292310',3200),(3204,'2073634736252783','2073634286341645',3203),(3208,'2074322649286963','2074322115757342',3207),(3211,'2074364901968581','2074364468791572',3210),(3214,'2074397514985621','2074397099822596',3213),(3217,'2074452167544230','2074451509357597',3216),(3220,'2074475008940477','2074474631239927',3219),(3223,'2074483419265937','2074483018266419',3222),(3226,'2074532546082802','2074532141557658',3225),(3229,'2074611905027407','2074611378064282',3228),(3245,'2120193918555770','2120193400182493',3244),(3247,'2120219335265491','2120219140240193',3246),(3260,'2141944386302692','2141943710222666',3259),(3261,'2141944386273592','2141940635876355',3258),(3264,'2141945789455345','2141945391200931',3263),(3277,'2167027425168680','2167026845648335',3276),(3299,'2251229713316887','2251229212517426',3298),(3309,'2312224262533996','2312218198708499',3307),(3310,'2312224302767643','2312217430774589',3308),(3324,'2339234832119707','2339233272971775',3323),(3327,'2339236726914710','2339236234463024',3326),(3333,'2341937195934839','2341935737921142',3332),(3336,'2343673905790400','2343672439715185',3335),(3345,'2347954465923352','2347951496310375',3344),(3348,'2347960061468236','2347958390043939',3347),(3356,'2350532875524915','2350532262543462',3355),(3359,'2350654969332356','2350654066517280',3358),(3371,'72494886172842','72492140783735',3370),(3374,'72575672233258','72575099965978',3373),(3377,'72649221365124','72648774745947',3376),(3380,'72700575971638','72700027889412',3379),(3385,'72800400793615','72778556099525',3384),(3388,'72838393403601','72837950889295',3387),(3397,'121686055971169','121682179371790',3396),(3405,'149226913014517','149226004950484',3404),(3440,'43370362213235','43369610217521',3439),(3443,'43372583819745','43372052279520',3442),(3446,'43377689388856','43377291701217',3445),(3449,'43381048767420','43380627317580',3448),(3452,'43384845849331','43384478856881',3451),(3455,'43390745863062','43390298424954',3454),(3458,'43394106364387','43393697451545',3457),(3461,'43396526974306','43396052230105',3460),(3464,'43403042102133','43402633938720',3463),(3467,'43405843849803','43405426679373',3466),(3470,'43407892175367','43407509027979',3469),(3473,'43412781657468','43412392810469',3472),(3476,'61494037748300','61493209457220',3475),(3478,'61557059174741','61556696544285',3477),(3481,'61599533892462','61599269294894',3480),(3485,'82162393448973','82161547362250',3484),(3491,'94226113309807','94224853036058',3490),(3494,'94255282465428','94254874091074',3493),(3496,'94299685723124','94298974902277',3495),(3519,'105118552717425','105117695387984',3518),(3523,'105245625352662','105243514161127',3522),(3525,'105269078957062','105268828636610',3524),(3529,'105331786882016','105331187236562',3528),(3541,'108510709572745','108509205276151',3540),(3544,'108515661096054','108515226753979',3543),(3567,'118805719935442','118804106838703',3566),(3572,'139612392770981','139610335765133',3571),(3577,'157082122839920','157081164339851',3576),(3589,'187442321384009','187439233795402',3588),(3592,'187477394058239','187475961630906',3591),(3594,'187517801418682','187517550587757',3593),(3603,'192110700862909','192110192323997',3602),(3609,'218858900933934','218858190558508',3608),(3621,'225867213495751','225866018732801',3620),(3624,'226217624648136','226217110670631',3623),(3627,'226456968003794','226456406964785',3626),(3630,'227589046627928','227588521521167',3629),(3633,'227751977946273','227751454794892',3632),(3647,'270949547290488','270948810426013',3646),(3654,'278956704143700','278955626736189',3652),(3657,'278957055419839','278956400891469',3655),(3659,'278957322996419','278956853353086',3658),(3662,'278994905019819','278994139749004',3661),(3665,'279031379241800','279030890285699',3664),(3668,'279084299327295','279083836957872',3667),(3671,'279150711334661','279150166338058',3670),(3674,'279184688945728','279184279841068',3673),(3677,'279217664729904','279217133983747',3676),(3680,'280802875592296','280802345100041',3679),(3683,'280889123426660','280888589781737',3682),(3686,'76237677660374','76237568642247',3685),(3694,'91220120044579','91220013337958',3693),(3696,'91262396369071','91262366524765',3695),(3699,'91470477603083','91470438948082',3698),(3701,'91492366394626','91492343284210',3700),(3703,'91917289232712','91917266750842',3702),(3709,'151094941786323','151094895889615',3708),(3712,'151104980658548','151104944434620',3711),(3722,'197840845314001','197840798009677',3721),(3725,'197922350850663','197922310005569',3724),(3728,'197935719592186','197935681243069',3727),(3731,'197968912269589','197968867702621',3730),(3734,'197979953495887','197979914290487',3733),(3737,'253261168489036','253261142957152',3736),(3740,'253463325614098','253463276585254',3739),(3742,'253506250880821','253506225475219',3741),(3745,'254276867216465','254276823935485',3744),(3752,'512328918510574','512328801782332',3751),(3755,'512331630582040','512331571962151',3754),(3758,'512334135108513','512334073320200',3757),(3761,'512336180581337','512336118852188',3760),(3764,'512337881705174','512337824238154',3763),(3767,'512355904015436','512355849639684',3766),(3770,'512371979115378','512371920709743',3769),(3773,'512412403948135','512412345433695',3772),(3776,'512414635597381','512414578191860',3775),(3781,'512767634198445','512767574330146',3780),(3795,'644957739643784','644957628357181',3794),(3798,'644995377126700','644995209658118',3797),(3801,'645020133320472','645020040793655',3800),(3804,'645354427224311','645354364275585',3803),(3807,'648345280530178','648345215219464',3806),(3813,'648796092226381','648796033375157',3812),(3816,'648838595294028','648838532944715',3815),(3819,'683679712884970','683679649780062',3818),(3824,'683686063716512','683685991884863',3822),(3825,'683686094590440','683686025151068',3823),(3828,'690846244587851','690846184787661',3827),(3831,'691535594037982','691535529535797',3830),(3834,'691537813426680','691537755007320',3833),(3840,'692290674382086','692290612482852',3839),(3843,'692297398454500','692297341165507',3842),(3846,'692406244674676','692406172158396',3845),(3849,'692457454407760','692457390458750',3848),(3854,'699986065398469','699986001755516',3853),(3857,'700074284157503','700074225296005',3856),(3862,'700117590751679','700117527183687',3861),(3865,'700124056853488','700123965185172',3864),(3868,'700125558141080','700125501405137',3867),(3871,'700209670006029','700209610501790',3870),(3874,'700268530117823','700268466847623',3873),(3880,'700708552271244','700708489958650',3879),(3883,'700722612619021','700722534608103',3882),(3886,'700753214723429','700753157545445',3885),(3891,'702111420361161','702111357548879',3890),(3894,'702148270845420','702148213728222',3893),(3897,'702189992101757','702189929922245',3896),(3902,'703491583371053','703491522350843',3901),(3905,'703582778053397','703582712387039',3904),(3910,'713617338928894','713617264469912',3909),(3916,'789687116230411','789687053626089',3915),(3919,'789705081785463','789705014299084',3918),(3922,'789743157508941','789743079692828',3921),(3928,'790156173021796','790156111879713',3927),(3931,'790171071377966','790171008406620',3930),(3934,'790223828769743','790223671111660',3933),(3937,'798990316065987','798990255872070',3936),(3940,'798996483530840','798996422573972',3939),(3943,'799105103893189','799105040275321',3942),(3946,'799233608154289','799233538286796',3945),(3949,'799258125663019','799258064520783',3948),(3952,'799268658815269','799268602121280',3951),(3955,'844454377697222','844454315775051',3954),(3963,'867243030312596','867242971684874',3962),(3971,'884536607098873','884536538961447',3970),(3974,'886873352694240','886873279068872',3973),(3977,'886880355565344','886880287233526',3976),(3980,'897578535223330','897578472561485',3979),(3987,'964947755281605','964947695213280',3986),(4016,'1302435407603282','1302435333415050',4015),(4019,'1302804439912387','1302804365750986',4018),(4022,'1302824623360608','1302824564234184',4021),(4025,'1302842034403288','1302841971473634',4024),(4038,'1388541607259345','1388541489204007',4037),(4041,'1388550541286469','1388550479598807',4040),(4049,'1391109858509987','1391109800114817',4048),(4052,'1392373281314590','1392373162999314',4051),(4055,'1392426554184144','1392426439492926',4054),(4058,'1397568399389066','1397568331058474',4057),(4061,'1397622065547673','1397621992625583',4060),(4066,'1404443047279657','1404442978392775',4065),(4072,'1410082137359208','1410082059313874',4071),(4080,'1414042288921284','1414042228954658',4079),(4092,'1461416307857162','1461416238177084',4091),(4095,'1461528994662712','1461528925656159',4094),(4098,'1464934042286602','1464933959931786',4097),(4101,'1464934460852739','1464934400393210',4100),(4104,'1464935377226252','1464935314143510',4103),(4107,'1464937466804948','1464937410909025',4106),(4110,'1465229770148309','1465229709683492',4109),(4120,'1506448179261747','1506448113547274',4119),(4134,'1589069244244577','1589069127789914',4133),(4137,'1589074250230844','1589074167007400',4136),(4140,'1589080225626608','1589080163723293',4139),(4151,'1721717148210297','1721717070672017',4150),(4156,'1730741333258669','1730741185299234',4155),(4159,'1731997233120565','1731997171440410',4158),(4182,'1759568930461259','1759568871689534',4181),(4185,'1759664901505435','1759664844910376',4184),(4189,'1759959713967852','1759959650539015',4188),(4201,'1780556061157404','1780549808369506',4200),(4204,'1780561982834003','1780561435802708',4203),(4207,'1780595064797759','1780594997592869',4206),(4211,'1813154906080749','1813154838026929',4210),(4214,'1815579228976782','1815579139772674',4213),(4222,'1838121216259894','1838121159945851',4221),(4225,'1844791797623026','1844791733741332',4224),(4228,'1844801378043035','1844801311715194',4227),(4231,'1844823196963216','1844823131299302',4230),(4234,'1844858017783206','1844857953826683',4233),(4238,'1985514565933300','1985514408699465',4237),(4241,'1985520239830999','1985520179759738',4240),(4244,'1985524210618111','1985524135855512',4243),(4250,'2157690403110110','2157690299879868',4249),(4260,'2173760134104081','2173760076809005',4259),(4263,'2173773194920499','2173773119696453',4262),(4271,'2175617782700513','2175617716754416',4270),(4275,'2194804333722924','2194804275859319',4274),(4283,'2195160086662538','2195160024333279',4282),(4287,'2195215832999632','2195215727770166',4286),(4290,'2195256748483603','2195256682203306',4289),(4293,'2195564943031928','2195564878537168',4292),(4296,'2195566230439113','2195566170108960',4295),(4299,'2195584353939913','2195584290785721',4298),(4302,'2195612536991064','2195612478782378',4301),(4305,'2195624901945475','2195624844922672',4304),(4308,'2195770189795403','2195770135274463',4307),(4311,'2195935958182488','2195935896564501',4310),(4314,'2197397584065175','2197397523915502',4313),(4318,'2197700313546073','2197700255772393',4317),(4338,'2245287202425285','2245287145586648',4337),(4341,'2248249443214702','2248249387379097',4340),(4347,'2253439185705985','2253439129144624',4346),(4355,'2254069147787067','2254069085877192',4354),(4358,'2254082126120402','2254082070042013',4357),(4361,'2254135550444389','2254135493075799',4360),(4365,'2254323525378101','2254323465374388',4364),(4368,'2254324518465888','2254324460389111',4367),(4371,'2254329005600533','2254328947649994',4370),(4374,'2254330410663583','2254330354386462',4373),(4377,'2254335735838308','2254335681027807',4376),(4380,'2254337243362998','2254337188872641',4379),(4383,'2254342150005796','2254342087595371',4382),(4386,'2254347007254126','2254346945600665',4385),(4389,'2254351606153219','2254351552829690',4388),(4392,'2254356220908489','2254356164610904',4391),(4395,'2254360764951766','2254360711763205',4394),(4398,'2254365166579759','2254365112695505',4397),(4401,'2254366767924993','2254366707727646',4400),(4404,'2254408192444811','2254408125221127',4403),(4407,'2254420092168629','2254420028592795',4406),(4410,'2254421422459199','2254421365242216',4409),(4413,'2254445053987612','2254444991680022',4412),(4416,'2254446022276816','2254445955363664',4415),(4419,'2254450702273737','2254450645379339',4418),(4422,'2254452436802915','2254452382422155',4421),(4425,'2254457206435128','2254457154492951',4424),(4428,'2254458588467286','2254458529457022',4427),(4431,'2254555189912076','2254555132357206',4430),(4434,'2254556441142012','2254556383638554',4433),(4437,'2254560904191156','2254560854597348',4436),(4440,'2254562489767961','2254562430894621',4439),(4443,'2254705214021776','2254705160948875',4442),(4446,'2254751959758440','2254751901795732',4445),(4449,'2254753186476460','2254753129738362',4448),(4452,'2254756900533588','2254756849741456',4451),(4455,'2254757843971368','2254757793264784',4454),(4458,'2254760905972385','2254760851669205',4457),(4461,'2254761925589040','2254761865688469',4460),(4464,'2254765862602653','2254765810884945',4463),(4467,'2254766720217291','2254766660373404',4466),(4470,'2254772593013134','2254772534239839',4469),(4473,'2254773976181248','2254773923114578',4472),(4476,'2254797344405684','2254797291455920',4475),(4479,'2254798577843174','2254798521584751',4478),(4482,'2254807593288527','2254807538556833',4481),(4485,'2254812312802650','2254812260121233',4484),(4488,'2254813821179427','2254813767396421',4487),(4491,'2254814738777723','2254814684532634',4490),(4494,'2254821097170341','2254821032622650',4493),(4497,'2254822113463919','2254822060349213',4496),(4500,'2254826246315050','2254826193876769',4499),(4503,'2254827274010200','2254827223384626',4502),(4506,'2254863665971137','2254863615442521',4505),(4509,'2254864599608725','2254864546063136',4508),(4512,'2254867966735316','2254867909136261',4511),(4515,'2254868868761471','2254868809558618',4514),(4518,'2254871973161225','2254871921766946',4517),(4521,'2254873028142357','2254872975898386',4520),(4524,'2254876979193667','2254876917108800',4523),(4527,'2254878035456151','2254877979991506',4526),(4530,'2254881521320573','2254881463813547',4529),(4533,'2254882733146701','2254882680667199',4532),(4536,'2254890184784836','2254890128354466',4535),(4539,'2254891209783793','2254891133800016',4538),(4542,'2254913405246452','2254913352346210',4541),(4545,'2254914377699855','2254914318683422',4544),(4548,'2254923583894057','2254923526090716',4547),(4551,'2254924593316793','2254924536186057',4550),(4554,'2254927595459646','2254927545804725',4553),(4557,'2254928848087254','2254928794338811',4556),(4560,'2254933616357998','2254933563768787',4559),(4563,'2254938195993051','2254938144501145',4562),(4566,'2254938928249243','2254938865647293',4565),(4569,'2254952088764716','2254952014291610',4568),(4572,'2254952848524283','2254952786182652',4571),(4575,'2254953737123975','2254953678053614',4574),(4578,'2254990861906143','2254990810002881',4577),(4581,'2254991803393724','2254991749810061',4580),(4584,'2254996099911323','2254996044560155',4583),(4587,'2254997378559502','2254997328357255',4586),(4590,'2255002687097438','2255002628893727',4589),(4593,'2255003915146073','2255003857826004',4592),(4596,'2255068609485513','2255068545078670',4595),(4599,'2255069934885788','2255069880692878',4598),(4602,'2255076160558689','2255076103141103',4601),(4605,'2255082621994285','2255082565635861',4604),(4608,'2255083071034119','2255083020033745',4607),(4611,'2255084227931040','2255084172049135',4610),(4614,'2255087665407826','2255087612596811',4613),(4617,'2255088483166511','2255088431412371',4616),(4620,'2255093275622040','2255093202262530',4619),(4623,'2255094302952270','2255094252123188',4622),(4626,'2255094506022104','2255094445252566',4625),(4629,'2255099032207783','2255098953554148',4628),(4632,'2255099960117280','2255099895219577',4631),(4635,'2255105589129120','2255105536448974',4634),(4638,'2255112326221642','2255112272912258',4637),(4641,'2255113763966653','2255113710730108',4640),(4644,'2255113833570747','2255113766640216',4643),(4647,'2255114937959583','2255114885235964',4646),(4650,'2255120131096744','2255120072913285',4649),(4653,'2255120959830496','2255120910455261',4652),(4656,'2255122178782525','2255122128033145',4655),(4659,'2255128759181257','2255128703825848',4658),(4662,'2255137789980693','2255137732088827',4661),(4665,'2255138100104929','2255138045537779',4664),(4668,'2255138984560158','2255138930302777',4667),(4671,'2255144069742535','2255143982495788',4670),(4674,'2255148221315484','2255148169253867',4673),(4677,'2255149755332272','2255149703056600',4676),(4680,'2255155601390539','2255155542313376',4679),(4683,'2255160397222052','2255160344618631',4682),(4686,'2255161218915234','2255161165374926',4685),(4689,'2255164943394578','2255164890184923',4688),(4692,'2255169492914257','2255169433958866',4691),(4695,'2255170602912861','2255170551744005',4694),(4698,'2255174045526823','2255173955927728',4697),(4701,'2255175122700651','2255175057144435',4700),(4704,'2255181237313671','2255181183189504',4703),(4707,'2255185500257256','2255185448148200',4706),(4711,'2255362801417519','2255362748466923',4710),(4714,'2255364138781536','2255364087035339',4713),(4717,'2255368821659478','2255368766519515',4716),(4720,'2255372988515523','2255372935767221',4719),(4723,'2255376928480797','2255376871283147',4722),(4727,'2255567149388391','2255567082118474',4726),(4730,'2255876090969099','2255876033825402',4729),(4733,'2255957072996619','2255957016803788',4732),(4736,'2256021787630363','2256021723265671',4735),(4740,'2259290216263131','2259290147697491',4739),(4743,'2260218737589786','2260218680709380',4742),(4746,'2260239544991476','2260239487373796',4745),(4752,'2266221290872560','2266221228188779',4751),(4755,'2266327495062583','2266327437472715',4754),(4762,'2271534632739755','2271534575368966',4761),(4765,'2271757520598697','2271757460035658',4764),(4768,'2271842754700234','2271842695959901',4767),(4773,'2272406074157459','2272406017244894',4772),(4776,'2272428221891464','2272428168793760',4775),(4779,'2272440003741907','2272439949807724',4778),(4782,'2272441413288662','2272441356685472',4781),(4785,'2272450505242831','2272450454230061',4784),(4788,'2272456638105716','2272456583089007',4787),(4791,'2272462357995561','2272462301341614',4790),(4794,'2272468218876077','2272468167877600',4793),(4797,'2272473768341704','2272473703157688',4796),(4800,'2272479276006831','2272479223454661',4799),(4803,'2272484514845030','2272484462503733',4802),(4807,'2272490262891656','2272490210943085',4806),(4810,'2272505472606779','2272505410160256',4809),(4813,'2272512044333976','2272511988000631',4812),(4816,'2272518419393161','2272518354677777',4815),(4819,'2272524192783041','2272524139379483',4818),(4822,'2272532361108136','2272532306178267',4821),(4825,'2272540242582493','2272540189619429',4824),(4828,'2272545877626976','2272545824720898',4827),(4831,'2272555079234984','2272554993179580',4830),(4834,'2272560406297665','2272560355409751',4833),(4837,'2272567826052600','2272567774931668',4836),(4840,'2272583797652422','2272583744708713',4839),(4843,'2272594703756440','2272594647724591',4842),(4846,'2272602346133957','2272602292678100',4845),(4850,'2272619336154224','2272619285197797',4849),(4853,'2272625651534645','2272625599705289',4852),(4856,'2272634018478950','2272633959121781',4855),(4859,'2272640546262204','2272640486219151',4858),(4862,'2272658901678513','2272658849770460',4861),(4865,'2272671540512628','2272671485226029',4864),(4870,'2273255041683373','2273254978540263',4869),(4878,'2274895829706674','2274895772368780',4877),(4881,'2274914678722864','2274914623391441',4880),(4894,'2292892910045050','2292892832624175',4893),(4900,'2293754536901728','2293754467373779',4899),(4909,'2321508062128736','2321507992713765',4908),(4912,'2322016149371567','2322016091150682',4911),(4915,'2322199686965025','2322199632199768',4914),(4920,'2324282805472499','2324282748512807',4919),(4923,'2324284007489142','2324283948842367',4922),(4926,'2324284814672540','2324284759799913',4925),(4929,'2324285579443315','2324285526270082',4928),(4932,'2324301847000574','2324301783303425',4931),(4935,'2324831897500303','2324831839899996',4934),(4938,'2325148636124240','2325148577488143',4937),(4944,'2328513313390662','2328513247526637',4943),(4947,'2328516766393236','2328516700571265',4946),(4950,'2328530637044459','2328530578346359',4949),(4955,'2356418332500648','2356418271964858',4954);
/*!40000 ALTER TABLE `notification_map` ENABLE KEYS */;
UNLOCK TABLES;

--
-- Table structure for table `notification_type`
--

DROP TABLE IF EXISTS `notification_type`;
/*!40101 SET @saved_cs_client     = @@character_set_client */;
/*!40101 SET character_set_client = utf8 */;
CREATE TABLE `notification_type` (
  `id` int(11) NOT NULL,
  `id_server` varchar(255) NOT NULL,
  `label` varchar(255) NOT NULL,
  PRIMARY KEY (`id`),
  UNIQUE KEY `UK_fvwb72ftjxlt87a2k3wybw868` (`id_server`),
  UNIQUE KEY `UK_mn9ocefheprdywd5nfhu6ne0v` (`label`)
) ENGINE=InnoDB DEFAULT CHARSET=utf8;
/*!40101 SET character_set_client = @saved_cs_client */;

--
-- Dumping data for table `notification_type`
--

LOCK TABLES `notification_type` WRITE;
/*!40000 ALTER TABLE `notification_type` DISABLE KEYS */;
INSERT INTO `notification_type` VALUES (2123,'205777314000','LIKE'),(2124,'205777367500','COMMENT'),(2125,'205777370500','FOLLOWER');
/*!40000 ALTER TABLE `notification_type` ENABLE KEYS */;
UNLOCK TABLES;

--
-- Table structure for table `post`
--

DROP TABLE IF EXISTS `post`;
/*!40101 SET @saved_cs_client     = @@character_set_client */;
/*!40101 SET character_set_client = utf8 */;
CREATE TABLE `post` (
  `id` int(11) NOT NULL,
  `id_server` varchar(255) NOT NULL,
  `active` bit(1) DEFAULT NULL,
  `created_at` datetime NOT NULL,
  `deleted` bit(1) DEFAULT NULL,
  `modified_at` datetime DEFAULT NULL,
  `revision` bigint(20) DEFAULT NULL,
  `description` varchar(2000) DEFAULT NULL,
  `keywords` varchar(255) DEFAULT NULL,
  `title` varchar(255) NOT NULL,
  `account` int(11) DEFAULT NULL,
  `media_subtype` int(11) DEFAULT NULL,
  `discipline` varchar(255) DEFAULT NULL,
  PRIMARY KEY (`id`),
  UNIQUE KEY `UK_hj56xjem2k1cs8nwm1nsh2xjx` (`id_server`),
  KEY `FKhldpsq033xe7e406jkt2ovuno` (`account`),
  KEY `FKchy449augo3lewkdmh8e9juh4` (`media_subtype`),
  CONSTRAINT `FKchy449augo3lewkdmh8e9juh4` FOREIGN KEY (`media_subtype`) REFERENCES `media_subtype` (`id`),
  CONSTRAINT `FKhldpsq033xe7e406jkt2ovuno` FOREIGN KEY (`account`) REFERENCES `account` (`id`)
) ENGINE=InnoDB DEFAULT CHARSET=utf8;
/*!40101 SET character_set_client = @saved_cs_client */;

--
-- Dumping data for table `post`
--

LOCK TABLES `post` WRITE;
/*!40000 ALTER TABLE `post` DISABLE KEYS */;
INSERT INTO `post` VALUES (1662,'1552533418275409','','2020-11-09 08:01:41','\0',NULL,0,'Bonjour à toute la communauté',NULL,'Bonjour à toute la communauté',673,NULL,NULL),(1668,'1561580999451087','','2020-11-09 10:32:25','\0',NULL,0,'Banque','Recherche d\'emploi','Cv Analyse KYC',600,1472,NULL),(1670,'1566424194697563','','2020-11-09 11:53:08','\0',NULL,0,'Economie Finance et sociétés','Charles GAVE','instituts des libertés',600,1490,NULL),(1672,'1566624663423530','','2020-11-09 11:56:28','\0',NULL,0,'Vacances','Monaco Aout 2020','Port de Monaco',600,1496,NULL),(1674,'1566836168746942','','2020-11-09 12:00:00','\0',NULL,0,'Vidéo de présentation','','Stop audio Skills Mates',600,1486,NULL),(1677,'1567572914304535','','2020-11-09 12:12:16','\0',NULL,0,'There\'s always that one person that will always have your heart\nYou never see it coming \'cause you\'re blinded from the start\nKnow that you\'re that one for me, it\'s clear for everyone to see\nOh baby, ooh (yeah, uh, uh, uh) (you gotta rockaway to this one, c\'mon)\nYou will always be my boo\nSee, I don\'t know \'bout y\'all, but I know about us and, uh\nIt\'s the only way we know how to rock\nI don\'t know \'bout y\'all, but I know about us and, uh\nIt\'s the only way we know how to rock\nDo you remember, girl?\nI was the one who gave you your first kiss\n\'Cause I remember, girl\nI was the one who said, \"Put your lips like this\"\nEven before all the fame\nAnd people screaming your name\nGirl, I was there when you were my baby\nIt started when we were younger, you were mine (my boo)\nNow another brother\'s taken over, but it\'s still in your eyes (my boo)\nEven though we used to argue, it\'s alright (my boo)\nI know we haven\'t seen each other in a while\nBut you will always be my boo\nI was in love with you when we were younger, you were mine (my boo)\nAnd I see it from time to time, I still feel like (my boo)\nAnd I can see it no matter how I try to hide (my boo)\nAnd even though there\'s another man who\'s in my life\nYou will always be my boo\nYes, I remember, boy\n\'Cause after we kissed, I could only think about your lips\nYes, I remember, boy\nThe moment I knew you were the one I could spend my life with\nEven before all the fame\nAnd people screaming your name\nI was there\nAnd you were my baby\nIt started when we were younger, you were mine (my boo)\nNow another brother\'s taken over, but it\'s still in your eyes (my boo)\nEven though we used to argue, it\'s alright (my boo)\nI know we haven\'t seen each other in a while\nBut you will always be my boo\nI was in love with you when we were younger, you were mine (my boo)\nAnd I see it from time to time, I still feel like (my boo)\nAnd I can see it no matter how I try to hide (my boo)\nAnd even though there\'s another man who\'s in my life\nYou will always be my\nOh, my oh, ','','There\'s always that one person that will always ha',600,1498,NULL),(1679,'1605901392574212','','2020-11-09 22:51:05','\0',NULL,0,'Banque Finance Assurance','Master 2 BFA de obtenue à l\'université de Paris 13','Diplôme du Master 2',600,1472,NULL),(1685,'1647562590517282','','2020-11-10 10:25:26','\0',NULL,0,'Maths','derivés de foncitons','exercices de maths',1,1468,NULL),(1687,'1649952126740864','','2020-11-10 11:05:16','\0',NULL,0,'Anniversaire Elisa','Dance, Afrobeat, culture, Anniversaire','Chorégraphie Jerusalema',600,1480,NULL),(1719,'1732389703899004','','2020-11-11 09:59:13','\0',NULL,0,'Bienvenue sur ma page, Je suis Loeticia et je partagerai avec vous des contenus relatifs à la Gestion de Projets ','','Bienvenue sur ma page, Je suis Loeticia et je part',598,1498,NULL),(1726,'1732803129319040','','2020-11-11 10:06:07','\0',NULL,0,'Gestion de Projets','#agile#Projets#Gestion#Mangement#Inteculturel','CERTIFICATITIONS SCRUM MASTER',598,1472,NULL),(1731,'1732941577634849','','2020-11-11 10:08:25','\0',NULL,0,'Projets',NULL,'Vers mon Linkedin',598,1498,NULL),(1749,'1734363691080892','','2020-11-11 10:32:07','\0',NULL,0,'Mathématiques','suite numérique','Suite numérique',666,1467,NULL),(1763,'1734737259674382','','2020-11-11 10:38:21','\0',NULL,0,'Style life','livre','Livres qui changent la vie',666,1489,NULL),(1768,'1734864377935623','','2020-11-11 10:40:28','\0',NULL,0,'Beauté','beau','Me',666,1496,NULL),(1777,'1735652052791835','','2020-11-11 10:53:35','\0',NULL,0,'Les méthodes de factorisation','','Les méthodes de factorisation',1727,1475,NULL),(1779,'1735737157709107','','2020-11-11 10:55:01','\0',NULL,0,'Royauté','king','Couronne',666,1497,NULL),(1783,'1735848587351818','','2020-11-11 10:56:52','\0',NULL,0,'Mathématiques','Ouvrage destiné aux étudiants de premier cycle uni','FONCTIONS NUMERIQUES D\'UNE VARIABLE REELLE',1727,1493,NULL),(1790,'1736355120369773','','2020-11-11 11:05:18','\0',NULL,0,'Mathématiques','Division euclidienne','Division euclidienne',1727,1495,NULL),(1793,'1736732940862070','','2020-11-11 11:11:36','\0',NULL,0,'Astronomie','Classe de sixième','La Terre',1727,1476,NULL),(1795,'1736964516045215','','2020-11-11 11:15:28','\0',NULL,0,'Art','Instrumental','Cool music',1727,1482,NULL),(1798,'1738069761515179','','2020-11-11 11:33:54','\0',NULL,0,'Climat et environnement ','Un rapport éclaire les pratiques occultes d’une vi','Des forêts du Cameroun aux temples du Vietnam',1727,1488,NULL),(1800,'1738157756869424','','2020-11-11 11:35:21','\0',NULL,0,'Maths','Statistiques','Statistiques',1727,1473,NULL),(1803,'1738294120956335','','2020-11-11 11:37:38','\0',NULL,0,'Sons','Example','Example',1727,1485,NULL),(1813,'1741618472247610','','2020-11-11 12:33:02','\0',NULL,0,'','','CV',1713,1472,NULL),(1815,'1741683164877155','','2020-11-11 12:34:07','\0',NULL,0,'La vertue du Partage de connaissances','Idriss Aberkanevest un conférencier Français','Idriss ABERKANE',600,1483,NULL),(1818,'1747151092663250','','2020-11-11 14:05:14','\0',NULL,0,'SAP','','sssss',619,1467,NULL),(1820,'1747220509605612','','2020-11-11 14:06:24','\0',NULL,0,'','','sap collegue ',619,1496,NULL),(1824,'1747479795099317','','2020-11-11 14:10:43','\0',NULL,0,'SAP',NULL,'Aatp ',619,1490,NULL),(1828,'1747620419579698','','2020-11-11 14:13:04','\0',NULL,0,'','','fff',619,1467,NULL),(1829,'1747762751554656','','2020-11-11 14:15:26','\0',NULL,0,'Hello Guys!\n\nHappy to be part of this wonderful journey with skill mates. I hope you will find nice assets in order to help you. \n\nDon\'t hesitate to contact me inbox for more details ',NULL,'Hello Guys!\n\nHappy to be part of this wonderful jo',619,NULL,NULL),(1847,'1757169233821211','','2020-11-11 16:52:13','\0',NULL,0,'STI2D','','Diplome du Baccalauréat ',1844,1472,NULL),(1865,'1777158160843746','','2020-11-11 22:25:22','\0',NULL,0,'Chimie Organique','Master en chimie ','Study of transmenbrane for ions',1860,1471,NULL),(1871,'1777422698074561','','2020-11-11 22:29:46','\0',NULL,0,'Chimie','Cellule ','Cellule',1860,1495,NULL),(1873,'1777716727473776','','2020-11-11 22:34:40','\0',NULL,0,'Chimie','Terminale Scientifique','Chimie organique au Lycéee',1860,1489,NULL),(1881,'1827428195195780','','2020-11-12 12:23:12','\0',NULL,0,'Je vous recommande vivement ces formations sur l\'histoire des Mondes Africains.\r\nhttps://www.instagram.com/hidaya.pan/ ','','Je vous recommande vivement ces formations sur l\'h',1877,1498,NULL),(1884,'1827781437686186','','2020-11-12 12:29:05','\0',NULL,0,'Musique','Musique','Laylow',1877,1496,NULL),(1911,'2030353855113750','','2020-11-14 20:45:17','',NULL,0,'Beau travail !',NULL,'Beau travail !',1903,NULL,NULL),(1912,'2030470700255934','','2020-11-14 20:47:14','\0',NULL,0,'Pourquoi on fait le koki avec l\'huile rouge ?',NULL,'Pourquoi on fait le koki avec l\'huile rouge ?',1903,NULL,NULL),(1914,'2030692360056785','','2020-11-14 20:50:56','\0',NULL,0,'','','test',1903,1497,NULL),(1916,'2031156194748932','','2020-11-14 20:58:40','\0',NULL,0,'recherche opérationnelle','','Optimisation logistique (multi flux)',1903,1474,NULL),(1930,'2086832332727853','','2020-11-15 12:26:36','\0',NULL,0,'','Skills Mates','Animation du logo de Skills Mates',673,1480,NULL),(1934,'2087688048759363','','2020-11-15 12:40:51','\0',NULL,0,'Ressources humaines','CV, curriculum vitae','Comment concevoir un CV',673,1476,NULL),(1937,'2088096539205584','','2020-11-15 12:47:40','\0',NULL,0,'Hello !\r\nJe vous souhaite un bon dimanche à tous ','','Hello !\r\nJe vous souhaite un bon dimanche à tous ',673,1498,NULL),(1939,'2088169195389537','','2020-11-15 12:48:53','\0',NULL,0,'Huuumm !','','Huuumm !',673,1498,NULL),(1941,'2088327961966872','','2020-11-15 12:51:31','\0',NULL,0,'Gestion d\'entreprise','Plan d\'affaires, business plan','Comment monter un plan d\'affiares',673,1467,NULL),(1958,'2104282270219753','','2020-11-15 17:17:26','\0',NULL,0,'Politique économique','Marxisme','Karl Marx - Capital',1943,1498,NULL),(1964,'2120106239146890','','2020-11-15 21:41:31','',NULL,0,'Loisir','Bowling','Si 2020 était une video ',1699,1480,NULL),(1966,'2120311520566752','','2020-11-15 21:44:56','',NULL,0,'','','CV',1699,1498,NULL),(1968,'2120605583877656','','2020-11-15 21:49:50','',NULL,0,'','','CV',1699,1498,NULL),(1975,'2152613407764617','','2020-11-16 06:43:18','\0',NULL,0,'Mathématique','','Genius !',1713,1476,NULL),(1991,'2167087200344741','','2020-11-16 10:44:32','\0',NULL,0,'','','L\'avenir de la musique',1987,1474,NULL),(2008,'2199707432484695','','2020-11-16 19:48:14','',NULL,0,'Transport en commun','ligne 14','Grand paris ',1900,1489,NULL),(2010,'2199838681613681','','2020-11-16 19:50:24','\0',NULL,0,'Transport en commun','https://www.leparisien.fr/info-paris-ile-de-france','Prolongement ligne 14',1900,1488,NULL),(2019,'2256182843490924','','2020-11-17 11:29:28','\0',NULL,0,'','','La terre en rond',592,1476,NULL),(2023,'2296105759537447','','2020-11-17 22:34:51','\0',NULL,0,'Bonjour à tous, je suis ravie de faire partie de la team',NULL,'Bonjour à tous, je suis ravie de faire partie de l',1900,NULL,NULL),(2030,'2345203719971402','','2020-11-18 12:13:09','\0',NULL,0,'Motivation','','Monday Motivation',602,1497,NULL),(2045,'2382384272474065','','2020-11-18 22:32:49','\0',NULL,0,'reseau internet','','Les voitures encore plus connectées?',1900,1495,NULL),(2055,'2460133226915599','','2020-11-19 20:08:38','\0',NULL,0,NULL,NULL,'Flag',673,1489,NULL),(2063,'2704526824780030','','2020-11-22 16:01:52','\0',NULL,0,'','','electromagnetisme',1898,1467,NULL),(2076,'2856256255033776','','2020-11-24 10:10:41','\0',NULL,0,'','','CV',1897,1472,NULL),(2080,'2867880420124959','','2020-11-24 13:24:26','\0',NULL,0,'Excel Macro','Macro','Youtube vidéo avec Excel',666,1491,NULL),(2122,'3142123321026912','','2020-11-27 17:35:09','\0',NULL,0,'','','thanks god is friday',1900,1498,NULL),(2156,'3546133409721076','','2020-12-02 09:48:39','\0',NULL,0,'La pyramide de Maslow, La hiérarchie des besoins','','La pyramide de Maslow, La hiérarchie des besoins',1711,1498,NULL),(2175,'3650113901221725','','2020-12-03 14:41:39','\0',NULL,0,'','','Heron',619,1471,NULL),(2186,'3752301000893266','','2020-12-04 19:04:46','',NULL,0,'Economie et finance','Economie finance monnaie covid 19','monétisation de la dette ',600,1488,NULL),(2199,'3914823266941620','','2020-12-06 16:13:29','\0',NULL,0,'Comprendre le théorème de pythagore \nhttps://www.youtube.com/watch?v=CAkMUdeB06o',NULL,'Comprendre le théorème de pythagore \nhttps://www.y',599,NULL,NULL),(2217,'4009579220259380','','2020-12-07 18:32:44','\0',NULL,0,'Musique','','memoire',1987,1471,NULL),(2256,'41480404353854','','2020-12-09 19:46:55','\0',NULL,0,'Infirmerie','blabla bla','Les escarres',1903,1471,NULL),(2259,'43152432049721','','2020-12-09 20:14:47','\0',NULL,0,'Génie logiciel',NULL,'Diagramme de séquence',1903,1498,NULL),(2272,'381901455555814','','2020-12-13 18:20:36','\0',NULL,0,'Banque Finance Economie','Memoire de Aymen SMONDEL, Etudiante Paris Dauphine','COMMENT LES BANQUES OCTROIENT LES CREDITS AUX PME ',600,1471,NULL),(2287,'702130270333989','','2020-12-17 11:17:45','\0',NULL,0,'(1955 - 2011) Rest In Peace - Apple Co-Finder Steve Jobs in 2005 giving his Stanford Commencement Address','innovation','Live before you die',1,1476,NULL),(2289,'709847326224129','','2020-12-17 13:26:21','\0',NULL,0,'Aux Etats-Unis, un risque de basculement institutionnel grave... Avec l’élection de Joe Biden, l’Amérique restera-t-elle une nation démocratique ? Y a-t-il eu fraude ou pas ? Ceux qui pensent qu’il y a eu fraude se font traiter de complotistes et de demeurés mentaux par tous les médias qui nous annonçaient que Trump allait se faire battre alors qu\'il a obtenu plus de voix qu’en 2016 !\nQui est Joe Biden ? Un parfait ectoplasme, sans aucun intérêt, mais qui traîne un nombre de casseroles inimaginables.\nQue va faire Trump qui reste le président jusqu’au 20 Janvier ? On saura le 6 janvier s’il reste président ou s’il va devoir laisser la place. Si Biden est élu et si vous avez aimé l’impérialisme américain, vous allez adorer les impérialismes turc, chinois ou iranien.\n\nL’Europe et La France : vers une économie zombie engendrée par la destruction de la monnaie. L’augmentation de la masse monétaire (voulue par la BCE) n’est pas l’augmentation de la richesse. Entreprises et banques zombies prospèrent au détriment des entrepreneurs véritables et accélèrent la désindustrialisation (Italie, France). Le QE (assouplissement monétaire) condamne les monnaies européenne et américaine et offre de belles perspectives aux monnaies asiatiques (sauf Yen)... Le signe du déclin ?','Economie, Politique, Géopolitique','Le grand basculement de la puissance',600,1478,NULL),(2291,'710071104237682','','2020-12-17 13:30:06','',NULL,0,'Blog d\'actualité du journaliste Pierre Jovanovic','Banque, Finance, Economoie, Emploi','Quotidien.com',600,1490,NULL),(2304,'718822375225916','','2020-12-17 15:55:57','',NULL,0,'Portrait','','Selfie',600,1496,NULL),(2316,'953327915298836','','2020-12-20 09:04:22','\0',NULL,0,'C\'est mon CV professionnel ','Recherche d\'emploi','CV',2166,1472,NULL),(2318,'953743976228481','','2020-12-20 09:11:18','\0',NULL,0,'Comment établir un budget de trésorerie ','Finance DCG','Les budgets de trésorerie',2166,1476,NULL),(2334,'1050692990136148','','2020-12-21 12:07:09','\0',NULL,0,'Bonjour à tous. Un plaisir d\'être parmi vous aujourd\'hui. ',NULL,'Bonjour à tous. Un plaisir d\'être parmi vous aujou',2332,NULL,NULL),(2340,'1050998813347559','','2020-12-21 12:12:13','\0',NULL,0,'','CV','Document',2332,1498,NULL),(2346,'54466397781015','','2020-12-23 10:05:21','',NULL,0,'','1234','pp',1735,1496,NULL),(2348,'54586763611247','','2020-12-23 10:07:21','\0',NULL,0,'','','azert',1735,1496,NULL),(2357,'482777906556357','','2020-12-28 09:03:53','\0',NULL,0,'L ‘Institut des Libertés est un think tank  indépendant. Constitué sous la forme d’un fonds de dotation (loi du 4 août 2008), l’Institut des Libertés est enregistré après de la préfecture de Paris  après publication au Journal Officiel',NULL,'institut des libertés',600,1490,'Economie, Finance, Société, Géopolitique'),(2360,'482936342909504','','2020-12-28 09:06:31','\0',NULL,0,'Android Building Realtime Chat App using GCM, PHP & MySQL – Part 1\nBY RAVI TAMADA  JULY 12, 2017 609 COMMENTS\nGoogle Cloud Messaging allows you send lightweight messages from the backend server to all the devices whenever there is new data available. This saves lot of user’s battery by avoiding poll request to server for new data. Using GCM you can build powerful multi platform (iOS, Android & Web) apps like real time chat, news feed, cloud storage and lot more. On top of everything, GCM is completely free and there are no limitations.','android','Android',1,1468,'developpement'),(2367,'483865447878550','','2020-12-28 09:22:00','\0',NULL,0,NULL,'android, dev','Android dev',1,1488,'dev'),(2370,'483928479956964','','2020-12-28 09:23:03','\0',NULL,0,NULL,'covid*-19, medecine','Covid-19 apres confinement',1,1488,'medecine'),(2382,'498215877166679','','2020-12-28 13:21:11','\0',NULL,0,NULL,'Brexit, Economie, geopolitique, France, Grande Bretagne','Brexit: ce qui va changer entre l’Europe et la Gra',600,1488,'Economie, Geopilitique'),(2385,'498443524422473','','2020-12-28 13:24:58','\0',NULL,0,'Pierre Jovanovic : \'\' J\'ai commencé cette revue de presse le 20 février 2008 à cause de la Société Générale qui a utilisé Jérôme Kerviel pour dissimuler ses pertes apocalyptiques dues aux subprimes, au moment même où d\'autres banques (UBS, HSBC, Bear Sterns, DeutscheBank, Monte-Paschi, Lehman Brothers, etc.) cherchaient des milliards pour masquer les leurs ! \'\'','Economie, Finance, Licenciement, Politique, Crises','Blog d\'actualidé financière et économique',600,1490,'Blog du journalitse Pierre Jonavic'),(2450,'661675561004416','','2020-12-30 10:45:32','',NULL,0,NULL,'Scrum agilité ','Agile',1903,1476,'Gestion de projet'),(2466,'662276793468533','','2020-12-30 10:55:31','',NULL,0,'https://youtu.be/tsGZsv0f57M','Agilité ','Agilité ',1903,1476,'Gestion de projet'),(2467,'662425604209979','','2020-12-30 10:58:00','',NULL,0,'Test','Gestion de projet','Agilité ',1903,1476,'Agilite'),(2484,'878658064827139','','2021-01-01 23:01:52','\0',NULL,0,'','Meilleurs Voeux','Bonne Année 2021 mes chers et chères Mates',600,1497,NULL),(2550,'1133721991792072','','2021-01-04 21:52:57','\0',NULL,0,'Que va-t-il se passer en 2021?\nRien de bien!\nRien de bon. \nPourquoi?\nParce que d\'un point de vue analytique soit la pandémie va cesser, et il faudra payer les couts exorbitants d\'une crise économique inédite.\nSoit parce que la pandémie ne passera pas, et que les couts seront encore plus exorbitants qu\'exorbitants !!!\nParce qu\'il n\'y a aucune façon indolore de retrouver de la solvabilité quand on est allé trop loin dans l\'endettement et dans la création monétaire. \nJe partage dans ce premier JT du grenier de l\'année, quelques pistes de réflexion afin d\'éclairer et d\'alimenter les analyses de chacun. \n\nIci, encore une fois, aucune vérité absolue, mais des pistes de réflexions pour prendre de la hauteur et anticiper ce qui pourrait arriver. ',NULL,'2021 sera pire que 2020 voici pourquoi',2386,1478,'Economie, Finance, Politique'),(2556,'1149824877632703','','2021-01-05 02:21:21','\0',NULL,0,'https://eyegambia.org/african-union-has-successfully-launched-the-african-continental-free-trade-area/?fbclid=IwAR10gUi1HVz3vH0g4akwqDqh-ssgF0JY-dvtBc6cgk8h9ieuU9X1s0i99sQ',NULL,'https://eyegambia.org/african-union-has-successful',2551,NULL,NULL),(2625,'1305445807865710','','2021-01-06 21:35:00','\0',NULL,0,'la liberté d\'expression doit s\'accompagner d\'un devoir de formation et d\'information des idées. ','face news, liberté d\'expression','Fake news',2386,1483,NULL),(2773,'1387874782687947','','2021-01-07 20:28:50','',NULL,0,NULL,NULL,'Cours: notion de fonction',2732,1476,'Mathématique'),(2790,'1389342029081836','','2021-01-07 20:53:16','\0',NULL,0,NULL,'fonctions, mathématiques, Troisième, seconde','les fonctions',600,1476,'Mathématiques'),(2809,'1397815692421241','','2021-01-07 23:14:30','',NULL,0,'Je découvre l\'animation 3D sous Unity','','Je découvre l\'animation 3D sous Unity',600,1481,NULL),(2817,'1398791918927195','','2021-01-07 23:30:46','\0',NULL,0,'Je découvre l\'animation3D sous Unity.\nNe vous arrêtez pas sur l\'anachronisme entre le personnage et l\'environnement...','','Je découvre l\'animation3D sous Unity',2202,1480,NULL),(2827,'1400741253771544','','2021-01-08 00:03:16','\0',NULL,0,'J\'ai développé un mini jeu vidéo éducatif sur la thématique de la sécurité incendie, le but était d\'explorer une opportunité business et même si le projet est en standby, je peux m\'y remettre à tout moment...','Edutainment','Mon premier jeu Edutainment',2202,1480,'3D / Crea Jeux'),(2837,'1401901174273662','','2021-01-08 00:22:36','',NULL,0,'African Heroes, le jeu basé sur l\'histoire et la mythologie de l\'Afrique','3d, jeux videos','Tres beau jeu video made in Africa ',2202,1488,'Game design / Entreprenariat'),(2838,'1403126350135113','','2021-01-08 00:43:01','\0',NULL,0,'African Heroes, le jeu basé sur l\'histoire et la mythologie de l\'Afrique','Game design, jeux vidéos africain','Jeu vidéo made in Africa',2202,1490,NULL),(2839,'1403862075529231','','2021-01-08 00:55:17','\0',NULL,0,'African Heroes est un jeu vidéo qui valorise la culture africaine. Cette innovation l’œuvre de Serge Abraham Thaddée  est un jeune informaticien guinéen de 27 ans qui veut ainsi réhabiliter les grandes figures de l’histoire guinéenne via le jeu vidéo .','Game design, Entreprenariat','Jeu vidéo Africain',2202,1489,'Entreprenariat'),(2870,'1442457640979583','','2021-01-08 11:38:33','\0',NULL,0,'Depuis son premier livre paru en 2002 (Des lions menés par des ânes), Charles Gave, président de l\'Institut des Libertés, ne cesse d\'avertir le public à propos des dangers de l\'euro qui mène inéluctablement l\'Europe vers la dépression et menace nos libertés.\nBeaucoup de ses prévisions sont malheureusement confirmées par la réalité.','Economie, union europeenne, ','Comprendre les limites de l\'union Europeenne',600,1476,'Economie'),(2942,'1556704532277450','','2021-01-09 19:23:07','',NULL,0,NULL,'Mathématiques, trigonométrie, première','Cours: Trigonométrie',2732,1476,'Mathématiques'),(3119,'1789930151660447','','2021-01-12 12:09:47','\0',NULL,0,'','Ressources Humaines ','CV Gestionnaire RH',3079,1472,NULL),(3128,'1790818734337878','','2021-01-12 12:24:33','\0',NULL,0,NULL,NULL,'Rat Race ',3079,1478,NULL),(3241,'2114514422560529','','2021-01-16 06:19:29','\0',NULL,0,'','','Mon CV',2202,1472,NULL),(3284,'2170019788130304','','2021-01-16 21:44:35','\0',NULL,0,'L’auteur propose une analyse du principe d’égalité appliqué au droit de la famille tel que consacré par les textes. Il apparaît ainsi que dans les rapports entre époux, ascendants et descendants, ce principe n’est pas d’application stricte du fait notamment de la reconnaissance des coutumes en droit camerounais...','','Le principe d’égalité en droit cmr de la famille ',3253,1474,NULL),(3312,'2313261498000985','','2021-01-18 13:31:57','\0',NULL,0,'Je vous partage mon diplôme de Master 2 obtenu en 2014 à l\'université de Paris Sorbonne 13 à Villetaneuse. Il m\'ouvre les portes de différents métier dans les domaines de la banque, la finance et l\'assurance. Aussi bien des poste a dimensions commercial comme conseiller clientèle professionnelle ou entreprise, gestion de patrimoine mais aussi de métier supporte en back et middle office comme Analyste KYC (know your costumer, Analyste crédit, Analyste entreprise, audit ....','Diplome, Master 2, Banque, Finance, Assurance ','Diplôme Master 2 Banque Finance et Assurance',600,1472,NULL),(3330,'2341286445002218','','2021-01-18 21:19:01','\0',NULL,0,'Retrouvez en direct le jeudi 28 mai à 18H la Masterclass de Joseph Maïla, intitulée  \"Géopolitique d\'une pandémie : les conséquences stratégiques de la Covid-19 au Moyen-Orient et en Afrique du Nord\".\n\nLe développement de la Covid-19 dans le monde n\'a pas manqué d\'avoir un impact particulier au Moyen-Orient et en Afrique du Nord. Cette zone de près de 500 millions d\'habitants comprend des sociétés d\'inégale richesse et d\'inégal développement. Elle regroupe aussi des Etats qui sont déchirés par des guerres civiles internationalisées comme la Syrie, La Libye ou le Yémen.  On s\'interrogera sur les stratégies mises en oeuvre par les gouvernements pour combattre la pandémie, sur les rapports des gouvernements avec les sociétés civiles, les ONG et les autorités religieuses, sur l\'impact économique de la crise sanitaire et sur les nouveaux équilibres stratégiques régionaux.\n\nJoseph Maïla est professeur de géopolitique et de médiation internationale à l\'ESSEC, en charge du programme médiation à l\'IRENE.  Il a été directeur de la Prospective au ministère de l\'Europe et des Affaires étrangères.','Géopolitique, covid19, Moyen Orient, Afrique,ESSEC,Joseph Maïla','Géopolitique : les conséquences stratégiques de la',2511,1476,'Géopolitique'),(3351,'2349925845616323','','2021-01-18 23:43:01','',NULL,0,'Check out the highlights from our Ai conference in partnership with Nestlé and DRIVING EVOLUTION. The first event focused on education with the presentation of Nestor Ai, training, DBA Program and study trips in Dubai and China!\n\nWant to learn more about Nestor Ai, data collection, artificial intelligence, marketing, and more? Book Dr. Saucet for your next interview or conference!\n\nMedia/Business Inquires Contact: marcelsaucet@sandiego.edu\n\nFind out more about Dr. Saucet and future conferences, visit http://www.marcel-saucet.com/\n','Marel Saucet, LCA Coference, Artificial Intelligence','LCA Conference - Artificial Intelligence',2511,1476,'Ai'),(3353,'2350317508223320','','2021-01-18 23:49:32','',NULL,0,'CONFERENCE\nGagner en efficacité en utilisant pleinement votre cerveau avec Patrick Georges, neurochirurgien, professeur de management et auteur - Décembre 2014\n\n\nNOTRE INVITE & SON LIVRE\nPatrick Georges est neurochirurgien, professeur de management au Collège des Ingénieurs et auteur de best-sellers comme « Gagner en efficacité », « Gagner en efficacité en équipe », « Etre au top » et « Le Management Cockpit ».\n\n\nORGANISATION\n\nLa conférence a eu lieu mardi 9 décembre 2014 à 19h00 à l’Association des diplômés HEC, organisée par les groupements HEC Conseil et Management & Ressources Humaines.\nPrésentation par Grégory Le Roy, Co-Président du groupement HEC Conseil.\n','développement personnel ','Utilisez pleinement votre cerveau avec Patrick Geo',2511,1483,'développement personnel '),(3402,'137217553169259','','2021-01-20 12:17:53','\0',NULL,0,'','','Anniversaire Elisa',600,1480,NULL),(3429,'43008514728880','','2021-01-21 04:13:17','',NULL,0,'https://laconicml.com/computer-science-curriculum-youtube-videos/',NULL,'https://laconicml.com/computer-science-curriculum-',2641,NULL,NULL),(3432,'43147176692697','','2021-01-21 04:15:31','\0',NULL,0,'Meilleur cours gratuit en computer science ',NULL,'Meilleur cours gratuit en computer science ',2641,1489,'informatique'),(3435,'43292603173956','','2021-01-21 04:17:57','\0',NULL,0,'je trouve ça dingue ',NULL,'Quand les multinationales attaquent les États | AR',2641,1480,'Economie'),(3500,'95763786836390','','2021-01-21 18:52:29','\0',NULL,0,'Utilisez pleinement votre cerveau avec Patrick Georges - Conférence HEC Consulting & Coaching','développement personnel, Patrick Georges ;Conférence HEC Consulting & Coaching','Utilisez pleinement votre cerveau',2511,1483,'développement personnel'),(3503,'96047361489193','','2021-01-21 18:57:11','\0',NULL,0,'Les secrets du leadership avec Philippe Bazin - Conférence HEC Consulting & Coaching\n\nCe que vous n\'avez jamais appris à HEC sur le leadership avec Philippe Bazin, associé du cabinet Krauthammer et auteur du livre « Les vrais secrets du leadership» - octobre 2014\n \n\nCONFERENCE\nPhilippe Bazin nous présente et échange autour de sa vision du Leadership, pour soi et pour les autres, thème de son dernier ouvrage nous guidant vers des chemins rares, brefs et intense. \n\nCitons au hasard : • Autorise-toi d’être moyen (personne n’est talentueux tout le temps et l’art de gérer ses moments moins inspirés est bien une qualité majeure des champions), • L’objectif relève de la pensée magique (accepte que le cours des choses t’amène ailleurs que là où tu as prévu d’aller), • Sois différent, mais pas trop (sois prudent avec la singularité : si elle suscite l’attention, elle effraye aussi) • Intéresse-toi d’abord à ce qui fonctionne (ce qui déraille viendra de toute façon à toi sans demander la permission)…\n\n\nNOTRE INVITE & SON LIVRE\nAssocié dans le cabinet de formation Krauthammer reconnu pour ses missions haut de gamme, Philippe Bazin  est aussi l’auteur des livres à succès « Petit Manuel d’Auto-Coaching » (avec le psychologue Jean Doridot) et « Petit Manuel de Self-Leadership » vendus à plus de 10 000 exemplaires. \n\nDécouvrir des extraits du livre : https://www.dunod.com/sciences-humain... \n\n\nORGANISATION\n\nLa conférence a eu lieu mercredi 8 octobre 2014 à 19h00 à l’Association des diplômés HEC, organisée par les groupements HEC Conseil et Management & Ressources Humaines.\nPrésentation par Grégory Le Roy, Co-Président du groupement HEC Conseil.\n','développement personnel, leadership, Les secrets du leadership, Philippe Bazin, Conférence HEC','Les secrets du leadership avec Philippe Bazin ',2511,1483,'développement personnel '),(3505,'98554302787012','','2021-01-21 19:39:00','',NULL,0,'Marcel Saucet, professeur à Harvard et fondateur de l\'agence Street Marketing vous prouve dans cette vidéo qu\'il suffit d\'une pièce d\'1€ pour faire créer le buzz.','markating, street marketing, Marcel Saucet, Harvard ','Faire du buzz avec 1 euro, c\'est possible',2511,1476,'marketing'),(3508,'98937476557236','','2021-01-21 19:45:22','\0',NULL,0,'Marcel Saucet, professeur à Harvard et fondateur de l\'agence Street Marketing vous prouve dans cette vidéo qu\'il suffit d\'une pièce d\'1€ pour faire créer le buzz.','Street marketing, Marketing, Marcel Saucet, Harvard,','Faire du buzz avec 1 euro, c\'est possible',2511,1476,'Marketing'),(3512,'102027075759019','','2021-01-21 20:36:52','',NULL,0,'','','2019 pic',3509,1496,NULL),(3538,'108463158220594','','2021-01-21 22:24:07','\0',NULL,0,'Bonjour à tous,\nJe suis Ingrid, je suis en troisième année licence informatique et je suis à la recherche d\'un stage de 3 mois à partir du 20 avril 2021.\n\nMerci d\'avance pour votre aide\n','','Recherche stage informatique ',3415,1472,NULL),(3550,'109672774303277','','2021-01-21 22:44:17','\0',NULL,0,'Bravo, vous avez réussi à décrocher votre stage, voici 6 conseils pour faire de cette expérience  un vrai tremplin professionnel.\nVidéo de la collection : \"Career Services by ESSEC\"','stage, intégration en entreprise','6 conseils pour réussir son intégration en entrepr',2511,1476,'savoir être'),(3551,'110035183975128','','2021-01-21 22:50:19','',NULL,0,'Le concept : Alexandre Durand reçoit un invité de grande qualité pour lui demander de déballer son stack : les outils qu’il utilise, les livres qu’il lit, les newsletters auxquelles il est abonné…','Marketing, business, podcast,','Stackast',2511,1485,'Marketing et business'),(3569,'119303642900689','','2021-01-22 01:24:48','',NULL,0,'','','back in 2019',3509,1496,NULL),(3584,'185704495246061','','2021-01-22 19:51:29','\0',NULL,0,'','','Pensée ',3165,1498,NULL),(3616,'224591914056871','','2021-01-23 06:39:36','\0',NULL,0,'','','CV',2579,1472,NULL),(3617,'225377255740216','','2021-01-23 06:52:41','\0',NULL,0,'A VOIR ABSOLUMENT avant de se reconvertir, de chercher du boulot ou encore avant de se lancer dans l\'entreprenariat.',NULL,'WHY - SIMON SINEK',2579,1483,'DEVELOPPEMENT PERSONNEL - ENTREPRENARIAT'),(3618,'225855686100506','','2021-01-23 07:00:40','',NULL,0,'PODCAST QUI EVEILLE LA CONSCIENCE',NULL,'VLAN',2579,1485,'SOCIETE'),(3636,'256367301758592','','2021-01-23 15:29:15','\0',NULL,0,'a ecouter absolument ',NULL,'Changer de vie et Revenir à l\'essentiel - VLAN Pod',2579,1485,'societe'),(3637,'256805960097148','','2021-01-23 15:36:30','\0',NULL,0,NULL,NULL,'WHY par Simon Sinek ',2579,1483,'Devloppement personnel - Entreprenariat'),(3639,'266030671935221','','2021-01-23 18:10:16','',NULL,0,'','','Photo',2025,1496,NULL),(3642,'266812442295011','','2021-01-23 18:23:17','\0',NULL,0,'','','Fishe',2025,1471,NULL),(3704,'91986734667351','','2021-01-27 12:57:36','\0',NULL,0,'Super journée ! motivé !',NULL,'Super journée ! motivé !',2511,NULL,NULL),(3783,'599634342519465','','2021-02-02 09:58:24','\0',NULL,0,'Bonjour, avez-vous deja eu une experience dans le foncier au Cameroun?',NULL,'Bonjour, avez-vous deja eu une experience dans le ',1897,NULL,NULL),(3810,'648746979595658','','2021-02-02 23:36:57','\0',NULL,0,'','','Dérivée partielle ',1713,1497,NULL),(3851,'699971953891426','','2021-02-03 13:50:41','\0',NULL,0,'','Contrôle de gestion , Audit , Finance ','CV',1699,1472,NULL),(3859,'700093877482356','','2021-02-03 13:52:43','\0',NULL,0,'<p>Mention : Bien </p><p>Note : 17/20</p>','','Mémoire de fin d\'étude',1699,1471,NULL),(3877,'700537211455787','','2021-02-03 14:00:07','\0',NULL,0,'<p><span style=\"color:rgb(3, 3, 3);\"><span style=\"background-color:rgb(249, 249, 249);\">Tu as de sérieuses difficultés en maths ? En moins de 15 min, Yvan Monka t\'explique comment tu pourras t\'améliorer nettement en te donnant les conditions de ta réussite et des méthodes pour y arriver.</span></span></p>','Mathématiques progresser ','Mathématiques',2511,1476,'Mathématiques'),(3964,'882711406020756','','2021-02-05 16:36:21','\0',NULL,0,'Comprendre le théorème de Pythagore\nhttps://www.youtube.com/watch?v=CAkMUdeB06o',NULL,'Comprendre le théorème de Pythagore\nhttps://www.yo',599,NULL,NULL),(3967,'882737710524076','','2021-02-05 16:36:47','\0',NULL,0,NULL,NULL,'Theoreme de Pythagoras',599,1476,NULL),(4001,'1067153497362319','','2021-02-07 19:50:23','\0',NULL,0,'','','Professionnel ',2640,1496,NULL),(4013,'1225763172508955','','2021-02-09 15:53:53','\0',NULL,0,'<p><span style=\"color:rgb(3, 3, 3);\"><span style=\"background-color:rgb(249, 249, 249);\">Le Cercle Aristote vous propose un échange entre Pierre-Yves Rougeyron et Julien Messias co-fondateur de Quantology Capital Management, sur la récente affaire Gamestop qui a secoué le monde financier.</span></span></p><p>Cette histoire met en évidence les faiblesse ou la complaisance de la régulation financières qui est point un rempart face aux gros acteurs sur les marchés financiers comme les Hedge Funds qui adoptent des stratégies vautour. Ces stratégies vautour sont motivés par le risque d’aléa morale puisque de part leur taille et leur caractère systémiques on ne peut pas laisser ces acteurs faire faillite : too big to fail. </p><p>C’est aussi le signe que le public peut lui aussi s’intéresser, s’unir et s’organiser afin de faire face à la délinquance de certaines pratiques financières. </p>','Finance, Marchés Financiers, Bourse, Wall Street, Délit d\'initié, Risque morale','L\'affaire Gamestop (Micromania)',600,1478,'Finance, Bourse, Marché Financiers'),(4029,'1379781490297343','','2021-02-11 10:40:51','\0',NULL,0,'<p><span style=\"color:rgb(3, 3, 3);\"><span style=\"background-color:rgb(249, 249, 249);\">Dans cet épisode, Huito récapitule l\'utilisation de tous les temps en anglais, en moins de 15 minutes! Le document est consultable et téléchargeable ici:</span></span></p><p>https://docs.google.com/presentation/d/1DFwpuotHa4mEjxr7PG5dg9h1Fz3AqjTniBGFOYFbDOw/edit</p>','anglais, temps, conjugaison','Comprendre TOUS les temps en anglais en 15 minutes',2511,1476,'Anglais'),(4044,'1388778868465708','','2021-02-11 13:10:48','\0',NULL,0,'<p><span style=\"color:rgb(3, 3, 3);\"><span style=\"background-color:rgb(249, 249, 249);\">Harry Dent explique qu’un nouveau Krach risque de se produire d’ici fin 2022, début 2023 au plus tard.</span></span></p><p><span style=\"color:rgb(3, 3, 3);\"><span style=\"background-color:rgb(249, 249, 249);\"> Pour ceux qui ne connaissent pas Harry DENT, c’est un économiste américain conseiller stratégique du parti républicain. </span></span></p><p><span style=\"color:rgb(3, 3, 3);\"><span style=\"background-color:rgb(249, 249, 249);\">Mais c’est aussi un gestionnaire de fonds d’investissement : HS Dent Investment Management. Richard Détente va décortiquer pour vous sa théorie du mégaphone et voir dans quelles mesures elle illustre bien la fracture que nous vivons entre l\'économie réelle déclinante de nos pays occidentaux et les marchés qui sont tenus à des niveaux élevés par les banques centrales. </span></span></p><p><span style=\"color:rgb(3, 3, 3);\"><span style=\"background-color:rgb(249, 249, 249);\">Zombification de l\'économie, faillite des banques centrales, crise de la dette, revers de médaille de l\'hélicoptère monnaie, contre-coup du COVID-19 ou illustration synthétisant le déclin avancé de nos économies... </span></span></p><p><span style=\"color:rgb(3, 3, 3);\"><span style=\"background-color:rgb(249, 249, 249);\">Une chose demeure certaine, il faut se maintenir alerte sur ces sujets et se préparer à des remous majuscules d\'ici les mois/années à venir.</span></span></p>','2022, economie, banques, faillite','L\'economie en 2022',4031,1476,'economie'),(4086,'1422381200037814','','2021-02-11 22:30:51','\0',NULL,0,NULL,NULL,'Êtes-vous découragé? Pensez à Paul Alexander!',3292,1498,NULL),(4089,'1422701221186986','','2021-02-11 22:36:11','\0',NULL,0,NULL,'','Echouer sans perdre confiance',3292,1498,'Motivation '),(4162,'1748931963603479','','2021-02-15 17:13:21','\0',NULL,0,'<p><span style=\"color:rgb(3, 3, 3);\"><span style=\"background-color:rgb(249, 249, 249);\">Dans cette vidéo, vous allez voir en détail la méthode de calcul des Soldes Intermédiaires de Gestion (SIG) : Marge Commerciale, Production de l\'exercice, Valeur Ajoutée, EBE, REX, Résultat Financier, RCAI, Résultat Exceptionnel et Résultat Net.</span></span></p><p>Merci @<span style=\"color:rgb(3, 3, 3);\"><span style=\"background-color:rgb(249, 249, 249);\">Les Geeks des Chiffres pour leurs contenus</span></span></p>','Finance, entreprise','Soldes Intermédiaires de Gestion (SIG) - Finance d',2511,1476,'Finance'),(4165,'1749406974189852','','2021-02-15 17:21:16','\0',NULL,0,'<p><span style=\"color:rgb(3, 3, 3);\"><span style=\"background-color:rgb(249, 249, 249);\">Cours en Finance d\'entreprise 2/4 : Dans cette vidéo, vous allez vous entrainer à calculer la Capacité d\'Autofinancement (CAF) à partir du compte de résultat.</span></span></p>','Finance, entreprise, capacité d\'auto financement','Comment calculer la CAF ? capacité d’autofinanceme',2511,1476,NULL),(4267,'2175096383461740','','2021-02-20 15:36:06','\0',NULL,0,'https://www.febea.fr/fr/vos-produits-cosmetiques/actualites/la-febea-lance-claire-application-innovante-decrypter',NULL,'https://www.febea.fr/fr/vos-produits-cosmetiques/a',2641,NULL,NULL),(4352,'2254044230187374','','2021-02-21 13:31:54','\0',NULL,0,'Bonjour à Tous, j\'espère pouvoir découvrir le réseau dans les meilleures conditions possibles et faire partager mes connaissances :)','','Bonjour à Tous, j\'espère pouvoir découvrir le rése',2205,1498,NULL),(4708,'2255253480921104','','2021-02-21 13:52:03','',NULL,0,NULL,'capitalisme','le capitalisme',2128,1476,NULL),(4889,'2292153495476646','','2021-02-22 00:07:03','\0',NULL,0,'<p></p>','Fintech, Afrique, services, mobile, paiement, financiarisation','Mobile money industry in Africa',3912,1483,'Paiement Mobile en Afrique '),(4891,'2292670593911863','','2021-02-22 00:15:40','\0',NULL,0,'','Fintech, financiariation, paiement, mobile, afrique','Mobile Money in Nigeria 2014',3912,1471,NULL),(4897,'2293721961994232','','2021-02-22 00:33:11','',NULL,0,NULL,'Economie, Afrique, Femmes, Jeunes, Developpement','Zone de Libre Echange Africaine',3912,1474,'Economie '),(4903,'2293962188734881','','2021-02-22 00:37:12','\0',NULL,0,NULL,'Economie, Afrique, Commerce, Zone','Zone de Libre Echange Africaine',3912,1498,'Economie'),(4906,'2294663226631936','','2021-02-22 00:48:53','\0',NULL,0,NULL,'Libre-echange, Afrique, zone, economique, ','Zone de Libre Echange continentale africaine',3912,1490,'Supply Chain'),(4951,'2330119113869872','','2021-02-22 10:39:49','\0',NULL,0,'“When you arise in the morning think of what a privilege it is to be alive, to think, to enjoy, to love…”\n– Marcus Aurelius',NULL,'“When you arise in the morning think of what a pri',602,NULL,NULL);
/*!40000 ALTER TABLE `post` ENABLE KEYS */;
UNLOCK TABLES;

--
-- Table structure for table `post_multimedia`
--

DROP TABLE IF EXISTS `post_multimedia`;
/*!40101 SET @saved_cs_client     = @@character_set_client */;
/*!40101 SET character_set_client = utf8 */;
CREATE TABLE `post_multimedia` (
  `post_id` int(11) NOT NULL,
  `multimedia_id` int(11) NOT NULL,
  UNIQUE KEY `UK_j2ctkonqa09v997vnws96qebb` (`multimedia_id`),
  KEY `FKh7r6ap96k7s38fuwcum9v0oug` (`post_id`),
  CONSTRAINT `FKalv855x6lbgt3ysdegn0yx0qh` FOREIGN KEY (`multimedia_id`) REFERENCES `multimedia` (`id`),
  CONSTRAINT `FKh7r6ap96k7s38fuwcum9v0oug` FOREIGN KEY (`post_id`) REFERENCES `post` (`id`)
) ENGINE=InnoDB DEFAULT CHARSET=utf8;
/*!40101 SET character_set_client = @saved_cs_client */;

--
-- Dumping data for table `post_multimedia`
--

LOCK TABLES `post_multimedia` WRITE;
/*!40000 ALTER TABLE `post_multimedia` DISABLE KEYS */;
INSERT INTO `post_multimedia` VALUES (1668,1667),(1672,1671),(1674,1673),(1677,1676),(1679,1678),(1685,1684),(1687,1686),(1719,1718),(1726,1725),(1749,1748),(1768,1767),(1777,1776),(1779,1778),(1790,1789),(1793,1792),(1795,1794),(1800,1799),(1803,1802),(1813,1812),(1815,1814),(1818,1817),(1820,1819),(1828,1827),(1847,1846),(1865,1864),(1871,1870),(1881,1880),(1884,1883),(1914,1913),(1916,1915),(1930,1929),(1934,1933),(1937,1936),(1939,1938),(1941,1940),(1958,1957),(1964,1963),(1966,1965),(1968,1967),(1975,1974),(1991,1990),(2019,2018),(2030,2029),(2045,2044),(2063,2062),(2076,2075),(2122,2121),(2156,2155),(2175,2174),(2217,2216),(2256,2255),(2272,2271),(2304,2303),(2316,2315),(2340,2339),(2346,2345),(2348,2347),(2357,2356),(2360,2359),(2367,2366),(2370,2369),(2382,2381),(2385,2384),(2484,2483),(2550,2549),(2625,2624),(2790,2789),(2809,2808),(2817,2816),(2827,2826),(2870,2869),(3119,3118),(3241,3240),(3312,3311),(3330,3329),(3402,3401),(3432,3431),(3435,3434),(3500,3499),(3503,3502),(3508,3507),(3512,3511),(3538,3537),(3550,3549),(3569,3568),(3584,3583),(3616,3615),(3639,3638),(3642,3641),(3810,3809),(3851,3850),(3859,3858),(3877,3876),(3967,3966),(4001,4000),(4013,4012),(4029,4028),(4044,4043),(4086,4085),(4089,4088),(4162,4161),(4165,4164),(4352,4351),(4889,4888),(4891,4890),(4897,4896),(4903,4902),(4906,4905);
/*!40000 ALTER TABLE `post_multimedia` ENABLE KEYS */;
UNLOCK TABLES;

--
-- Table structure for table `professional`
--

DROP TABLE IF EXISTS `professional`;
/*!40101 SET @saved_cs_client     = @@character_set_client */;
/*!40101 SET character_set_client = utf8 */;
CREATE TABLE `professional` (
  `id` int(11) NOT NULL,
  `id_server` varchar(255) NOT NULL,
  `active` bit(1) DEFAULT NULL,
  `created_at` datetime NOT NULL,
  `deleted` bit(1) DEFAULT NULL,
  `modified_at` datetime DEFAULT NULL,
  `revision` bigint(20) DEFAULT NULL,
  `city` varchar(255) NOT NULL,
  `current_position` bit(1) DEFAULT NULL,
  `description` varchar(255) DEFAULT NULL,
  `establishment_name` varchar(255) NOT NULL,
  `specialty` varchar(255) DEFAULT NULL,
  `account` int(11) DEFAULT NULL,
  `end_date` datetime DEFAULT NULL,
  `job_title` varchar(255) NOT NULL,
  `start_date` datetime NOT NULL,
  `activity_area` int(11) DEFAULT NULL,
  `activity_sector` int(11) DEFAULT NULL,
  `another_activity_area` varchar(255) DEFAULT NULL,
  `another_activity_sector` varchar(255) DEFAULT NULL,
  PRIMARY KEY (`id`),
  UNIQUE KEY `UK_jhtn3j550trbpd1t9gvk99ni4` (`id_server`),
  KEY `FKi5t5gwrrxhgyjedhvxcekbyxc` (`activity_area`),
  KEY `FKqn9wbhf8i3wxe4tfu4x2lo8pm` (`activity_sector`),
  KEY `FK_otn62bgvcnopnav5abccfgiu3` (`account`),
  CONSTRAINT `FKi5t5gwrrxhgyjedhvxcekbyxc` FOREIGN KEY (`activity_area`) REFERENCES `activity_area` (`id`),
  CONSTRAINT `FKqn9wbhf8i3wxe4tfu4x2lo8pm` FOREIGN KEY (`activity_sector`) REFERENCES `activity_sector` (`id`)
) ENGINE=InnoDB DEFAULT CHARSET=utf8;
/*!40101 SET character_set_client = @saved_cs_client */;

--
-- Dumping data for table `professional`
--

LOCK TABLES `professional` WRITE;
/*!40000 ALTER TABLE `professional` DISABLE KEYS */;
INSERT INTO `professional` VALUES (1689,'1652420208208751','','2020-11-10 11:46:31','\0',NULL,0,'Paris','',NULL,'Société générale',NULL,600,'2020-11-10 11:46:22','Analyste kyc','2018-02-26 23:00:00',745,1374,NULL,NULL),(1690,'1652495217349842','','2020-11-10 11:47:39','\0',NULL,0,'Levallois','\0',NULL,'Bnp paribas',NULL,600,'2017-12-28 23:00:00','Due diligence officer','2017-04-30 22:00:00',745,1374,NULL,NULL),(1691,'1652592265077063','','2020-11-10 11:49:16','\0',NULL,0,'Paris','\0','Ouverture des comptes client banque Privée','Hsbc',NULL,600,'2015-12-30 23:00:00','Back office agent','2015-05-31 22:00:00',745,1374,NULL,NULL),(1692,'1652715896649287','','2020-11-10 11:51:19','\0',NULL,0,'Dijon','\0','Etude des dossier de crédit, Gestion du risque de crédit, Gestion du risque opérationnel et veille concurrentielle','Crédit municipal de dijon',NULL,600,'2012-08-30 22:00:00','Assistance manager risques et enagements','2012-02-29 23:00:00',745,1374,NULL,NULL),(1704,'1656200662343814','','2020-11-10 12:49:24','\0',NULL,0,'Paris','\0','•	Contrôle de la cohérence, la fiabilité et la traçabilité de la comptabilité\n•	Préparation et analyse des indicateurs de performance (reporting, tableau de bord)\n•	Élaboration de matrice récapitulative des dépenses éligibles (TCD)\n•	Analyses des écarts ','France terre d\'asile',NULL,1699,'2020-07-06 22:00:00','Contrôleur de gestion','2020-01-07 23:00:00',749,1380,NULL,NULL),(1740,'1733745149499757','','2020-11-11 10:21:49','\0',NULL,0,'Paris','','Planification \nReporting','Lhh',NULL,598,'2020-11-11 10:21:47','Pmo','2019-11-19 23:00:00',749,1396,NULL,NULL),(1741,'1733827027466795','','2020-11-11 10:23:11','\0',NULL,0,'Yaoundé','','Test d\'applications réalisé par la boite.\nTravail sur différents modules d\'une application qu\'ils utilisent actuellement.','Yamo group',NULL,666,'2020-11-11 10:23:01','Stagiaire','2020-08-31 22:00:00',766,1389,NULL,NULL),(1757,'1734544407268894','','2020-11-11 10:35:08','\0',NULL,0,'Yaoundé','','Développeur Backend & Frontend','Yamo group',NULL,1727,'2020-11-11 10:35:07','Développeur','2020-08-11 23:00:00',765,1389,NULL,NULL),(1770,'1734956688319733','','2020-11-11 10:42:00','\0',NULL,0,'Yaoundé','','- Administration de la société','Yamo group',NULL,602,'2020-11-11 10:43:32','Company manager','2019-02-28 23:00:00',734,1389,NULL,NULL),(1801,'1738244489234568','','2020-11-11 11:36:49','\0',NULL,0,'Le plessis-pâté, île-de-france','\0','- Déchargement des livraisons.\n- Réception des commandes. \n- Rassemblement des produits.\n- Vérification de la conformité de la livraison.\n- Étiquetages des articles et des cartons. \n- Rangement des commandes reçu après triage.',' l4 logistics',NULL,1713,'2019-08-21 22:00:00','Préparateur de commandes','2019-07-21 22:00:00',764,1390,NULL,NULL),(1805,'1738917191343716','','2020-11-11 11:48:01','\0',NULL,0,'Ville de paris, île-de-france, france','\0','- Mise en rayon.\n- Caisse.\n- Pointage.\n- Conseiller la clientèle.\n- Autres activités liées à l’exploitation du magasin.','Monoprix ',NULL,1713,'2020-11-26 23:00:00','Employé commercial els - caisse','2020-08-02 22:00:00',737,1368,NULL,NULL),(1822,'1913591824252781','','2020-11-11 14:08:43','\0',NULL,0,'Jouy le moutier','',NULL,'Sap france',NULL,619,'2020-11-13 12:19:15','Consultant sap','2010-10-31 23:00:00',735,1402,NULL,NULL),(1851,'1757688932533543','','2020-11-11 17:00:52','\0',NULL,0,'Arcueil','\0',NULL,'Cora',NULL,1844,'2020-10-13 22:00:00','Gestionnaire de stock','2020-09-13 22:00:00',737,1377,NULL,NULL),(1919,'2032495441721866','','2020-11-14 21:20:59','\0',NULL,0,'Paris','',NULL,'Dcbrain',NULL,1903,'2020-11-14 21:20:56','Développeur fullstack js','2020-11-01 23:00:00',755,1389,NULL,NULL),(1924,'2085517871153971','','2020-11-15 11:57:23','\0',NULL,0,'Douala - cameroun','','Design graphique et web, Markéting digital, Développement d\'applications et sites web, Réseaux et sécurité informatiques','Mainic',NULL,673,'2020-11-15 12:04:40','Ceo & founder','2018-12-31 23:00:00',765,1393,NULL,NULL),(1925,'2085501874419148','','2020-11-15 12:04:25','\0',NULL,0,'Douala','\0','Gestion de projet, Développement du système d\'information régional de gestion de l\'eau et l\'énergie','Dree-lt',NULL,673,'2018-01-25 23:00:00','Project manager & developer','2017-07-31 23:00:00',755,1383,NULL,NULL),(1947,'2102157212178657','','2020-11-15 16:42:01','\0',NULL,0,'New york, ny','',NULL,'Atout france usa',NULL,1943,'2020-11-15 16:42:00','Usa head of business tourism','2018-01-15 05:00:00',782,1406,NULL,NULL),(1973,'2144772828263788','','2020-11-16 04:32:38','\0',NULL,0,'Douala','\0','Campagne d\'Identification des abonnes  MTN ','Mtn cameroon',NULL,1902,'2016-08-07 04:00:00','Agent d \'identification','2016-07-07 04:00:00',784,1407,NULL,NULL),(2011,'2199947853302960','','2020-11-16 19:52:13','\0',NULL,0,'Paris','',NULL,'Klepierre',NULL,1900,'2020-11-16 19:52:17','Gestionnaire locatif','2018-11-20 23:00:00',763,1391,NULL,NULL),(2031,'2347064719335448','','2020-11-18 12:44:10','\0',NULL,0,'Yaoundé','\0','Contrôle des allocations sociales des salaires et insertion dans l\'application dédiée.','Caisse nationale de prevoyance sociale (cnps)',NULL,602,'2012-01-30 23:00:00','Operateur d.i.p.e','2011-01-02 23:00:00',734,1367,NULL,NULL),(2032,'2347872807123138','','2020-11-18 12:57:38','\0',NULL,0,'Yaoundé','\0','Benchmark, Statistiques Portuaires, Montage des dossiers des intrants portuaires. etc','Complexe industrialo portuaire de kribi',NULL,602,'2014-08-30 23:00:00','Stage ','2013-12-01 23:00:00',783,1405,NULL,NULL),(2033,'2348836756913919','','2020-11-18 13:13:42','\0',NULL,0,'Yaoundé','\0','In charge of  logistics @ Sommet International Youth Agro-Pastoral\nEntrepreneurship Summit 2019.\n\nCar\'s fleet management, Booking Hotel, Welcome at airport, commodities of internationals participants.','Procassur - ong internationale',NULL,602,'2019-03-30 23:00:00','Chargé de la logistique sommet international....','2019-01-31 23:00:00',783,1402,NULL,NULL),(2034,'2349295801906914','','2020-11-18 13:21:21','\0',NULL,0,'Yaoundé','\0','Import – Export, authorized Company Production / Delivery Work’s medals of Honor AND traditional Ruler badges on all Cameroonian territory.','Jobellla & cie',NULL,602,'2019-02-03 23:00:00','Chargé des affaires générales','2016-03-31 23:00:00',783,1377,NULL,NULL),(2069,'2780160820297074','','2020-11-23 13:02:26','\0',NULL,0,'Bordeaux','','Agent sportif licencié auprès de la FFR (Numéro de licence n°88)\n*Gestion de plusieurs joueurs internationaux XV de France, U20, TOP14 et PROD2\n*Management de portefeuille de joueurs\n*Suivi quotidien\n*Négociation contractuelle\n*Conseil en gestion de carri','Projexa',NULL,2065,'2020-11-23 13:02:25','Agent sportif ffr','2015-04-30 22:00:00',781,1403,NULL,NULL),(2071,'2854159133142801','','2020-11-24 09:35:44','\0',NULL,0,'Douala','\0','_ The control of the counter’s operations.\n_ The control and archieving of accounting records.\n_ Managing the operations between the different agencies and the general direction.\n','Nofia s.a ',NULL,1897,'2020-10-06 23:00:00','Assistant at the department of operations','2020-09-06 23:00:00',745,1374,NULL,NULL),(2072,'2854463204485699','','2020-11-24 09:40:48','\0',NULL,0,'Douala','\0','_ The archieving of credit files.\n_ Placement of credit files and the creation of amortization tables.\n_ Managing the unpaid.\n_ Managing the bail files for scholar loans.\n_ Classification of the scholar loan files.\n','Nofia s.a',NULL,1897,'2020-09-29 23:00:00','Assistant department of credits and transfer','2020-07-31 23:00:00',745,1374,NULL,NULL),(2073,'2854902812262841','','2020-11-24 09:48:08','\0',NULL,0,'Douala','\0','_The economic watch.\n_ The analysis of energy production of the central plant.\n_ The analysis of the load curve in the northern interconnected groups.\nIn the investment program department;\n_ Project of creation of a platform for the programming of the mai','Eneo s.a ',NULL,1897,'2020-08-30 23:00:00','Assistant in the direction in the direction of pla','2020-05-30 23:00:00',755,1383,NULL,NULL),(2074,'2855218394327764','','2020-11-24 09:53:23','\0',NULL,0,'Douala','',NULL,'Gloria group',NULL,1897,'2020-11-24 09:55:47','Ceo 2','2020-07-26 23:00:00',761,1397,NULL,NULL),(2085,'2960127503765342','','2020-11-25 15:01:53','\0',NULL,0,'Clichy','',NULL,'Hidaya',NULL,1877,'2020-11-25 15:01:51','Responsable projet marketing et communication','2019-11-17 23:00:00',748,1386,NULL,NULL),(2137,'3500817047436797','','2020-12-01 20:44:01','',NULL,0,'Paris','','Tenue et révision comptabilité\nMission de compilation\nReporting mensuel\nSupervision des équipes\nEtablissement des déclarations fiscales','Sefico-nexia',NULL,2131,'2020-12-01 21:13:23','Expert-comptable stagiaire, sénior ','2019-07-21 22:00:00',749,1380,NULL,NULL),(2139,'3500789888264484','','2020-12-01 21:12:55','\0',NULL,0,'Paris','\0','Tenue, révision comptable, bilan et liasse\nEtablissement des bulletins de paie et déclarations sociales, rédaction des contrats de travail\nEtablissement des déclarations fiscales et sociales (TVA, IS, DAS2, CVAE, etc.)\nDétachement en clientèle ','Lebrun audiovisuel',NULL,2131,'2019-07-18 22:00:00','Assistante comptable','2017-03-19 23:00:00',749,1380,NULL,NULL),(2140,'3500999356383870','','2020-12-01 21:16:24','\0',NULL,0,'Paris','','Tenue et révision comptabilité\nMission de compilation\nReporting mensuel\nSupervision des équipes\nEtablissement des déclarations fiscales','Sefico-nexia',NULL,2131,'2020-12-01 21:16:25','Expert-comptable stagiaire, sénior','2019-07-21 22:00:00',749,1380,NULL,NULL),(2152,'3545463735418048','','2020-12-02 09:37:29','\0',NULL,0,'Paris','\0',NULL,'Zara france',NULL,1711,'2019-10-06 22:00:00','Vendeuse-caissière ','2015-10-04 22:00:00',771,1377,NULL,NULL),(2153,'3545584061738581','','2020-12-02 09:39:29','\0',NULL,0,'Paris','\0',NULL,'Bred-banque populaire',NULL,1711,'2020-05-03 22:00:00','Conseillère clientèle','2019-12-09 23:00:00',745,1374,NULL,NULL),(2154,'3545671129355571','','2020-12-02 09:40:56','\0',NULL,0,'Neuilly-sur-seine','',NULL,'La banque postale ',NULL,1711,'2020-12-02 09:40:52','Conseillère financière ','2020-08-31 22:00:00',745,1374,NULL,NULL),(2192,'3914306728059770','','2020-12-06 16:04:52','\0',NULL,0,'Lowell, ma','\0',NULL,'Weave visual analytics',NULL,599,'2016-09-30 04:00:00','Senior software engineer','2015-01-02 05:00:00',765,1389,NULL,NULL),(2193,'3914449343375790','','2020-12-06 16:07:14','\0',NULL,0,'Boston, ma','\0','Ingénieur principal, development front end\nMaintenance et development web d\'une application internet.\nDevelopée en React et Typescript','Owneriq',NULL,599,'2019-06-01 04:00:00','Senior software engineer - lead frontend developer','2016-10-01 04:00:00',765,1389,NULL,NULL),(2194,'3914522635074608','','2020-12-06 16:08:28','\0',NULL,0,'Cambridge, ma','',NULL,'Google',NULL,599,'2020-12-06 16:08:27','Software engineer','2019-07-01 04:00:00',765,1389,NULL,NULL),(2215,'4009475083913139','','2020-12-07 18:31:00','\0',NULL,0,'Paris','',NULL,'6',NULL,1987,'2020-12-07 18:30:59','Manager et producteur','2017-12-11 23:00:00',772,1381,NULL,NULL),(2239,'4070962277460322','','2020-12-08 11:35:47','\0',NULL,0,'Pantin','\0','\n','Hermes',NULL,1889,'2019-09-29 22:00:00','Hôtesse d\'accueil ','2018-12-31 23:00:00',747,1377,NULL,NULL),(2240,'4071040368849217','','2020-12-08 11:37:05','\0',NULL,0,'Porte de versaille','',NULL,'Oceania paris porte de versaille',NULL,1889,'2020-12-08 11:37:04','Receptioniste','2020-08-31 22:00:00',782,1406,NULL,NULL),(2309,'951860220775583','','2020-12-20 08:39:55','\0',NULL,0,'Feignies','','Animation, service clients ','Universkids',NULL,2166,'2020-12-20 08:39:53','Employé polyvalent ','2019-02-10 23:00:00',784,1398,'Loisir, animation ',NULL),(2310,'952037714893847','','2020-12-20 08:42:52','\0',NULL,0,'Valenciennes ','','Livraisons de repas aux clients','Uber eats ',NULL,2166,'2020-12-20 08:42:51','Livreur uber eats','2020-06-30 22:00:00',783,1405,NULL,NULL),(2311,'952248941399923','','2020-12-20 08:46:23','\0',NULL,0,'Jenlain','\0','Saisie comptable, facturation, lettrage','Brasserie duyck',NULL,2166,'2019-06-27 22:00:00','Stagiaire dans le service comptabilité','2019-06-02 22:00:00',749,1390,NULL,NULL),(2526,'1132460184564756','','2021-01-04 21:31:56','\0',NULL,0,'Montbard','\0','Développement commercial et stratégie marketing','Metal deploye resistor',NULL,2511,'2019-08-07 22:00:00','Area sales manager','2017-12-31 23:00:00',747,1390,NULL,NULL),(2807,'1396204448852895','','2021-01-07 22:46:24','\0',NULL,0,'Douala','\0','Maintenance des Equipements Alcatel sur le réseau de l\'operateur Orange Cameroun. Installations des nouveaux site, upgrades et migrations, commissioning des sites de transmission, Contrôle qualité des installations.','Simidebis nigeria ltd',NULL,2202,'2016-05-06 23:00:00','Technicien maintenance équipements alcatel','2014-07-31 23:00:00',765,1404,NULL,NULL),(2824,'1400376117801110','','2021-01-07 23:57:11','\0',NULL,0,'Bertoua','\0','Maintenance des sites 2G/3G de l\'operateur MTN Cameroun pour le compte du sous traitant Huawei Cameroun.','Huawei cameroun',NULL,2202,'2016-11-30 23:00:00','Field maintenance engineer','2016-01-31 23:00:00',765,1404,NULL,NULL),(3154,'1881984561228778','','2021-01-13 13:43:59','\0',NULL,0,'Dreux ','','Aide à l’installation d\'entreprises (VRD, réseaux .. )\nAménagement urbain \nGestion des eaux de pluie ','Agglo du pays de dreux ',NULL,2911,'2021-01-13 13:43:59','Chargé d\'opérations ','2018-02-28 23:00:00',738,1407,NULL,'Développement économique / Aménagement opérationnel '),(3168,'1923384492239278','','2021-01-14 01:13:59','\0',NULL,0,'Région de paris','\0',NULL,'Natixis',NULL,3165,'2015-02-01 23:00:00','Technicien helpdesk','2014-06-08 22:00:00',765,1389,NULL,NULL),(3169,'1923473168219489','','2021-01-14 01:15:27','\0',NULL,0,'Région de paris','\0',NULL,'Natixis',NULL,3165,'2017-05-04 22:00:00','Technicien d\'exploitation ','2015-02-01 23:00:00',765,1389,NULL,NULL),(3170,'1923553883956859','','2021-01-14 01:16:48','\0',NULL,0,'Région de paris','',NULL,'Crédit mutuel - cic',NULL,3165,'2021-01-14 01:16:48','Analyste d\'exploitation z/os','2017-05-07 22:00:00',765,1389,NULL,NULL),(3270,'2161203063696882','','2021-01-16 19:17:14','\0',NULL,0,'Douala ','\0','Enregistrement des bons de livraison, des factures d’achats et de ventes\nSuivi des comptes clients et fournisseurs\nFournir les données nécessaires à l\'élaboration des reportings\n\n','Socatuc s.a.',NULL,3194,'2017-07-02 22:00:00','Assistant contrôleur de gestion','2017-02-01 23:00:00',749,1390,NULL,NULL),(3271,'2161356872983237','','2021-01-16 19:20:11','\0',NULL,0,'Langres','\0','Élaboration de la documentation des prix de transferts\nRevue et description des flux\nAnalyse de rentabilité des flux\nContrôle des écarts entre les prévisions et les résultats\nReporting journalier','Freudenberg sealing technologies ',NULL,3194,'2018-08-30 22:00:00','Assistant management control ','2018-05-14 22:00:00',749,1390,NULL,NULL),(3272,'2161501674923432','','2021-01-16 19:22:36','\0',NULL,0,'Paris','\0','Gestion et contrôle des devis et bons de commande sous SAP : Validation - Facturation \nGestion des comptes fournisseurs sous SAP : contrôle des factures - validation factures - suivi du paiement\nAnalyse de la marge ','Publicis luxe',NULL,3194,'2019-07-01 22:00:00','Financial controller assistant','2019-01-01 23:00:00',749,1393,NULL,NULL),(3273,'2161765244650890','','2021-01-16 19:24:55','\0',NULL,0,'Paris ','\0','Audit des notes de frais conformément à la procédure du groupe\nTraitement des factures relatives aux différents périmètres (BDT, DRS, SG)\nParticipation au projet d\'automatisation des notes de frais\nClôture annuelle','Groupe caisse des dépôts ',NULL,3194,'2020-05-02 22:00:00','Contrôleur budgétaire ','2019-11-03 23:00:00',749,1367,NULL,NULL),(3274,'2161733807382721','','2021-01-16 19:26:28','\0',NULL,0,'Paris ','','Comptabilité client / fournisseurs :\nFacturation,\nSuivi des encaissements,\nGestion des impayés\nComptabilité fournisseurs,\nGestion des campagnes de paiements,\nComptabilité générale :\nSaisie des écritures d’encaissement clients, décaissements fournisseurs','Greenaffair ',NULL,3194,'2021-01-16 19:26:28','Comptable','2020-06-01 22:00:00',749,1385,NULL,NULL),(3366,'72000952145273','','2021-01-19 18:10:56','\0',NULL,0,'Montrouge','',NULL,'Engie',NULL,3360,'2021-01-19 18:12:17','Automaticien','2019-06-30 22:00:00',755,1383,NULL,NULL),(3389,'72976868877422','','2021-01-19 18:27:11','\0',NULL,0,'Saint denis','\0',NULL,'Eiffage energie systèmes',NULL,3360,'2019-06-30 22:00:00','Automaticien d\'étude ','2018-09-30 22:00:00',764,1390,NULL,NULL),(3559,'116519114029909','','2021-01-22 00:38:25','\0',NULL,0,'Norcross -atlanta','','Taking calls by assisting customer with their prepaid gift cards','Incomm payments',NULL,3509,'2021-01-22 00:38:20','Cs','2018-10-20 04:00:00',748,1393,NULL,NULL),(3574,'151890657449911','','2021-01-22 10:27:55','\0',NULL,0,'Yaounde','',NULL,'Safvis s.a',NULL,3192,'2021-01-22 10:26:37','Responsable ressources humaines','2018-01-01 23:00:00',734,1368,NULL,NULL),(3613,'222946792816148','','2021-01-23 06:12:11','\0',NULL,0,'Paris','\0','- montage de dossiers de financements, \n- clientele : ETI et GE\n- avis juridique sur dossiers en RJ, sauvegarde et LJ','Bnp paribas',NULL,2579,'2015-10-12 22:00:00','Analyste risques ','2011-02-06 23:00:00',745,1374,NULL,NULL),(3614,'223458302704718','','2021-01-23 06:20:42','\0',NULL,0,'Paris','\0','	Appréciation du Risque Juridique et de Réputation\n	Reporting Déclarations Volontaires OFAC (VSD), Déclarations de Contournement (Circumvention) et Informations Négatives\n	Validation des opérations de trade d’un point de vue Réglementaire et Politiques','Bnp p',NULL,2579,'2019-03-03 23:00:00','Experte en securite financiere','2015-10-04 22:00:00',745,1374,NULL,NULL),(4007,'1150248506472526','','2021-02-08 18:54:43','\0',NULL,0,'Nanterre','',NULL,'Segula technology',NULL,1995,'2021-02-08 18:55:24','Team lead soc','2020-06-30 22:00:00',765,1389,NULL,NULL),(4008,'1150439528297608','','2021-02-08 18:58:29','\0',NULL,0,'Paris','\0',NULL,'Transitions-dd',NULL,1996,'2020-07-30 22:00:00','Administrateur base données/développeur web','2019-03-31 22:00:00',765,1407,NULL,'Développement Durable'),(4083,'1422170868583467','','2021-02-11 22:27:20','\0',NULL,0,'Paris la défense','\0',NULL,'Sgcib',NULL,3292,'2020-12-17 23:00:00','Analyste sécurité financière','2018-01-28 23:00:00',745,1374,NULL,NULL),(4194,'1760822121179231','','2021-02-15 20:31:32','\0',NULL,0,'Levallois perret','\0','Etude de marché, Marketing stratégique, Marketing opérationnel, Stratégie de Communication, stratégie de distribution, stratégie de communication, stratégie digitale, Conception d\'une nouvelle offre en SaaS, Spécifications techniques...','Uti group',NULL,2511,'2021-10-30 22:00:00','Responsable marketing','2014-03-31 22:00:00',775,1389,NULL,NULL),(4197,'1763058923687939','','2021-02-15 21:08:48','\0',NULL,0,'Dijon','\0','- Développement commercial\n- Marketing de l\'offre\n- Stratégie digitale\n- Community management\n- Référencement : Seo / Sea\n- Sites web','Auto entreprise',NULL,2511,'2018-01-01 23:00:00','Consultant','2016-01-31 23:00:00',775,1378,NULL,NULL),(4198,'1763528586668689','','2021-02-15 21:16:38','\0',NULL,0,'Malakoff','\0','études de marché, étude de la concurrence, veille, communication online et offline et documents commerciaux, marketing direct: phoning, e mailing, suivi et reporting, développement commercial, création de contenu et mise a jour du site web.\n','Genigraph',NULL,2511,'2011-09-01 22:00:00','Responsable marketing et commercial','2011-03-31 22:00:00',747,1389,NULL,NULL),(4247,'2151820463522627','','2021-02-20 09:08:10','\0',NULL,0,'Melun','\0','Fabrication de chaussure orthopédique, prise d\'empreinte de pied.','Centre seine-et-marnai de podo orthesiste',NULL,3180,'2018-02-16 23:00:00','Podo-orthesiste','2018-01-31 23:00:00',777,1401,NULL,NULL),(4272,'2194348348444125','','2021-02-20 20:56:58','\0',NULL,0,'Paris ','','Analyse des transactions SWIFT/SEPA\nApplication de la réglementation EU/OFAC en matière  de sanctions\nValidation de flux','Bk consulting pour société générale france',NULL,3957,'2021-02-20 20:57:06','Analyste sécurité financière - sanctions et embarg','2019-10-16 22:00:00',745,1374,NULL,NULL),(4327,'2199196498764060','','2021-02-20 22:17:46','\0',NULL,0,'Paris','\0','Analyse et validation des dossiers d\'ouverture de comptes en EU/USA','Bnp paribas',NULL,3957,'2019-10-15 22:00:00','Chef de projet onboarding','2017-11-30 23:00:00',745,1374,NULL,NULL),(4328,'2199373355110568','','2021-02-20 22:20:43','\0',NULL,0,'Paris','\0','Due diligence, analyse risque blanchiment  des capitaux','Bnp paribas',NULL,3957,'2017-11-29 23:00:00','Chargé d\'analyse kyc ','2016-05-17 22:00:00',745,1374,NULL,NULL),(4329,'2199572025957809','','2021-02-20 22:24:02','\0',NULL,0,'Paris ','\0','Etude actionnariale, analyse financière, contrôle permanent ','Banque publique d\'investissement ',NULL,3957,'2016-02-25 23:00:00','Chargé d\'étude lab (lutte anti-blanchiment )','2015-03-31 22:00:00',745,1374,NULL,NULL),(4333,'2204369698882097','','2021-02-20 23:43:59','\0',NULL,0,'Gennevilliers ','\0','- preventions des risques \n','Engie',NULL,4062,'2020-10-13 22:00:00','Alternante preventrice','2018-10-14 22:00:00',755,1383,NULL,NULL),(4334,'2204431971842314','','2021-02-20 23:45:01','\0',NULL,0,'Bretigny ','\0',NULL,'Joryf',NULL,4062,'2018-10-09 22:00:00','Assistante hse','2008-10-11 22:00:00',738,1377,NULL,NULL),(4335,'2204555646406981','','2021-02-20 23:46:10','\0',NULL,0,'Saintouen','',NULL,'Alstom',NULL,4062,'2021-02-20 23:47:05','Ehs','2021-01-28 23:00:00',757,1375,NULL,NULL),(4349,'2253685176945139','','2021-02-21 13:25:55','\0',NULL,0,'Neuilly sur seine','','Responsable d\'une division/ entité d\'un groupe international, pour une région de l\'europe, la france, je suis en charge de promouvoir la marque dans le pays et d\'assurer les volumes de ventes inhérentes aux marchés de PAC (pompe à chaleur) , DRV (système ','Haier hvac solutions',NULL,2205,'2021-02-21 13:25:55','Responsable de la division hvac france','2020-10-04 22:00:00',738,1376,NULL,NULL),(4759,'2271265637309710','','2021-02-21 18:18:55','\0',NULL,0,'Paris','',NULL,'Alcatel ',NULL,4756,'2021-02-21 18:18:53','Admin base de données ','2017-02-28 23:00:00',765,1404,NULL,NULL),(4885,'2291480309854678','','2021-02-21 23:50:38','\0',NULL,0,'Abidjan','',NULL,'Maison mnek',NULL,3912,'2021-02-21 23:55:49','Co-fondateur','2017-07-14 00:00:00',741,1390,NULL,NULL),(4886,'2291491520970997','','2021-02-21 23:53:36','\0',NULL,0,'Johannesburg','\0',NULL,'Thales dis',NULL,3912,'2019-11-30 00:00:00','Senior sales manager','2010-05-01 00:00:00',747,1389,NULL,NULL);
/*!40000 ALTER TABLE `professional` ENABLE KEYS */;
UNLOCK TABLES;

--
-- Table structure for table `professional_status`
--

DROP TABLE IF EXISTS `professional_status`;
/*!40101 SET @saved_cs_client     = @@character_set_client */;
/*!40101 SET character_set_client = utf8 */;
CREATE TABLE `professional_status` (
  `id` int(11) NOT NULL,
  `id_server` varchar(255) NOT NULL,
  `label` varchar(255) NOT NULL,
  PRIMARY KEY (`id`),
  UNIQUE KEY `UK_fc9uvppyqis203m9mqheyyvc6` (`id_server`)
) ENGINE=InnoDB DEFAULT CHARSET=utf8;
/*!40101 SET character_set_client = @saved_cs_client */;

--
-- Dumping data for table `professional_status`
--

LOCK TABLES `professional_status` WRITE;
/*!40000 ALTER TABLE `professional_status` DISABLE KEYS */;
INSERT INTO `professional_status` VALUES (5,'11559034729500','Etudiant'),(6,'11559035748200','Enseignant'),(7,'11559036679300','Professionnel');
/*!40000 ALTER TABLE `professional_status` ENABLE KEYS */;
UNLOCK TABLES;

--
-- Table structure for table `secondary_education`
--

DROP TABLE IF EXISTS `secondary_education`;
/*!40101 SET @saved_cs_client     = @@character_set_client */;
/*!40101 SET character_set_client = utf8 */;
CREATE TABLE `secondary_education` (
  `id` int(11) NOT NULL,
  `id_server` varchar(255) NOT NULL,
  `active` bit(1) DEFAULT NULL,
  `created_at` datetime NOT NULL,
  `deleted` bit(1) DEFAULT NULL,
  `modified_at` datetime DEFAULT NULL,
  `revision` bigint(20) DEFAULT NULL,
  `city` varchar(255) NOT NULL,
  `current_position` bit(1) DEFAULT NULL,
  `description` varchar(255) DEFAULT NULL,
  `establishment_name` varchar(255) NOT NULL,
  `specialty` varchar(255) DEFAULT NULL,
  `account` int(11) DEFAULT NULL,
  `establishment_type` int(11) DEFAULT NULL,
  `study_level` int(11) DEFAULT NULL,
  `prepared_diploma` int(11) DEFAULT NULL,
  `another_prepared_diploma` varchar(255) DEFAULT NULL,
  `another_study_level` varchar(255) DEFAULT NULL,
  `another_establishment_type` varchar(255) DEFAULT NULL,
  PRIMARY KEY (`id`),
  UNIQUE KEY `UK_nhxvw6ieoh23429mwaq1qkmsj` (`id_server`),
  KEY `FKk3ptaihbdqfncqbwwou95xust` (`prepared_diploma`),
  KEY `FK_o2ypntl0oqre1t4gkekwfvtse` (`establishment_type`),
  KEY `FK_sbaqi5vxvcxexqg00nj4kubhc` (`study_level`),
  KEY `FK_h91sw2cbvc4og7hptcd4fw3ua` (`account`),
  CONSTRAINT `FK_o2ypntl0oqre1t4gkekwfvtse` FOREIGN KEY (`establishment_type`) REFERENCES `establishment_type` (`id`),
  CONSTRAINT `FK_sbaqi5vxvcxexqg00nj4kubhc` FOREIGN KEY (`study_level`) REFERENCES `study_level` (`id`),
  CONSTRAINT `FKk3ptaihbdqfncqbwwou95xust` FOREIGN KEY (`prepared_diploma`) REFERENCES `diploma` (`id`)
) ENGINE=InnoDB DEFAULT CHARSET=utf8;
/*!40101 SET character_set_client = @saved_cs_client */;

--
-- Dumping data for table `secondary_education`
--

LOCK TABLES `secondary_education` WRITE;
/*!40000 ALTER TABLE `secondary_education` DISABLE KEYS */;
INSERT INTO `secondary_education` VALUES (1694,'1653046770797372','','2020-11-10 11:56:51','\0',NULL,0,'Clichy','\0',NULL,'Collège jean-jaurès','Anglais LV1 & Espagnol Lv2',600,721,897,1105,NULL,NULL,NULL),(2020,'2256387677856832','','2020-11-17 11:32:00','\0',NULL,0,'Cape town','\0',NULL,'Lycee nelson mandela','Maths',592,722,901,1109,NULL,NULL,NULL),(2330,'983339581035032','','2020-12-20 17:24:35','\0',NULL,0,'Valenton','\0',NULL,'Collège de valenton','Allemand LV2',600,721,894,1105,NULL,NULL,NULL),(2472,'672501444752398','','2020-12-30 13:45:59','\0',NULL,0,'Cachan','\0',' Les débouchés après un bac ES portent sur les secteurs suivants : Enseignement, Communication, Edition, Publicité, Journalisme, Droit, Commerce, Métiers de la banque, de la finance, Gestion d\'entreprises, Logistique et transports, Métiers du secrétariat ','Lycée polyvalent de cachan',' SES',2468,722,899,1107,NULL,'Seconde Général',NULL),(2753,'1382987060981797','','2021-01-07 19:07:22','\0',NULL,0,'Nanterre','\0',NULL,'Lycée joliot-curie ','Mathématique',2732,722,898,1106,NULL,NULL,NULL),(3083,'1722276120610949','','2021-01-11 17:22:14','',NULL,0,'Douala','\0',NULL,'Lycée chevreul','espagnol',3079,722,903,1108,NULL,NULL,NULL),(3171,'1961952510359309','','2021-01-14 11:56:47','\0',NULL,0,'Le mans ','\0','- Assisatant Architecte\n- Métreur\n- Topographe \n- Dessinateur Autocad ','Lycée professionnel du bâtiment funay ','Techniques de l’architecte et de l’habitat ',2909,729,919,1120,'Aucun ',NULL,NULL),(4343,'2252892854604149','','2021-02-21 13:12:30','\0',NULL,0,'Douala','\0',NULL,'Dominique savio','SVT',2205,722,901,1106,NULL,NULL,NULL);
/*!40000 ALTER TABLE `secondary_education` ENABLE KEYS */;
UNLOCK TABLES;

--
-- Table structure for table `skill`
--

DROP TABLE IF EXISTS `skill`;
/*!40101 SET @saved_cs_client     = @@character_set_client */;
/*!40101 SET character_set_client = utf8 */;
CREATE TABLE `skill` (
  `id` int(11) NOT NULL,
  `id_server` varchar(255) NOT NULL,
  `active` bit(1) DEFAULT NULL,
  `created_at` datetime NOT NULL,
  `deleted` bit(1) DEFAULT NULL,
  `modified_at` datetime DEFAULT NULL,
  `revision` bigint(20) DEFAULT NULL,
  `discipline` varchar(255) DEFAULT NULL,
  `keywords` varchar(255) DEFAULT NULL,
  `label` varchar(255) NOT NULL,
  `skill_mastered` bit(1) DEFAULT NULL,
  `account` int(11) DEFAULT NULL,
  `level` int(11) DEFAULT NULL,
  PRIMARY KEY (`id`),
  UNIQUE KEY `UK_mgwf4f5epvhru88djnobni1vl` (`id_server`),
  KEY `FK25xg7gyx32jtdiuek1fpp4xx9` (`account`),
  KEY `FKirhnfwdwcegn8fstgix349moy` (`level`),
  CONSTRAINT `FK25xg7gyx32jtdiuek1fpp4xx9` FOREIGN KEY (`account`) REFERENCES `account` (`id`),
  CONSTRAINT `FKirhnfwdwcegn8fstgix349moy` FOREIGN KEY (`level`) REFERENCES `level` (`id`)
) ENGINE=InnoDB DEFAULT CHARSET=utf8;
/*!40101 SET character_set_client = @saved_cs_client */;

--
-- Dumping data for table `skill`
--

LOCK TABLES `skill` WRITE;
/*!40000 ALTER TABLE `skill` DISABLE KEYS */;
INSERT INTO `skill` VALUES (1167,'149408030282400','','2020-10-19 10:45:44','\0',NULL,0,'Mathematiques','geometrie, trigonometrie','Geomatrie plane','',1,1101),(1168,'149457454461700','','2020-10-19 16:39:50','\0',NULL,0,'Droit','affaires, droits, public','Droit des affaires','\0',1,1104),(1352,'149424253203700','','2020-10-23 12:14:36','\0',NULL,0,'histoire de l\'Afrique','le peuple Peul et Foulbé','histoire','',1,1102),(1353,'149443534129100','','2020-10-23 12:15:26','\0',NULL,0,'politique de la Chine','chine, politique, la soie','Geopolitique','\0',1,1103),(1354,'149629805131000','','2020-10-23 12:21:22','\0',NULL,0,'philosophie de Freud','freud, psychologie','philosophie','',1,1102),(1355,'149691006136700','','2020-10-23 12:22:23','\0',NULL,0,'psychologie des enfants','enfants, psychologie','Psychologie','\0',1,1103),(1447,'167903912095900','','2020-11-04 08:34:55','\0',NULL,0,'Litterature','books','Writing','',591,1101),(1448,'173286280306600','','2020-11-04 10:04:37','\0',NULL,0,'Mathematiques','calcul des aires','Geometrie','\0',591,1104),(1663,'1552832264691567','','2020-11-09 08:06:36','\0',NULL,0,'Graphic Design, Informatique, Infographie, Logiciel, Site web','Création graphique des pages d\'un site web ou d\'un logiciel, retouche d\'images/photos, design des supports de communication','Web design','',673,1101),(1695,'1653112085083284','','2020-11-10 11:57:55','\0',NULL,0,'Banque','Ouverture de compte client, étude juridique du client, FATCA','Analyse KYC','',600,1101),(1696,'1653161553448339','','2020-11-10 11:58:45','\0',NULL,0,'Banque','Analyse financière, solvabilité du client, scoring','Analyse dossiers de Crédit','',600,1102),(1697,'1653244413946634','','2020-11-10 12:00:08','\0',NULL,0,'Informatique','Fonctions, Tableaux croisés dynamiques, Macro','Excel','\0',600,1104),(1698,'1653331243001581','','2020-11-10 12:01:35','\0',NULL,0,'Informatique','Codage, Java','Developper une application','\0',600,1103),(1703,'1655968739040949','','2020-11-10 12:45:06','\0',NULL,0,'Gestion','Comptabilité','Finance de l\'entreprise','',1699,1101),(1705,'1656223007509331','','2020-11-10 12:49:46','\0',NULL,0,'Economie','Comptabilté','Excel','',1699,1102),(1706,'1656337340657958','','2020-11-10 12:51:41','\0',NULL,0,'Gestion','Logiciel','SAGE','\0',1699,1103),(1734,'1733217991844994','','2020-11-11 10:13:01','\0',NULL,0,'Management ','Réussir sa planification, évaluer les risques d\'un Projets','Planification des Projets','',598,1101),(1742,'1733961365411703','','2020-11-11 10:25:25','\0',NULL,0,'Mathématiques','l\'air','géométrie','',666,1102),(1743,'1734003724277157','','2020-11-11 10:26:07','\0',NULL,0,'Mathématiques','Calcul matriciel','algébre','',666,1102),(1745,'1734048984071632','','2020-11-11 10:26:52','\0',NULL,0,'Informatique','faire des procédures et fonctions','Algorithme','',666,1101),(1746,'1734128302665916','','2020-11-11 10:28:12','\0',NULL,0,'métaphysique','faire de la science tabou.','alchimie','\0',666,1104),(1747,'1734171698636314','','2020-11-11 10:28:55','\0',NULL,0,'métaphysique','comprendre le soi.','philosophie','\0',666,1103),(1758,'1734595344435237','','2020-11-11 10:35:59','\0',NULL,0,'Java','Java EE','Programmation Informatique','',1727,1102),(1759,'1734653258867416','','2020-11-11 10:36:57','\0',NULL,0,'Informatique','Programmation','Langage C','',1727,1102),(1761,'1734691556867153','','2020-11-11 10:37:35','\0',NULL,0,'Informatique','Prise en main rapide','Python','\0',1727,1103),(1771,'1735088489844572','','2020-11-11 10:44:12','\0',NULL,0,'Economie et Gestion','Prevision & gestion','Admimistration','',602,1102),(1772,'1735089505328670','','2020-11-11 10:44:13','',NULL,0,'Economie et Gestion','Prevision & gestion','Admimistration','',602,1102),(1806,'1739404654107586','','2020-11-11 11:56:08','\0',NULL,0,'Mécanique','mécanique du point, mécanique des fluides, mécanique du solide.','Genie mécanique','',1713,1101),(1807,'1740280776043434','','2020-11-11 12:01:50','\0',NULL,0,'Sciences de l\'ingénieur','Amélioration continue et performances industrielles.','Lean manufacturing et Lean management','',1713,1102),(1808,'1740079846190194','','2020-11-11 12:07:23','\0',NULL,0,'BTP','principe de la thermodynamique, thermique et matériaux','Science des matériaux, résistance des matériaux, thermiques et thermodynamique','',1713,1101),(1809,'1740262965430887','','2020-11-11 12:10:26','\0',NULL,0,'Sciences industrielles','CAO et FABLAB','Conception Assistée par Ordinateur,  Fabrication Additive et Processus Industriels','',1713,1101),(1810,'1740616517555361','','2020-11-11 12:16:20','',NULL,0,'Mathématiques','toutes les notions qu\'aborde ces outils.','Intégrales multiples, outils mathématiques pour la mécanique des fluides, point et du solide, gradient, dérivées partielles. ','',1713,1101),(1811,'1740848786354792','','2020-11-11 12:20:14','\0',NULL,0,'anglais','expression et compréhension ','Expression et compréhension orale','\0',1713,1104),(1821,'1747268911951225','','2020-11-11 14:07:12','\0',NULL,0,'SAP','ssss','IT','',619,1101),(1852,'1757810955891481','','2020-11-11 17:02:54','\0',NULL,0,'Mathématiques','Les radians','Géométrie','',1844,1101),(1863,'1776677834609218','','2020-11-11 22:17:21','\0',NULL,0,'Chimie','synthèse','Chimie organique','',1860,1101),(1920,'2032656944501721','','2020-11-14 21:23:40','\0',NULL,0,'génie logiciel','HTML CSS JS','Développement front','',1903,1101),(1926,'2085714703493566','','2020-11-15 12:07:58','\0',NULL,0,'Design vidéo','motion, spot vidéo, publicité, animation vidéo','Motion design','\0',673,1103),(1948,'2102660547771067','','2020-11-15 16:50:26','\0',NULL,0,'Comptabilité','analyse des charges et produits','Gestion de budget','',1943,1102),(1949,'2102660505809869','','2020-11-15 16:50:26','\0',NULL,0,'Comptabilité','analyse des charges et produits','Gestion de budget','',1943,1102),(1950,'2102663521537674','','2020-11-15 16:50:27','\0',NULL,0,'Comptabilité','analyse des charges et produits','Gestion de budget','',1943,1102),(1951,'2102663461240767','','2020-11-15 16:50:28','\0',NULL,0,'Comptabilité','analyse des charges et produits','Gestion de budget','',1943,1102),(1952,'2102663678352075','','2020-11-15 16:50:27','\0',NULL,0,'Comptabilité','analyse des charges et produits','Gestion de budget','',1943,1102),(1953,'2102663678446682','','2020-11-15 16:50:27','\0',NULL,0,'Comptabilité','analyse des charges et produits','Gestion de budget','',1943,1102),(1954,'2102664114161003','','2020-11-15 16:50:28','\0',NULL,0,'Comptabilité','analyse des charges et produits','Gestion de budget','',1943,1102),(1955,'2102665138219049','','2020-11-15 16:50:29','\0',NULL,0,'Comptabilité','analyse des charges et produits','Gestion de budget','',1943,1102),(1956,'2102665659340471','','2020-11-15 16:50:29','\0',NULL,0,'Comptabilité','analyse des charges et produits','Gestion de budget','',1943,1102),(1999,'2197220816613928','','2020-11-16 19:06:46','\0',NULL,0,'immobilier','centres commerciaux/bureau','Immobilier tertiaire','',1900,1102),(2000,'2197314093817793','','2020-11-16 19:08:19','\0',NULL,0,'Anglais','niveau intermédiaire','Anglais','\0',1900,1104),(2001,'2197741098919455','','2020-11-16 19:15:26','\0',NULL,0,'connaissance de soi','toujours avoir une pensée positive','developpement personnel','',1900,1102),(2003,'2198159132094013','','2020-11-16 19:22:24','\0',NULL,0,'immobilier','Bureaux/Centres commerciaux','immobilier tertiaire','',1900,1102),(2038,'2351011156118306','','2020-11-18 13:49:56','\0',NULL,0,'Logistique portuaire ','- Statistiques portuaires - Delai de passage portuaire','Economie des Transports','',602,1102),(2039,'2351023511087775','','2020-11-18 13:50:08','',NULL,0,'Logistique portuaire ','- Statistiques portuaires - Delai de passage portuaire','Economie des Transports','',602,1102),(2061,'2703646741077773','','2020-11-22 15:47:12','\0',NULL,0,'Mathématiques','.','Trigonométrie','',1898,1101),(2195,'3914559372113038','','2020-12-06 16:09:04','\0',NULL,0,'Informatique','informatique','Informatique','',599,1101),(2196,'3914587655534484','','2020-12-06 16:09:33','\0',NULL,0,'Mathématiques','Analyse Réelle','Math appliquées','',599,1101),(2213,'4009404562345227','','2020-12-07 18:29:50','\0',NULL,0,'management de proximité','artiste, management','management','',1987,1101),(2214,'4009407375550690','','2020-12-07 18:29:52','\0',NULL,0,'management de proximité','artiste, management','management','',1987,1101),(2228,'4023898039964016','','2020-12-07 22:31:24','\0',NULL,0,'Banque ','Entrer en relation clients, ouverture de compte client et ect.','Analyse KYC','',1711,1101),(2231,'4023987806941211','','2020-12-07 22:32:53','\0',NULL,0,'Banque','Crédit immobilier, crédit consommation et  ect.','Analyse de dossier de crédit  ','',1711,1101),(2233,'4024142828819963','','2020-12-07 22:35:28','\0',NULL,0,'Banque ','Action, obligation ','Marché financier','\0',1711,1104),(2244,'4071530205206793','','2020-12-08 11:45:17','\0',NULL,0,'Informatique','Calcul numérique, représentation graphique, analyse de données','Excel','',1889,1101),(2245,'4071530297790197','','2020-12-08 11:45:17','\0',NULL,0,'Informatique','Calcul numérique, représentation graphique, analyse de données','Excel','',1889,1101),(2246,'4071532355881305','','2020-12-08 11:45:17','\0',NULL,0,'Informatique','Calcul numérique, représentation graphique, analyse de données','Excel','',1889,1101),(2247,'4071683158591289','','2020-12-08 11:47:48','\0',NULL,0,'Plate-forme hôtellerie','Permet de gérer les fonction de la réception','Opéra','',1889,1101),(2312,'952491016121288','','2020-12-20 08:50:26','\0',NULL,0,'Management ','Théorie, critiques managériales','Management','\0',2166,1103),(2313,'952492402739137','','2020-12-20 08:50:27','\0',NULL,0,'Management ','Théorie, critiques managériales','Management','\0',2166,1103),(2314,'952606450493745','','2020-12-20 08:52:21','\0',NULL,0,'Comptabilité','Peut vous aider à acquérir des bases de la comptabilité','Création de bilan et compte de résultats ','',2166,1102),(2516,'1130064253056497','','2021-01-04 20:52:03','\0',NULL,0,'Marketing ','concevoir et mettre en œuvre une stratégie marketing ','Stratégie marketing','',2511,1101),(2517,'1130215148706145','','2021-01-04 20:54:29','\0',NULL,0,'Marketing','Concevoir et mettre en œuvre une stratégie digital à 360 degrés ','Marketing digital','',2511,1101),(2518,'1130273314524446','','2021-01-04 20:55:28','\0',NULL,0,'Développement commercial','Concevoir et mette ne œuvre une Stratégie de développement commercial','Stratégie et développement commercial','',2511,1101),(2585,'1220620729363091','','2021-01-05 22:01:15','\0',NULL,0,'Banque','expertise securite financiere et analyse financiere','Finance Entreprise','',2579,1101),(3081,'1720122571688655','','2021-01-11 16:46:18','\0',NULL,0,'Droit','Connaissance des dispositifs législatifs et règlementaires relatifs aux RH','Notions avancées de droit social','',3079,1101),(3082,'1723164283373431','','2021-01-11 16:51:58','\0',NULL,0,'Formation','Assurer les besoins quantitatifs et qualitatifs de l\'entreprise en matière de personnel','Etablissement d\'un diagnostic ','',3079,1102),(3155,'1882068295721553','','2021-01-13 13:45:23','\0',NULL,0,'Urbanisme ','Aménagement et gestion des zone d\'activités ','Urbanisme opérationnel ','',2911,1102),(3156,'1882152133269665','','2021-01-13 13:46:46','\0',NULL,0,'Urbanisme ','Fonction publique, Attaché territorial','Concours attaché territorial ','\0',2911,1104),(3278,'2167263002713478','','2021-01-16 20:58:37','\0',NULL,0,'Informatique','Microsoft Excel, Microsoft Word, Microsoft Powerpoint','Pack Office','',3194,1102),(3279,'2168049770144219','','2021-01-16 20:59:32','\0',NULL,0,'Comptable','Saisie des écritures comptables','SAP','',3194,1102),(3280,'2167358119157797','','2021-01-16 21:00:12','\0',NULL,0,'Comptabilité','Saisie des notes de frais','Concur','',3194,1102),(3281,'2167401883726709','','2021-01-16 21:00:56','\0',NULL,0,'Comptabilité','Saisie d\'écritures comptables','Sage Saari','',3194,1102),(3285,'2170364982457516','','2021-01-16 21:50:20','\0',NULL,0,'Droit des données personnelles','RGPD, données personnelles, data ','Numérique ','',3253,1102),(3286,'2170442565281747','','2021-01-16 21:51:37','\0',NULL,0,'Informatique ','Systèmes d’informations, sécurité des SI','Numérique ','\0',3253,1104),(3362,'71532850082971','','2021-01-19 18:03:14','',NULL,0,'Automatisme','Programmation d\'automates','Automation','',3360,1101),(3363,'72103524944120','','2021-01-19 18:03:14','\0',NULL,0,'Tertiaire','Programmation d\'automates Industrielles, Tertiaires ...','Automation','',3360,1101),(3364,'71613519558218','','2021-01-19 18:04:28','\0',NULL,0,'Automatisme du bâtiment','Système de Gestion du bâtiment','Building Automation','',3360,1101),(3365,'71772104692713','','2021-01-19 18:07:07','\0',NULL,0,'Supervision','Suivi et pilotage informatique de procédés de fabrication automatisés','Supervision','',3360,1101),(3535,'107177673254791','','2021-01-21 22:02:42','\0',NULL,0,'Anglais','Les verbes irréguliers','Vocabulaire et grammaire','\0',3415,1104),(3536,'107272309851176','','2021-01-21 22:04:16','\0',NULL,0,'Mathématiques','6ème','fractions','',3415,1101),(3560,'117397023456140','','2021-01-22 00:53:01','\0',NULL,0,'Droit Prive','Assistance durant un recour administratif','Legal counsel','',3509,1102),(3561,'117800469863333','','2021-01-22 00:59:45','\0',NULL,0,'cyber security','take down cyberattacks','Informatique','\0',3509,1104),(3789,'638014978956085','','2021-02-02 20:38:05','\0',NULL,0,'Banque','.','Commerciale ','',3251,1101),(3983,'964732860700817','','2021-02-06 15:23:22','\0',NULL,0,'Banque','Bilan, compte de résultat ','Analyse Financière','',3981,1102),(3984,'964859450091703','','2021-02-06 15:25:29','\0',NULL,0,'Banque','KYC, AML','Evaluer les risques associés à la connaissance client','',3981,1101),(3993,'985524935534523','','2021-02-06 21:09:54','\0',NULL,0,'mathématique, science des matériaux ','Calculs flexion, dureté, torsion','Complexes, statistiques, probabilité, calculs de structure ','',1716,1102),(4009,'1150520846968525','','2021-02-08 18:59:50','\0',NULL,0,'Informatique','Développement Web','PHP','',1996,1101),(4010,'1150569023362025','','2021-02-08 19:00:39','\0',NULL,0,'Sécurité informatique','Analyse Logs & règles','SIEM','',1995,1101),(4073,'1410937290628656','','2021-02-11 19:20:07','\0',NULL,0,'Securité ','Inventaire des risques des postes de travail , dangers et cotation','Analyses des risques','',4062,1101),(4074,'1410972694448186','','2021-02-11 19:20:42','\0',NULL,0,'Qualité ','Auditer un processus','Audits internes','',4062,1102),(4075,'1411015398451906','','2021-02-11 19:21:25','\0',NULL,0,'Santé Sécurité ','Mettre en place des Actions pour ameliorer la SST','Management de la SST','',4062,1101),(4147,'1655210565571406','','2021-02-14 15:11:20','\0',NULL,0,'Volleyball pro','Jeux avec ballon','Sport','',3585,1101),(4177,'1759182627573470','','2021-02-15 20:04:12','',NULL,0,'Marketing stratégique','Définir une stratégie marketing','Stratégie Marketing','',2511,1101),(4178,'1759421671948714','','2021-02-15 20:08:11','\0',NULL,0,'Webmarketing','SEA, SEO','SEA SEO','',2511,1102),(4179,'1759589826085588','','2021-02-15 20:09:57','\0',NULL,0,'Web','concevoir un site web','HTML 5  CSS 3','',2511,1102),(4186,'1759883860415703','','2021-02-15 20:15:53','\0',NULL,0,'Marketing','actions promotionnelles, publicitaires, marketing direct ','Marketing operationnel','',2511,1101),(4190,'1759972735781471','','2021-02-15 20:17:22','\0',NULL,0,'Marketing, commerce','De l\'étude au lancement d\'un nouveau produit, d\'une nouvelle offre ','Lancement produit','',2511,1101),(4191,'1760058933852914','','2021-02-15 20:18:48','\0',NULL,0,'Informatique','Conception de Cahier des charges fonctionnel','Cahier des charges fonctionnel','',2511,1101),(4192,'1760399079989136','','2021-02-15 20:24:15','\0',NULL,0,'Informatique','JavaScript est un langage de programmation de scripts principalement employé dans les pages web interactives et à ce titre est une partie essentielle des applications web.','Javascript ','\0',2511,1103),(4193,'1760498417254842','','2021-02-15 20:26:08','\0',NULL,0,'Gestion financière ','La gestion financière désigne la planification stratégique, l\'organisation, la direction et le contrôle des flux de trésorerie d\'une entreprise','Gestion financière ','',2511,1102),(4253,'2169315195894520','','2021-02-20 13:59:45','\0',NULL,0,'Informatique','Système d\'exploitation','Windows','',1996,1101),(4315,'2197588881266009','','2021-02-20 21:50:58','\0',NULL,0,'Sanctions et Embargos','Analyse Risque','Conformité bancaire ','',3957,1101),(4319,'2197803763317439','','2021-02-20 21:54:33','\0',NULL,0,'Analyse KYC et contrôle permanent ','Lutte anti-blanchiment et financement du terrorisme ','Développement commercial /Gestion portefeuille client','',3957,1101),(4322,'2198194983183078','','2021-02-20 22:01:04','\0',NULL,0,'Analyse financière ','Analyse de ratios de rentabilité / business plan','Capital risque / Investissement ','',3957,1101),(4350,'2253752076978360','','2021-02-21 13:27:02','\0',NULL,0,'Mathématiques , Physiques appliquées','HVAC, climatisation , Froid, climat, environnement , fluides , énergies, consommations','Expert en système climatique','',2205,1101),(4362,'2254257741166233','','2021-02-21 13:35:27','\0',NULL,0,'Economie gestion appliquée','Projet, estimation , business plan , maquette, finances, soutenances','Montage de projet industriel financiers et techniques','',2205,1101);
/*!40000 ALTER TABLE `skill` ENABLE KEYS */;
UNLOCK TABLES;

--
-- Table structure for table `social_interaction`
--

DROP TABLE IF EXISTS `social_interaction`;
/*!40101 SET @saved_cs_client     = @@character_set_client */;
/*!40101 SET character_set_client = utf8 */;
CREATE TABLE `social_interaction` (
  `id` int(11) NOT NULL,
  `id_server` varchar(255) NOT NULL,
  `active` bit(1) DEFAULT NULL,
  `created_at` datetime NOT NULL,
  `deleted` bit(1) DEFAULT NULL,
  `modified_at` datetime DEFAULT NULL,
  `revision` bigint(20) DEFAULT NULL,
  `content` varchar(2000) DEFAULT NULL,
  `account` int(11) DEFAULT NULL,
  `social_interaction_type` int(11) DEFAULT NULL,
  PRIMARY KEY (`id`),
  UNIQUE KEY `UK_byq2iu2y9wsvwdocupvypojph` (`id_server`),
  KEY `FKdexyd2tu7aekweq5mtnq8vfh5` (`account`),
  KEY `FK9t69fhwnpcua6bvm8vdq3eel2` (`social_interaction_type`),
  CONSTRAINT `FK9t69fhwnpcua6bvm8vdq3eel2` FOREIGN KEY (`social_interaction_type`) REFERENCES `social_interaction_type` (`id`),
  CONSTRAINT `FKdexyd2tu7aekweq5mtnq8vfh5` FOREIGN KEY (`account`) REFERENCES `account` (`id`)
) ENGINE=InnoDB DEFAULT CHARSET=utf8;
/*!40101 SET character_set_client = @saved_cs_client */;

--
-- Dumping data for table `social_interaction`
--

LOCK TABLES `social_interaction` WRITE;
/*!40000 ALTER TABLE `social_interaction` DISABLE KEYS */;
/*!40000 ALTER TABLE `social_interaction` ENABLE KEYS */;
UNLOCK TABLES;

--
-- Table structure for table `social_interaction_map`
--

DROP TABLE IF EXISTS `social_interaction_map`;
/*!40101 SET @saved_cs_client     = @@character_set_client */;
/*!40101 SET character_set_client = utf8 */;
CREATE TABLE `social_interaction_map` (
  `id` int(11) NOT NULL,
  `id_server` varchar(255) NOT NULL,
  `element` varchar(255) NOT NULL,
  `social_interaction` int(11) DEFAULT NULL,
  PRIMARY KEY (`id`),
  UNIQUE KEY `UK_1ky1ck7fjfdmmi9rbftn1ssm2` (`id_server`),
  KEY `FK1h9njlbmayh59r32cw7y53hry` (`social_interaction`),
  CONSTRAINT `FK1h9njlbmayh59r32cw7y53hry` FOREIGN KEY (`social_interaction`) REFERENCES `social_interaction` (`id`)
) ENGINE=InnoDB DEFAULT CHARSET=utf8;
/*!40101 SET character_set_client = @saved_cs_client */;

--
-- Dumping data for table `social_interaction_map`
--

LOCK TABLES `social_interaction_map` WRITE;
/*!40000 ALTER TABLE `social_interaction_map` DISABLE KEYS */;
/*!40000 ALTER TABLE `social_interaction_map` ENABLE KEYS */;
UNLOCK TABLES;

--
-- Table structure for table `social_interaction_type`
--

DROP TABLE IF EXISTS `social_interaction_type`;
/*!40101 SET @saved_cs_client     = @@character_set_client */;
/*!40101 SET character_set_client = utf8 */;
CREATE TABLE `social_interaction_type` (
  `id` int(11) NOT NULL,
  `id_server` varchar(255) NOT NULL,
  `label` varchar(255) NOT NULL,
  PRIMARY KEY (`id`),
  UNIQUE KEY `UK_stpa9jka95shwcx4g1wm6gvno` (`id_server`),
  UNIQUE KEY `UK_jenkpmujsgo48djrcmcewfdno` (`label`)
) ENGINE=InnoDB DEFAULT CHARSET=utf8;
/*!40101 SET character_set_client = @saved_cs_client */;

--
-- Dumping data for table `social_interaction_type`
--

LOCK TABLES `social_interaction_type` WRITE;
/*!40000 ALTER TABLE `social_interaction_type` DISABLE KEYS */;
INSERT INTO `social_interaction_type` VALUES (1,'161365514000','LIKE'),(2,'161365567500','COMMENT'),(3,'161365570500','SHARE');
/*!40000 ALTER TABLE `social_interaction_type` ENABLE KEYS */;
UNLOCK TABLES;

--
-- Table structure for table `study_level`
--

DROP TABLE IF EXISTS `study_level`;
/*!40101 SET @saved_cs_client     = @@character_set_client */;
/*!40101 SET character_set_client = utf8 */;
CREATE TABLE `study_level` (
  `id` int(11) NOT NULL,
  `id_server` varchar(255) NOT NULL,
  `description` varchar(255) DEFAULT NULL,
  `label` varchar(255) NOT NULL,
  `education` int(11) DEFAULT NULL,
  `specified` tinyint(1) DEFAULT 0,
  PRIMARY KEY (`id`),
  UNIQUE KEY `UK_jmdv843pnvonbtfhom3i794u1` (`id_server`),
  KEY `FK19p7f1vp5j6un4jr0u5svnvwp` (`education`),
  CONSTRAINT `FK19p7f1vp5j6un4jr0u5svnvwp` FOREIGN KEY (`education`) REFERENCES `education` (`id`)
) ENGINE=InnoDB DEFAULT CHARSET=utf8;
/*!40101 SET character_set_client = @saved_cs_client */;

--
-- Dumping data for table `study_level`
--

LOCK TABLES `study_level` WRITE;
/*!40000 ALTER TABLE `study_level` DISABLE KEYS */;
INSERT INTO `study_level` VALUES (894,'109175364431700','Sixième (6ème)','Sixième (6ème)',438,0),(895,'109175373156700','Cinquième (5ème)','Cinquième (5ème)',438,0),(896,'109175375387400','Quatrième (4ème)','Quatrième (4ème)',438,0),(897,'109175377541200','Troisième (3ème)','Troisième (3ème)',438,0),(898,'109175379615000','Première S (Scientifique)','Première S (Scientifique)',438,0),(899,'109175381826000','Première ES (Économique et social)','Première ES (Économique et social)',438,0),(900,'109175383832800','Première L (Littéraire)','Première L (Littéraire)',438,0),(901,'109175386356800','Terminal S (Scientifique)','Terminal S (Scientifique)',438,0),(902,'109175388462200','Terminal ES (Économique et social)','Terminal ES (Économique et social)',438,0),(903,'109175391086100','Terminal L (Littéraire)','Terminal L (Littéraire)',438,0),(904,'109175393329100','Première STMG (Sciences et technologies du management et de la gestion)','Première STMG (Sciences et technologies du management et de la gestion)',438,0),(905,'109175395738300','Première STD2A (Sciences et technologies du design et des arts appliqués)','Première STD2A (Sciences et technologies du design et des arts appliqués)',438,0),(906,'109175398259800','Première STI2D (sciences et technologies de l\'industrie et du développement durable)','Première STI2D (sciences et technologies de l\'industrie et du développement durable)',438,0),(907,'109175400254800','Première STL (sciences et technologies de laboratoire)','Première STL (sciences et technologies de laboratoire)',438,0),(908,'109175402496900','Première ST2S (sciences et technologies de la santé et du social)','Première ST2S (sciences et technologies de la santé et du social)',438,0),(909,'109175404587400','Première STAV (sciences et technologies de l\'agronomie et du vivant)','Première STAV (sciences et technologies de l\'agronomie et du vivant)',438,0),(910,'109175406961400','Première TMD (technique de la musique et de la danse)','Première TMD (technique de la musique et de la danse)',438,0),(911,'109175408990100','Première STHR (sciences et technologies de l\'hôtellerie et de la restauration)','Première STHR (sciences et technologies de l\'hôtellerie et de la restauration)',438,0),(912,'109175411165400','Terminal STMG (Sciences et technologies du management et de la gestion)','Terminal STMG (Sciences et technologies du management et de la gestion)',438,0),(913,'109175413303400','Terminal STD2A (Sciences et technologies du design et des arts appliqués)','Terminal STD2A (Sciences et technologies du design et des arts appliqués)',438,0),(914,'109175415608900','Terminal STI2D (sciences et technologies de l\'industrie et du développement durable)','Terminal STI2D (sciences et technologies de l\'industrie et du développement durable)',438,0),(915,'109175418957900','Terminal STL (sciences et technologies de laboratoire)','Terminal STL (sciences et technologies de laboratoire)',438,0),(916,'109175420935700','Terminal ST2S (sciences et technologies de la santé et du social)','Terminal ST2S (sciences et technologies de la santé et du social)',438,0),(917,'109175422980500','Terminal STAV (sciences et technologies de l\'agronomie et du vivant)','Terminal STAV (sciences et technologies de l\'agronomie et du vivant)',438,0),(918,'109175425133000','Terminal TMD (technique de la musique et de la danse)','Terminal TMD (technique de la musique et de la danse)',438,0),(919,'109175427187800','Terminal STHR (sciences et technologies de l\'hôtellerie et de la restauration)','Terminal STHR (sciences et technologies de l\'hôtellerie et de la restauration)',438,0),(920,'109175429011600','Seconde professionnelle CAP','Seconde professionnelle CAP',438,0),(921,'109175431024500','Première Professionnelle CAP','Première Professionnelle CAP',438,0),(922,'109175432849500','Seconde professionnelle BEP','Seconde professionnelle BEP',438,0),(923,'109175434977000','Première Professionnelle BEP','Première Professionnelle BEP',438,0),(924,'109175436954300','Seconde CAP','Seconde CAP',438,0),(925,'109175439062800','Première CAP','Première CAP',438,0),(926,'109175441318700','Autres établissements du secondaire','Autres établissements du secondaire',438,1),(927,'109175443426300','Licence 1 (Bac +1)','Licence 1 (Bac +1)',439,0),(928,'109175445325600','Licence 2 (Bac+2)','Licence 2 (Bac+2)',439,0),(929,'109175447236600','Licence 3 (Bac+3)','Licence 3 (Bac+3)',439,0),(930,'109175449100400','Master 1 (Bac+4)','Master 1 (Bac+4)',439,0),(931,'109175451088600','Master 2 (Bac+5)','Master 2 (Bac+5)',439,0),(932,'109175453159600','Doctorat 1 (Bac +6)','Doctorat 1 (Bac +6)',439,0),(933,'109175455316400','Doctorat 2 (Bac +7)','Doctorat 2 (Bac +7)',439,0),(934,'109175457545300','Doctorat 3 (Bac +8)','Doctorat 3 (Bac +8)',439,0),(935,'109175459700800','Première année (Bac +1)','Première année (Bac +1)',439,0),(936,'109175462112800','Deuxième année (Bac +2)','Deuxième année (Bac +2)',439,0),(937,'109175464066900','Classes préparatoires : Bac +1 à Bac +2','Classes préparatoires : Bac +1 à Bac +2',439,0),(938,'109175466067700','Bachelor (Bac+4)','Bachelor (Bac+4)',439,0),(939,'109175467869900','Première année BTS (Bac +1)','Première année BTS (Bac +1)',439,0),(940,'109175470371300','Deuxième année BTS (Bac +2)','Deuxième année BTS (Bac +2)',439,0),(941,'109175473998900','Première année IUT (Bac +1)','Première année IUT (Bac +1)',439,0),(942,'109175476685800','Deuxième année IUT (Bac +2)','Deuxième année IUT (Bac +2)',439,0),(943,'109175479128700','Autres à préciser manuellement','Autres à préciser manuellement',439,1);
/*!40000 ALTER TABLE `study_level` ENABLE KEYS */;
UNLOCK TABLES;

--
-- Table structure for table `subscription`
--

DROP TABLE IF EXISTS `subscription`;
/*!40101 SET @saved_cs_client     = @@character_set_client */;
/*!40101 SET character_set_client = utf8 */;
CREATE TABLE `subscription` (
  `id` int(11) NOT NULL,
  `id_server` varchar(255) NOT NULL,
  `followee` int(11) NOT NULL,
  `follower` int(11) NOT NULL,
  PRIMARY KEY (`id`),
  UNIQUE KEY `UK_944u2nqdi59b2k1ng769xhmxj` (`id_server`),
  KEY `FKryq9bww08kfsgp1jn06ecqwr6` (`followee`),
  KEY `FKg2grnwsk37ktk7ixmgm219dr` (`follower`),
  CONSTRAINT `FKg2grnwsk37ktk7ixmgm219dr` FOREIGN KEY (`follower`) REFERENCES `account` (`id`)
) ENGINE=InnoDB DEFAULT CHARSET=utf8;
/*!40101 SET character_set_client = @saved_cs_client */;

--
-- Dumping data for table `subscription`
--

LOCK TABLES `subscription` WRITE;
/*!40000 ALTER TABLE `subscription` DISABLE KEYS */;
INSERT INTO `subscription` VALUES (2087,'3032942844462954',592,1),(2088,'3054395485251151',1844,600),(2089,'3054480011634332',1943,600),(2090,'3054503663594463',592,600),(2091,'3054523526999250',1699,600),(2092,'3054554213044222',1713,600),(2093,'3054627511480755',673,600),(2094,'3054647643315768',1903,600),(2095,'3054691761947931',619,600),(2097,'3054724021233229',1877,600),(2098,'3054744571951522',653,600),(2099,'3054773693721874',2065,600),(2100,'3054800436437352',1898,600),(2101,'3054830715170123',1727,600),(2103,'3054875046336529',666,600),(2104,'3054885982116714',654,600),(2105,'3054897862151607',1,600),(2106,'3054913143076116',591,600),(2110,'3058486320999019',1943,1),(2111,'3058497619946796',654,1),(2112,'3058525883560394',1727,1),(2114,'3058546761532140',1898,1),(2115,'3058574673606452',619,1),(2116,'3058582929186452',1713,1),(2123,'3142790307846444',602,600),(2124,'3143751695203676',1900,600),(2125,'3144254222052112',2065,1900),(2126,'3144284617804084',600,1900),(2127,'3144401530383758',1713,1900),(2130,'3369057585685038',600,2065),(2138,'3499510367389692',2128,2131),(2141,'3502028521122487',2131,600),(2142,'3505498449596860',600,2131),(2146,'3543781124718268',1995,1711),(2151,'3545228083089675',600,1711),(2160,'3549971383843568',1711,600),(2161,'3639146151925160',1,1727),(2162,'3639165376061170',600,1727),(2163,'3639215320633146',591,1727),(2164,'3639248499269286',2131,1727),(2168,'3648580604073801',1716,2166),(2169,'3648583849646451',1716,2166),(2171,'3650013321827373',2065,619),(2172,'3650025490359289',1713,619),(2176,'3650121486064236',1844,619),(2177,'3650162198268155',599,619),(2187,'3833274478525255',619,599),(2188,'3833275672605965',1943,599),(2197,'3914633862200345',600,599),(2198,'3914746858441197',1716,599),(2200,'3917153306099571',599,600),(2204,'3969856152926164',598,673),(2207,'3999456862563492',2021,2205),(2208,'3999458934124128',598,2205),(2209,'3999461029327286',1898,2205),(2210,'3999463762723713',2021,2205),(2211,'3999466602249668',598,2205),(2219,'4023138970856291',673,1860),(2220,'4023139599825009',1900,1860),(2221,'4023148849586441',599,1860),(2222,'4023161035250614',1943,1860),(2223,'4023187177658018',600,1860),(2225,'4023598011167272',1860,600),(2234,'4024292334819717',1987,600),(2238,'4070535207574588',1889,600),(2252,'4094466036879015',1711,599),(2253,'4094480403057560',1860,599),(2268,'117637874786412',2263,600),(2273,'389802976277702',1844,1713),(2274,'389829801624357',600,1713),(2275,'389846122008365',1900,1713),(2276,'389864349880763',619,1713),(2277,'389880950020521',1,1713),(2278,'389955879924517',1898,1713),(2283,'557103854325799',598,600),(2284,'630196200348506',2263,599),(2285,'630220208014761',1889,599),(2292,'710910115074070',600,1),(2337,'1050767852092435',1,2332),(2343,'1077189912016908',2131,2128),(2390,'530264779252711',1699,2386),(2393,'530328900919796',1,2386),(2402,'530415534284212',2131,2386),(2405,'530435796337582',2128,2386),(2408,'530462285099084',2065,2386),(2411,'530477787831223',1889,2386),(2414,'530497142441631',1711,2386),(2417,'530514327207776',600,2386),(2420,'530546749900342',1943,2386),(2423,'530572463321030',598,2386),(2426,'530612454427679',1903,2386),(2429,'530619457387568',1903,2386),(2432,'661194445731560',619,598),(2435,'661196910692574',619,598),(2438,'661211868640236',619,598),(2441,'661236131245618',673,598),(2444,'661236736091057',673,598),(2447,'661237992782164',673,598),(2454,'661815137914413',1171,1903),(2457,'661826932667652',2202,1903),(2460,'661829268109227',2202,1903),(2463,'661835955422482',602,1903),(2477,'762268609436012',1171,1),(2480,'762307773001511',2202,1),(2487,'1112142084415787',2468,600),(2490,'1112191510786726',2128,600),(2493,'1112220137748482',2386,600),(2513,'1129892586124544',2263,2386),(2519,'1130881679698382',600,2511),(2558,'1167996519056103',2551,600),(2573,'1196531525505957',600,1877),(2576,'1196534778111067',600,1877),(2581,'1220156403647909',600,2579),(2586,'1253636241815396',2579,600),(2598,'1289795628088110',2468,2386),(2601,'1289816694477596',2166,2386),(2604,'1289839427382761',1877,2386),(2607,'1289863657055549',2551,2386),(2610,'1289905196015357',602,2386),(2613,'1289933684872624',1844,2386),(2616,'1289950163844013',1713,2386),(2649,'1379844170072881',600,2641),(2655,'1380009321379879',1727,2641),(2658,'1380010133488640',598,2641),(2661,'1380012734045526',1,2641),(2664,'1380033611644909',2638,2641),(2667,'1380036692419253',1898,2641),(2670,'1380038218118396',2511,2641),(2671,'1380038288688873',1716,2641),(2676,'1380092233107318',1877,2641),(2679,'1380092852777601',1900,2641),(2682,'1380093355379508',2579,2641),(2685,'1380117488201916',619,2641),(2688,'1380118447990118',1889,2641),(2691,'1380134827236168',599,2641),(2694,'1380135458887576',653,2641),(2697,'1380136533637755',2468,2641),(2700,'1380156201559169',1987,2641),(2703,'1380156945113031',2065,2641),(2706,'1380157618561882',1711,2641),(2709,'1380192365545191',2128,2641),(2712,'1380225864873219',591,2641),(2715,'1380252744779332',2551,2641),(2718,'1380274841768042',592,2641),(2721,'1380329996231545',2131,2641),(2724,'1380378431137626',1860,2641),(2735,'1382386870784372',1902,2732),(2736,'1382387176822630',599,2732),(2741,'1382387771536535',1877,2732),(2744,'1382390540005547',1171,2732),(2747,'1382397351822622',599,2732),(2750,'1382408200926358',1902,2732),(2754,'1384283815052943',2641,600),(2758,'1386599515142707',2732,600),(2761,'1387282322861103',600,2732),(2764,'1387285437557402',600,2732),(2767,'1387341427040331',1898,2732),(2770,'1387397154288678',1713,2732),(2776,'1389039158936553',600,2468),(2779,'1389185051357761',2641,2468),(2785,'1389215958468486',2386,2468),(2799,'1394962693450502',2202,2386),(2804,'1395913672827959',2202,600),(2844,'1434212947166261',1,591),(2847,'1434370329808923',591,1),(2883,'1473846504744566',600,2881),(2885,'1473849437431334',600,2881),(2887,'1473850598891611',600,2881),(2892,'1473852902417347',600,2881),(2895,'1474273874180262',1943,2881),(2896,'1474274012788816',1860,2881),(2901,'1478544560395740',600,2332),(2904,'1479589375235392',2332,600),(2913,'1524323116367119',600,2911),(2919,'1525271989969411',2911,600),(2930,'1547236720939208',2166,599),(2933,'1547239132695621',2166,599),(2936,'1547242068749766',2166,599),(2939,'1547281966991011',2128,599),(2986,'1566219092234179',1860,1900),(2989,'1566316768957009',2641,1900),(2994,'1571729960388950',600,2992),(3018,'1572598714112112',2992,600),(3034,'1574197312314389',1713,2992),(3049,'1647197652966194',600,1903),(3050,'1647197653244695',600,1903),(3087,'1725117112973363',3079,600),(3091,'1725424271001336',1877,3079),(3101,'1742829118248237',591,3099),(3104,'1742906944136454',591,3099),(3107,'1742940752835152',1943,3099),(3110,'1742982575699457',1860,3099),(3115,'1788047658845002',600,3079),(3139,'1830467995038701',2732,3135),(3142,'1830471868151132',600,3135),(3147,'1881001866281291',2511,2911),(3159,'1889740995960466',2579,599),(3162,'1889744150247586',2579,599),(3182,'1993998680998777',600,3180),(3185,'1994500943133485',2263,3180),(3188,'1994502486588486',599,3180),(3199,'2073619015292310',2880,3197),(3202,'2073634286341645',600,3197),(3206,'2074322115757342',599,3197),(3209,'2074364468791572',1889,3197),(3212,'2074397099822596',1943,3197),(3215,'2074451509357597',2166,3197),(3218,'2074474631239927',3197,600),(3221,'2074483018266419',598,3197),(3224,'2074532141557658',2638,3197),(3227,'2074611378064282',602,3197),(3256,'2141940635876355',600,3238),(3257,'2141943710222666',600,3238),(3262,'2141945391200931',600,3238),(3275,'2167026845648335',600,3194),(3297,'2251229212517426',2911,2511),(3322,'2339233272971775',600,3320),(3325,'2339236234463024',600,3320),(3331,'2341935737921142',3316,2511),(3334,'2343672439715185',1900,3320),(3343,'2347951496310375',3197,2511),(3346,'2347958390043939',2638,2511),(3354,'2350532262543462',3238,2511),(3357,'2350654066517280',2641,2511),(3369,'72492140783735',599,2511),(3372,'72575099965978',619,2511),(3375,'72648774745947',1877,2511),(3378,'72700027889412',2386,2511),(3489,'94224853036058',600,3486),(3492,'94254874091074',599,3486),(3517,'105117695387984',3509,600),(3527,'105331187236562',600,3509),(3565,'118804106838703',2631,3509),(3575,'157081164339851',3192,600),(3587,'187439233795402',3165,600),(3601,'192110192323997',3598,600),(3607,'218858190558508',599,2579),(3622,'226217110670631',2798,600),(3628,'227588521521167',2511,600),(3631,'227751454794892',2166,600),(3645,'270948810426013',2025,600),(3651,'278955626736189',2511,2638),(3653,'278956400891469',3197,2638),(3656,'278956853353086',2641,2638),(3660,'278994139749004',3486,2638),(3663,'279030890285699',1943,2638),(3666,'279083836957872',2263,2638),(3669,'279150166338058',2166,2638),(3672,'279184279841068',599,2638),(3675,'279217133983747',600,2638),(3678,'280802345100041',2638,600),(3681,'280888589781737',3415,600),(3684,'76237568642247',2881,600),(3707,'151094895889615',599,3509),(3710,'151104944434620',599,3509),(3720,'197840798009677',600,673),(3726,'197935681243069',619,673),(3729,'197968867702621',602,673),(3732,'197979914290487',599,673),(3750,'512328801782332',2798,3145),(3753,'512331571962151',2798,3145),(3756,'512334073320200',599,3145),(3759,'512336118852188',3300,3145),(3762,'512337824238154',3604,3145),(3765,'512355849639684',666,3145),(3768,'512371920709743',1699,3145),(3771,'512412345433695',600,3145),(3774,'512414578191860',600,3145),(3779,'512767574330146',3145,600),(3793,'644957628357181',600,3791),(3802,'645354364275585',3251,600),(3826,'690846184787661',3197,602),(3838,'692290612482852',2511,602),(3844,'692406172158396',3415,602),(3889,'702111357548879',602,2511),(3892,'702148213728222',1699,2511),(3900,'703491522350843',600,3898),(3903,'703582712387039',2511,3898),(3920,'789743079692828',600,3912),(3926,'790156111879713',2992,3912),(3929,'790171008406620',1897,3912),(3932,'790223671111660',2332,3912),(3935,'798990255872070',592,3912),(3950,'799268602121280',1713,3912),(3953,'844454315775051',3596,600),(3961,'867242971684874',3959,600),(3978,'897578472561485',3898,2511),(3985,'964947695213280',600,3981),(4017,'1302804365750986',3604,2511),(4020,'1302824564234184',3990,2511),(4023,'1302841971473634',2166,2511),(4036,'1388541489204007',1727,4031),(4039,'1388550479598807',600,4031),(4047,'1391109800114817',4031,600),(4056,'1397568331058474',599,2128),(4059,'1397621992625583',600,2128),(4064,'1404442978392775',2065,3316),(4070,'1410082059313874',3316,600),(4078,'1414042228954658',3316,2065),(4096,'1464933959931786',3192,2626),(4099,'1464934400393210',3292,2626),(4102,'1464935314143510',2881,2626),(4105,'1464937410909025',3998,2626),(4118,'1506448113547274',600,1889),(4132,'1589069127789914',3292,600),(4154,'1730741185299234',4031,2511),(4157,'1731997171440410',3791,600),(4180,'1759568871689534',1713,1903),(4183,'1759664844910376',2386,1903),(4187,'1759959650539015',2732,1903),(4205,'1780594997592869',3994,600),(4209,'1813154838026929',2511,1),(4220,'1838121159945851',1,2511),(4223,'1844791733741332',3791,599),(4226,'1844801311715194',3509,599),(4229,'1844823131299302',2025,599),(4232,'1844857953826683',2638,599),(4248,'2157690299879868',3180,600),(4258,'2173760076809005',3912,600),(4261,'2173773119696453',1996,600),(4273,'2194804275859319',3957,600),(4281,'2195160024333279',3180,2166),(4291,'2195564878537168',2166,4278),(4294,'2195566170108960',2166,4276),(4297,'2195584290785721',600,4276),(4300,'2195612478782378',600,4278),(4303,'2195624844922672',2021,4279),(4306,'2195770135274463',2025,4279),(4309,'2195935896564501',4276,2166),(4312,'2197397523915502',600,3957),(4316,'2197700255772393',2021,4278),(4336,'2245287145586648',4062,600),(4339,'2248249387379097',600,1699),(4345,'2253439129144624',2205,600),(4359,'2254135493075799',600,2205),(4363,'2254323465374388',1900,2205),(4366,'2254324460389111',1727,2205),(4369,'2254328947649994',4235,2205),(4372,'2254330354386462',666,2205),(4375,'2254335681027807',2386,2205),(4378,'2254337188872641',2631,2205),(4381,'2254342087595371',3238,2205),(4384,'2254346945600665',3959,2205),(4387,'2254351552829690',1699,2205),(4390,'2254356164610904',2131,2205),(4393,'2254360711763205',1889,2205),(4396,'2254365112695505',3604,2205),(4399,'2254366707727646',1860,2205),(4402,'2254408125221127',3251,2205),(4405,'2254420028592795',2878,2205),(4408,'2254421365242216',3265,2205),(4411,'2254444991680022',2468,2205),(4414,'2254445955363664',3350,2205),(4417,'2254450645379339',3912,2205),(4420,'2254452382422155',2641,2205),(4423,'2254457154492951',2579,2205),(4426,'2254458529457022',2511,2205),(4429,'2254555132357206',3099,2205),(4432,'2254556383638554',3791,2205),(4435,'2254560854597348',4068,2205),(4438,'2254562430894621',1996,2205),(4441,'2254705160948875',3585,600),(4444,'2254751901795732',4276,2205),(4447,'2254753129738362',4278,2205),(4450,'2254756849741456',4031,2205),(4453,'2254757793264784',1171,2205),(4456,'2254760851669205',1995,2205),(4459,'2254761865688469',2551,2205),(4462,'2254765810884945',3585,2205),(4465,'2254766660373404',1897,2205),(4468,'2254772534239839',1844,2205),(4471,'2254773923114578',2798,2205),(4474,'2254797291455920',2025,2205),(4477,'2254798521584751',3135,2205),(4480,'2254807538556833',1711,2205),(4483,'2254812260121233',3981,2205),(4486,'2254813767396421',673,2205),(4489,'2254814684532634',3300,2205),(4492,'2254821032622650',3292,2205),(4495,'2254822060349213',2128,2205),(4498,'2254826193876769',1903,2205),(4501,'2254827223384626',602,2205),(4504,'2254863615442521',3316,2205),(4507,'2254864546063136',3990,2205),(4510,'2254867909136261',2640,2205),(4513,'2254868809558618',3249,2205),(4516,'2254871921766946',3509,2205),(4519,'2254872975898386',3287,2205),(4522,'2254876917108800',592,2205),(4525,'2254877979991506',2166,2205),(4528,'2254881463813547',3634,2205),(4531,'2254882680667199',2992,2205),(4534,'2254890128354466',4045,2205),(4537,'2254891133800016',3079,2205),(4540,'2254913352346210',3039,2205),(4543,'2254914318683422',3596,2205),(4546,'2254923526090716',1735,2205),(4549,'2254924536186057',1713,2205),(4552,'2254927545804725',4062,2205),(4555,'2254928794338811',2732,2205),(4558,'2254933563768787',2202,2205),(4561,'2254938144501145',3294,2205),(4564,'2254938865647293',2911,2205),(4567,'2254952014291610',591,2205),(4570,'2254952786182652',3145,2205),(4573,'2254953678053614',4130,2205),(4576,'2254990810002881',3180,2205),(4579,'2254991749810061',3253,2205),(4582,'2254996044560155',3415,2205),(4585,'2254997328357255',653,2205),(4588,'2255002628893727',3318,2205),(4591,'2255003857826004',599,2205),(4594,'2255068545078670',3957,2205),(4597,'2255069880692878',3320,2205),(4600,'2255076103141103',3360,2205),(4603,'2255082565635861',2205,2128),(4606,'2255083020033745',3192,2205),(4609,'2255084172049135',3598,2205),(4612,'2255087612596811',3898,2205),(4615,'2255088431412371',2881,2205),(4618,'2255093202262530',3165,2205),(4621,'2255094252123188',3998,2205),(4627,'2255098953554148',3486,2205),(4630,'2255099895219577',619,2205),(4633,'2255105536448974',1,2205),(4636,'2255112272912258',3195,2205),(4642,'2255113766640216',1773,2205),(4645,'2255114885235964',1987,2205),(4651,'2255120910455261',654,2205),(4654,'2255122128033145',2636,2205),(4657,'2255128703825848',3041,2205),(4660,'2255137732088827',2263,2205),(4663,'2255138045537779',2641,2128),(4666,'2255138930302777',2332,2205),(4669,'2255143982495788',2065,2205),(4672,'2255148169253867',3197,2205),(4675,'2255149703056600',3994,2205),(4678,'2255155542313376',3996,2205),(4681,'2255160344618631',3295,2205),(4684,'2255161165374926',2621,2205),(4687,'2255164890184923',2637,2205),(4690,'2255169433958866',2638,2205),(4693,'2255170551744005',3037,2205),(4696,'2255173955927728',3097,2205),(4699,'2255175057144435',2626,2205),(4702,'2255181183189504',1943,2205),(4705,'2255185448148200',3255,2205),(4709,'2255362748466923',3194,2205),(4712,'2255364087035339',1877,2205),(4715,'2255368766519515',3989,2205),(4718,'2255372935767221',4279,2205),(4721,'2255376871283147',1716,2205),(4728,'2255876033825402',1943,2128),(4731,'2255957016803788',1860,2128),(4734,'2256021723265671',2386,2128),(4741,'2260218680709380',2205,3585),(4744,'2260239487373796',600,3585),(4750,'2266221228188779',2205,4748),(4753,'2266327437472715',600,4748),(4760,'2271534575368966',2205,4045),(4763,'2271757460035658',4045,600),(4766,'2271842695959901',4756,600),(4771,'2272406017244894',1,4045),(4774,'2272428168793760',2638,4045),(4777,'2272439949807724',3509,4045),(4780,'2272441356685472',3981,4045),(4783,'2272450454230061',600,4045),(4786,'2272456583089007',3415,4045),(4789,'2272462301341614',1943,4045),(4792,'2272468167877600',673,4045),(4795,'2272473703157688',598,4045),(4798,'2272479223454661',2332,4045),(4801,'2272484462503733',3165,4045),(4805,'2272490210943085',3292,4045),(4808,'2272505410160256',592,4045),(4811,'2272511988000631',2579,4045),(4814,'2272518354677777',3192,4045),(4817,'2272524139379483',1889,4045),(4820,'2272532306178267',602,4045),(4823,'2272540189619429',619,4045),(4826,'2272545824720898',2025,4045),(4829,'2272554993179580',1844,4045),(4832,'2272560355409751',1711,4045),(4835,'2272567774931668',1900,4045),(4838,'2272583744708713',2641,4045),(4841,'2272594647724591',1860,4045),(4844,'2272602292678100',1727,4045),(4848,'2272619285197797',2468,4045),(4851,'2272625599705289',2128,4045),(4854,'2272633959121781',2131,4045),(4857,'2272640486219151',1877,4045),(4860,'2272658849770460',4031,4045),(4863,'2272671485226029',2065,4045),(4868,'2273254978540263',600,4769),(4876,'2274895772368780',4769,600),(4879,'2274914623391441',4873,600),(4913,'2322199632199768',600,602),(4918,'2324282748512807',4873,2205),(4921,'2324283948842367',4748,2205),(4924,'2324284759799913',4756,2205),(4927,'2324285526270082',4916,2205),(4933,'2324831839899996',2205,2511),(4936,'2325148577488143',2205,4873);
/*!40000 ALTER TABLE `subscription` ENABLE KEYS */;
UNLOCK TABLES;

--
-- Table structure for table `teaching_area`
--

DROP TABLE IF EXISTS `teaching_area`;
/*!40101 SET @saved_cs_client     = @@character_set_client */;
/*!40101 SET character_set_client = utf8 */;
CREATE TABLE `teaching_area` (
  `id` int(11) NOT NULL,
  `id_server` varchar(255) NOT NULL,
  `description` varchar(255) DEFAULT NULL,
  `label` varchar(255) NOT NULL,
  `teaching_area_group` int(11) DEFAULT NULL,
  `education` int(11) DEFAULT NULL,
  PRIMARY KEY (`id`),
  UNIQUE KEY `UK_ox8ks35vdkc9nd83in6u23a1i` (`id_server`),
  KEY `FKr5km3wq5qmfmu05ttam0ojqu3` (`education`),
  KEY `FKh0g8a3pq339qtc9oqllryu034` (`teaching_area_group`),
  CONSTRAINT `FKh0g8a3pq339qtc9oqllryu034` FOREIGN KEY (`teaching_area_group`) REFERENCES `teaching_area_group` (`id`)
) ENGINE=InnoDB DEFAULT CHARSET=utf8;
/*!40101 SET character_set_client = @saved_cs_client */;

--
-- Dumping data for table `teaching_area`
--

LOCK TABLES `teaching_area` WRITE;
/*!40000 ALTER TABLE `teaching_area` DISABLE KEYS */;
INSERT INTO `teaching_area` VALUES (1528,'205958932225300','Droit privé et sciences criminelles','Droit privé et sciences criminelles',1500,NULL),(1529,'205958946545300','Droit public','Droit public',1500,NULL),(1530,'205958949958100','Histoire du droit et des institutions','Histoire du droit et des institutions',1500,NULL),(1531,'205958953230300','Science politique','Science politique',1500,NULL),(1532,'205958958395600','Sciences économiques','Sciences économiques',1501,NULL),(1533,'205958962479600','Sciences de gestion','Sciences de gestion',1501,NULL),(1534,'205958969168100','Sciences du langage : linguistique et phonétique générales','Sciences du langage : linguistique et phonétique générales',1503,NULL),(1535,'205958974047200','Langues et littératures anciennes','Langues et littératures anciennes',1503,NULL),(1536,'205958977310900','Langue et littérature françaises','Langue et littérature françaises',1503,NULL),(1537,'205958980712500','Littératures comparées','Littératures comparées',1503,NULL),(1538,'205958984398500','Langues et littératures anglaises et anglo-saxonnes','Langues et littératures anglaises et anglo-saxonnes',1503,NULL),(1539,'205958987739600','Langues et littératures germaniques et scandinaves','Langues et littératures germaniques et scandinaves',1503,NULL),(1540,'205958991181600','Langues et littératures romanes : espagnol, italien, portugais, autres langues romanes','Langues et littératures romanes : espagnol, italien, portugais, autres langues romanes',1503,NULL),(1541,'205958994559200','Langues et littératures arabes, chinoises, japonaises, hébraïques, d\'autres domaines linguistiques','Langues et littératures arabes, chinoises, japonaises, hébraïques, d\'autres domaines linguistiques',1503,NULL),(1542,'205958999121600','Psychologie et Ergonomie','Psychologie et Ergonomie',1504,NULL),(1543,'205959004058200','Philosophie','Philosophie',1504,NULL),(1544,'205959009959200','Architecture et Arts : plastiques, du spectacle, musique, musicologie, esthétique, sciences de l\'art','Architecture et Arts : plastiques, du spectacle, musique, musicologie, esthétique, sciences de l\'art',1504,NULL),(1545,'205959013738900','Sociologie, démographie','Sociologie, démographie',1504,NULL),(1546,'205959016687300','Anthropologie biologique, ethnologie, préhistoire','Anthropologie biologique, ethnologie, préhistoire',1504,NULL),(1547,'205959019739700','Histoire et civilisations : histoire et archéologie des mondes anciens et des mondes médiévaux ; de l\'art','Histoire et civilisations : histoire et archéologie des mondes anciens et des mondes médiévaux ; de l\'art',1504,NULL),(1548,'205959023009100','Histoire et civilisations : histoire des mondes modernes, histoire du monde contemporain ; de l\'art ; de la musique','Histoire et civilisations : histoire des mondes modernes, histoire du monde contemporain ; de l\'art ; de la musique',1504,NULL),(1549,'205959027410000','Géographie physique, humaine, économique et régionale','Géographie physique, humaine, économique et régionale',1504,NULL),(1550,'205959030239700','Aménagement de l\'espace, urbanisme','Aménagement de l\'espace, urbanisme',1504,NULL),(1551,'205959034583300','Sciences de l\'éducation','Sciences de l\'éducation',1505,NULL),(1552,'205959038280300','Sciences de l\'information et de la communication','Sciences de l\'information et de la communication',1505,NULL),(1553,'205959041380400','Épistémologie, histoire des sciences et des techniques','Épistémologie, histoire des sciences et des techniques',1505,NULL),(1554,'205959044384200','Cultures et langues régionales','Cultures et langues régionales',1505,NULL),(1555,'205959047389600','Sciences et techniques des activités physiques et sportives','Sciences et techniques des activités physiques et sportives',1505,NULL),(1556,'205959051147800','Théologie catholique','Théologie catholique',1505,NULL),(1557,'205959054593400','Théologie protestante','Théologie protestante',1505,NULL),(1558,'205959060614900','Mathématiques','Mathématiques',1507,NULL),(1559,'205959064493700','Mathématiques appliquées et applications des mathématiques','Mathématiques appliquées et applications des mathématiques',1507,NULL),(1560,'205959067300100','Informatique','Informatique',1507,NULL),(1561,'205959072162800','Milieux denses et matériaux','Milieux denses et matériaux',1508,NULL),(1562,'205959076296200','Constituants élémentaires','Constituants élémentaires',1508,NULL),(1563,'205959079333700','Milieux dilués et optique','Milieux dilués et optique',1508,NULL),(1564,'205959084631000','Chimie théorique, physique, analytique','Chimie théorique, physique, analytique',1509,NULL),(1565,'205959088490000','Chimie organique, inorganique, industrielle','Chimie organique, inorganique, industrielle',1509,NULL),(1566,'205959092540100','Chimie des matériaux','Chimie des matériaux',1509,NULL),(1567,'205959096373900','Astronomie, astrophysique','Astronomie, astrophysique',1510,NULL),(1568,'205959100396600','Structure et évolution de la Terre et des autres planètes','Structure et évolution de la Terre et des autres planètes',1510,NULL),(1569,'205959104310800','Terre solide : géodynamique des enveloppes supérieures, paléobiosphère','Terre solide : géodynamique des enveloppes supérieures, paléobiosphère',1510,NULL),(1570,'205959110687200','Météorologie, océanographie physique et physique de l\'environnement','Météorologie, océanographie physique et physique de l\'environnement',1510,NULL),(1571,'205959115313200','Mécanique, génie mécanique, génie civil','Mécanique, génie mécanique, génie civil',1511,NULL),(1572,'205959118598800','Génie informatique, automatique et traitement du signal','Génie informatique, automatique et traitement du signal',1511,NULL),(1573,'205959121158400','Énergétique, génie des procédés','Énergétique, génie des procédés',1511,NULL),(1574,'205959125100700','Génie Électrique, Électronique, optronique et systèmes','Génie Électrique, Électronique, optronique et systèmes',1511,NULL),(1575,'205959129433700','Biochimie et biologie moléculaire','Biochimie et biologie moléculaire',1512,NULL),(1576,'205959132374200','Biologie cellulaire','Biologie cellulaire',1512,NULL),(1577,'205959135589900','Physiologie','Physiologie',1512,NULL),(1578,'205959138461000','Biologie des populations et écologie','Biologie des populations et écologie',1512,NULL),(1579,'205959141911300','Biologie des organismes','Biologie des organismes',1512,NULL),(1580,'205959144589300','Neurosciences','Neurosciences',1512,NULL),(1581,'205959152934900','Sciences physico-chimiques et ingénierie appliquée à la santé','Sciences physico-chimiques et ingénierie appliquée à la santé',1514,NULL),(1582,'205959159208900','Sciences du médicament et des autres produits de santé','Sciences du médicament et des autres produits de santé',1514,NULL),(1583,'205959163150700','Sciences biologiques, fondamentales et cliniques','Sciences biologiques, fondamentales et cliniques',1514,NULL),(1584,'205959168093200','Sciences physico-chimiques et ingénierie appliquée à la santé','Sciences physico-chimiques et ingénierie appliquée à la santé',1515,NULL),(1585,'205959172641700','Sciences du médicament et des autres produits de santé','Sciences du médicament et des autres produits de santé',1515,NULL),(1586,'205959176890000','Sciences biologiques, fondamentales et cliniques','Sciences biologiques, fondamentales et cliniques',1515,NULL),(1587,'205959181331000','Maïeutique','Maïeutique',1516,NULL),(1588,'205959185539300','Sciences de la rééducation et de la réadaptation','Sciences de la rééducation et de la réadaptation',1516,NULL),(1589,'205959188379400','Sciences infirmières','Sciences infirmières',1516,NULL),(1590,'205959194754000','Anatomie','Anatomie',1518,NULL),(1591,'205959198912400','Histologie, embryologie et cytogénétique','Histologie, embryologie et cytogénétique',1518,NULL),(1592,'205959202370200','Anatomie et cytologie pathologiques','Anatomie et cytologie pathologiques',1518,NULL),(1593,'205959206066700','Biophysique et médecine nucléaire','Biophysique et médecine nucléaire',1519,NULL),(1594,'205959209407500','Radiologie et imagerie médicale','Radiologie et imagerie médicale',1519,NULL),(1595,'205959213063000','Biochimie et biologie moléculaire','Biochimie et biologie moléculaire',1520,NULL),(1596,'205959215980300','Physiologie','Physiologie',1520,NULL),(1597,'205959218396800','Biologie cellulaire','Biologie cellulaire',1520,NULL),(1598,'205959221166100','Nutrition','Nutrition',1520,NULL),(1599,'205959224909600','Bactériologie - virologie ; hygiène hospitalière','Bactériologie - virologie ; hygiène hospitalière',1521,NULL),(1600,'205959227827300','Parasitologie et mycologie','Parasitologie et mycologie',1521,NULL),(1601,'205959229958200','Maladies infectieuses ; maladies tropicales','Maladies infectieuses ; maladies tropicales',1521,NULL),(1602,'205959233636100','Épidémiologie, économie de la santé et prévention','Épidémiologie, économie de la santé et prévention',1522,NULL),(1603,'205959236477000','Médecine et santé au travail','Médecine et santé au travail',1522,NULL),(1604,'205959238717100','Médecine légale et droit de la santé','Médecine légale et droit de la santé',1522,NULL),(1605,'205959241537200','Biostatistiques, informatique médicale et technologies de communication','Biostatistiques, informatique médicale et technologies de communication',1522,NULL),(1606,'205959244036000','Épistémologie clinique','Épistémologie clinique',1522,NULL),(1607,'205959248180000','Hématologie ; transfusion','Hématologie ; transfusion',1523,NULL),(1608,'205959250854100','Cancérologie ; radiothérapie','Cancérologie ; radiothérapie',1523,NULL),(1609,'205959253108200','Immunologie','Immunologie',1523,NULL),(1610,'205959255673700','Génétique','Génétique',1523,NULL),(1611,'205959259286200','Anesthésiologie - réanimation ; médecine d\'urgence','Anesthésiologie - réanimation ; médecine d\'urgence',1524,NULL),(1612,'205959262812600','Réanimation ; médecine d\'urgence','Réanimation ; médecine d\'urgence',1524,NULL),(1613,'205959265924100','Pharmacologie fondamentale ; pharmacologie clinique','Pharmacologie fondamentale ; pharmacologie clinique',1524,NULL),(1614,'205959268613200','Thérapeutique','Thérapeutique',1524,NULL),(1615,'205959272500200','Neurologie','Neurologie',1525,NULL),(1616,'205959275641300','Neurochirurgie','Neurochirurgie',1525,NULL),(1617,'205959278267100','Psychiatrie d\'adultes','Psychiatrie d\'adultes',1525,NULL),(1618,'205959280589000','Pédopsychiatrie','Pédopsychiatrie',1525,NULL),(1619,'205959283313700','Médecine physique et de réadaptation','Médecine physique et de réadaptation',1525,NULL),(1620,'205959288534900','Rhumatologie','Rhumatologie',1526,NULL),(1621,'205959291702200','Chirurgie orthopédique et traumatologique','Chirurgie orthopédique et traumatologique',1526,NULL),(1622,'205959293790400','Dermato-vénéréologie','Dermato-vénéréologie',1526,NULL),(1623,'205959296334500','Chirurgie plastique, reconstructrice et esthétique ; brûlologie','Chirurgie plastique, reconstructrice et esthétique ; brûlologie',1526,NULL),(1624,'205959300356300','Pneumologie','Pneumologie',1527,NULL),(1625,'205959303149800','Cardiologie','Cardiologie',1527,NULL),(1626,'205959305453000','Chirurgie thoracique et cardiovasculaire','Chirurgie thoracique et cardiovasculaire',1527,NULL),(1627,'205959308762700','Chirurgie vasculaire ; médecine vasculaire','Chirurgie vasculaire ; médecine vasculaire',1527,NULL),(1636,'205959528297700','Gastroentérologie ; hépatologie','Gastroentérologie ; hépatologie',1628,NULL),(1637,'205959532315900','Chirurgie digestive','Chirurgie digestive',1628,NULL),(1638,'205959534642900','Néphrologie','Néphrologie',1628,NULL),(1639,'205959536903300','Urologie','Urologie',1628,NULL),(1640,'205959541873400','Médecine interne ; gériatrie et biologie du vieillissement, addictologie','Médecine interne ; gériatrie et biologie du vieillissement, addictologie',1629,NULL),(1641,'205959545082700','Chirurgie générale','Chirurgie générale',1629,NULL),(1642,'205959547548900','Médecine générale','Médecine générale',1629,NULL),(1643,'205959551163400','Pédiatrie','Pédiatrie',1630,NULL),(1644,'205959554946300','Chirurgie infantile','Chirurgie infantile',1630,NULL),(1645,'205959558668700','Gynécologie-obstétrique ; gynécologie médicale','Gynécologie-obstétrique ; gynécologie médicale',1630,NULL),(1646,'205959560968400','Endocrinologie, diabète et maladies métaboliques','Endocrinologie, diabète et maladies métaboliques',1630,NULL),(1647,'205959563261400','Biologie et médecine du développement et de la reproduction','Biologie et médecine du développement et de la reproduction',1630,NULL),(1648,'205959567212700','Oto-rhino-laryngologie','Oto-rhino-laryngologie',1631,NULL),(1649,'205959570231700','Ophtalmologie','Ophtalmologie',1631,NULL),(1650,'205959572372500','Chirurgie maxillo-faciale et stomatologie','Chirurgie maxillo-faciale et stomatologie',1631,NULL),(1651,'205959579556000','Pédodontie','Pédodontie',1633,NULL),(1652,'205959582942000','Orthopédie dento-faciale','Orthopédie dento-faciale',1633,NULL),(1653,'205959585172200','Prévention, épidémiologie, économie de la santé, odontologie légale','Prévention, épidémiologie, économie de la santé, odontologie légale',1633,NULL),(1654,'205959589105100','Parodontologie','Parodontologie',1634,NULL),(1655,'205959592898600','Chirurgie buccale, pathologie et thérapeutique, anesthésiologie et réanimation','Chirurgie buccale, pathologie et thérapeutique, anesthésiologie et réanimation',1634,NULL),(1656,'205959595193800','Sciences biologiques (biochimie, immunologie, histologie, embryologie, génétique, anatomie pathologique, bactériologie, pharmacologie)','Sciences biologiques (biochimie, immunologie, histologie, embryologie, génétique, anatomie pathologique, bactériologie, pharmacologie)',1634,NULL),(1657,'205959598599100','Odontologie conservatrice, endodontie','Odontologie conservatrice, endodontie',1635,NULL),(1658,'205959601738300','Prothèses','Prothèses',1635,NULL),(1659,'205959603975500','Sciences anatomiques et physiologiques, occlusodontiques, biomatériaux, biophysique, radiologie','Sciences anatomiques et physiologiques, occlusodontiques, biomatériaux, biophysique, radiologie',1635,NULL);
/*!40000 ALTER TABLE `teaching_area` ENABLE KEYS */;
UNLOCK TABLES;

--
-- Table structure for table `teaching_area_group`
--

DROP TABLE IF EXISTS `teaching_area_group`;
/*!40101 SET @saved_cs_client     = @@character_set_client */;
/*!40101 SET character_set_client = utf8 */;
CREATE TABLE `teaching_area_group` (
  `id` int(11) NOT NULL,
  `id_server` varchar(255) NOT NULL,
  `description` varchar(255) DEFAULT NULL,
  `label` varchar(255) NOT NULL,
  `teaching_area_set` int(11) DEFAULT NULL,
  PRIMARY KEY (`id`),
  UNIQUE KEY `UK_f4h4ji0wfcyp7g7kufslxwbrx` (`id_server`),
  KEY `FKqsyfcods699dixtgn4en0q5hd` (`teaching_area_set`),
  CONSTRAINT `FKqsyfcods699dixtgn4en0q5hd` FOREIGN KEY (`teaching_area_set`) REFERENCES `teaching_area_set` (`id`)
) ENGINE=InnoDB DEFAULT CHARSET=utf8;
/*!40101 SET character_set_client = @saved_cs_client */;

--
-- Dumping data for table `teaching_area_group`
--

LOCK TABLES `teaching_area_group` WRITE;
/*!40000 ALTER TABLE `teaching_area_group` DISABLE KEYS */;
INSERT INTO `teaching_area_group` VALUES (1500,'205958928496400','Droit et politiques','Droit et politiques',1499),(1501,'205958956701800','Sciences économiques et de gestion','Sciences économiques et de gestion',1499),(1503,'205958967551300','Langues','Langues',1502),(1504,'205958997659000','sciences humaines','sciences humaines',1502),(1505,'205959033233900','Sport, Religion, Éducation et Culture','Sport, Religion, Éducation et Culture',1502),(1507,'205959059115100','Mathématiques et Informatique','Mathématiques et Informatique',1506),(1508,'205959070593300','Sciences physiques','Sciences physiques',1506),(1509,'205959082842800','Chimie','Chimie',1506),(1510,'205959095032400','Sciences spatiales et de l’univers','Sciences spatiales et de l’univers',1506),(1511,'205959113970800','Mécanique, informatique, électroniques','Mécanique, informatique, électroniques',1506),(1512,'205959127773000','Biologie et Biochimie','Biologie et Biochimie',1506),(1514,'205959150424800','Personnels enseignants hospitaliers (bi-appartenants)','Personnels enseignants hospitaliers (bi-appartenants)',1513),(1515,'205959166537700','Personnels enseignants-chercheurs (mono-appartenants)','Personnels enseignants-chercheurs (mono-appartenants)',1513),(1516,'205959179643800','Autres sections de santé','Autres sections de santé',1513),(1518,'205959193375400','Morphologie et morphogenèse','Morphologie et morphogenèse',1517),(1519,'205959204847100','Biophysique et imagerie médicale','Biophysique et imagerie médicale',1517),(1520,'205959211896200','Biochimie, biologie cellulaire et moléculaire, physiologie et nutrition','Biochimie, biologie cellulaire et moléculaire, physiologie et nutrition',1517),(1521,'205959223506500','Microbiologie, maladies transmissibles et hygiène','Microbiologie, maladies transmissibles et hygiène',1517),(1522,'205959232297100','Santé publique, environnement et société','Santé publique, environnement et société',1517),(1523,'205959246916300','Cancérologie, génétique, hématologie, immunologie','Cancérologie, génétique, hématologie, immunologie',1517),(1524,'205959258058700','Anesthésiologie, réanimation, médecine d\'urgence, pharmacologie et thérapeutique','Anesthésiologie, réanimation, médecine d\'urgence, pharmacologie et thérapeutique',1517),(1525,'205959271052000','Pathologie nerveuse et musculaire, pathologie mentale, handicap et rééducation','Pathologie nerveuse et musculaire, pathologie mentale, handicap et rééducation',1517),(1526,'205959286912300','Pathologie ostéo-articulaire, dermatologie et chirurgie plastique','Pathologie ostéo-articulaire, dermatologie et chirurgie plastique',1517),(1527,'205959298974400','Pathologie cardiorespiratoire et vasculaire','Pathologie cardiorespiratoire et vasculaire',1517),(1628,'205959524637300','Maladies des appareils digestif et urinaire','Maladies des appareils digestif et urinaire',1517),(1629,'205959539516300','Médecine interne, gériatrie, chirurgie générale et médecine générale','Médecine interne, gériatrie, chirurgie générale et médecine générale',1517),(1630,'205959549778800','Développement et pathologie de l\'enfant, gynécologie-obstétrique, endocrinologie et reproduction','Développement et pathologie de l\'enfant, gynécologie-obstétrique, endocrinologie et reproduction',1517),(1631,'205959565778500','Pathologie de la tête et du cou','Pathologie de la tête et du cou',1517),(1633,'205959577746800','Développement, croissance et prévention','Développement, croissance et prévention',1632),(1634,'205959587334100','Sciences biologiques, médecine et chirurgie buccales','Sciences biologiques, médecine et chirurgie buccales',1632),(1635,'205959597279000','Sciences physiques et physiologiques endodontiques et prothétiques','Sciences physiques et physiologiques endodontiques et prothétiques',1632);
/*!40000 ALTER TABLE `teaching_area_group` ENABLE KEYS */;
UNLOCK TABLES;

--
-- Table structure for table `teaching_area_set`
--

DROP TABLE IF EXISTS `teaching_area_set`;
/*!40101 SET @saved_cs_client     = @@character_set_client */;
/*!40101 SET character_set_client = utf8 */;
CREATE TABLE `teaching_area_set` (
  `id` int(11) NOT NULL,
  `id_server` varchar(255) NOT NULL,
  `description` varchar(255) DEFAULT NULL,
  `label` varchar(255) NOT NULL,
  `education` int(11) DEFAULT NULL,
  PRIMARY KEY (`id`),
  UNIQUE KEY `UK_9qi7qjgv1nw3ocd1b59ph6ah6` (`id_server`),
  KEY `FK2s5sq1scene9139o2ysijp6ij` (`education`),
  CONSTRAINT `FK2s5sq1scene9139o2ysijp6ij` FOREIGN KEY (`education`) REFERENCES `education` (`id`)
) ENGINE=InnoDB DEFAULT CHARSET=utf8;
/*!40101 SET character_set_client = @saved_cs_client */;

--
-- Dumping data for table `teaching_area_set`
--

LOCK TABLES `teaching_area_set` WRITE;
/*!40000 ALTER TABLE `teaching_area_set` DISABLE KEYS */;
INSERT INTO `teaching_area_set` VALUES (1499,'205958898154500','Droit, Sciences politique, Économiques et Gestion','Droit, Sciences politique, Économiques et Gestion',439),(1502,'205958964632200','Lettres et Sciences Humaines','Lettres et Sciences Humaines',439),(1506,'205959056436900','Sciences et techniques','Sciences et techniques',439),(1513,'205959146721800','Pharmacie','Pharmacie',439),(1517,'205959190723200','Médecine','Médecine',439),(1632,'205959574581000','Odontologie','Odontologie',439);
/*!40000 ALTER TABLE `teaching_area_set` ENABLE KEYS */;
UNLOCK TABLES;

--
-- Table structure for table `token`
--

DROP TABLE IF EXISTS `token`;
/*!40101 SET @saved_cs_client     = @@character_set_client */;
/*!40101 SET character_set_client = utf8 */;
CREATE TABLE `token` (
  `id` int(11) NOT NULL,
  `id_server` varchar(255) NOT NULL,
  `created_at` datetime NOT NULL,
  `token` varchar(255) NOT NULL,
  `account` int(11) DEFAULT NULL,
  PRIMARY KEY (`id`),
  UNIQUE KEY `UK_g6cqlajolqvqq1ft3y2wsfquj` (`id_server`),
  UNIQUE KEY `UK_pddrhgwxnms2aceeku9s2ewy5` (`token`) USING HASH,
  KEY `FKck8dkegqatv6k8iq37s50v8dv` (`account`)
) ENGINE=InnoDB DEFAULT CHARSET=utf8;
/*!40101 SET character_set_client = @saved_cs_client */;

--
-- Dumping data for table `token`
--

LOCK TABLES `token` WRITE;
/*!40000 ALTER TABLE `token` DISABLE KEYS */;
INSERT INTO `token` VALUES (1660,'1497467194224974','2021-02-23 10:04:29','eyJhbGciOiJIUzUxMiJ9.eyJzdWIiOiIxMTMwODMyNjYzNjgwMCIsImV4cCI6MTYxNDA3MTk2OSwiaWF0IjoxNjE0MDcxMDY5fQ.Kxv7xez3BVXA_2KYDfk1E8LN6kDlCM8UqNm63isDJiEiHp6Fq7lxv3dvFwBwmk-VG4RsfIACPxSwNyrwZpGDwA',1),(1661,'1552476501203439','2021-02-18 10:58:00','eyJhbGciOiJIUzUxMiJ9.eyJzdWIiOiIxMzE2MzE1MTAyODE1NzYxIiwiZXhwIjoxNjEzNjQ2NzgwLCJpYXQiOjE2MTM2NDU4ODB9.GXpVyRYJ321TWjHbmHetoLDFGN_2ZdK4JFzP039QLEhb_4y5XnxwM3FniETHHpIT4cw_UJarkKr9gM3OexdRsQ',673),(1666,'1560613417625583','2021-02-22 17:08:47','eyJhbGciOiJIUzUxMiJ9.eyJzdWIiOiI3NTEzNzQ2MzU1NjUwNTciLCJleHAiOjE2MTQwMTQ2MjcsImlhdCI6MTYxNDAxMzcyN30.XLF_rfvus-a6eWm_pwJwsOPfN7lBfKn5gk2q_ujpEKZ1Jpy7MeSgxvqk3CRlBzIsz0MkNUExREIfbWbUvimz5A',600),(1700,'1654140157469233','2021-02-21 11:55:25','eyJhbGciOiJIUzUxMiJ9.eyJzdWIiOiIxNjU0MDcwNTc1NzY3NDgzIiwiZXhwIjoxNjEzOTA5NDI1LCJpYXQiOjE2MTM5MDg1MjV9.JBKUsb4fTX4b7YtVj65UCZiYew70AY109y8ypQc-EPkU8Ggir58u05TGDM20HFl6RsRqFxy8kdLUNjPREJjoLg',1699),(1712,'1675361209884237','2021-01-22 14:41:29','eyJhbGciOiJIUzUxMiJ9.eyJzdWIiOiIxNjc1MjM2MTIyNDkyMDM5IiwiZXhwIjoxNjExMzI3Mzg5LCJpYXQiOjE2MTEzMjY0ODl9.SoPvnZnMoh8N6UFVb_UZpsb7EJ8rPi2zHNmjO8SIgPn7cM6RlJuJSHgsBhAXL2SYSo3wU6YmqWrM3eqpTvwGog',1711),(1714,'1680275033425651','2021-02-14 13:56:54','eyJhbGciOiJIUzUxMiJ9.eyJzdWIiOiIxNjgwMjA3NDQ0NzY0NTg4IiwiZXhwIjoxNjEzMzExOTE0LCJpYXQiOjE2MTMzMTEwMTR9.C95qyde8znvKQsMQeU0u6HmXY1ktvtnxTQFActdDMJHIkSncfcPDH4xwzEVXfeAAtBlt6Fealzj_hiy1vYpvxQ',1713),(1715,'1732230699725869','2020-12-30 10:41:22','eyJhbGciOiJIUzUxMiJ9.eyJzdWIiOiI3NDc4MTM0MTM3ODg4NjYiLCJleHAiOjE2MDkzMjU3ODIsImlhdCI6MTYwOTMyNDg4Mn0.PYPiSlNcoyfYqsoFla_yteWIPLfHj7M_vvpaus9QkxY_0TtlYUrJy306hurVxPopcxYP4iSzNSqREBeGm6Hl_g',598),(1717,'1732364530294107','2021-02-22 10:39:51','eyJhbGciOiJIUzUxMiJ9.eyJzdWIiOiI3NTQ2NjI5MjkyNjI2MTYiLCJleHAiOjE2MTM5OTEyOTEsImlhdCI6MTYxMzk5MDM5MX0.tY9UhXymDE0jJPWiUfJgEKCMx2ZwRL37h4f4YMD4CZDsX6QmerFEWyDnR--JNQv19NhxFIhoQs3ZwVzk9CQ2GA',602),(1720,'1732408622401848','2021-02-06 21:10:46','eyJhbGciOiJIUzUxMiJ9.eyJzdWIiOiIxNzMyMjk0MzIxNDgxOTEwIiwiZXhwIjoxNjEyNjQ2NzQ2LCJpYXQiOjE2MTI2NDU4NDZ9.BTfdSiBWDCl9CZBlNI1erLZbsr4B2IujIVdbW4ezE6fXPmUlpOCtLwWaFyhbaqntZaxfZUjaD4rOCk43_cx1Nw',1716),(1724,'1732647139316470','2020-12-23 10:13:17','eyJhbGciOiJIUzUxMiJ9.eyJzdWIiOiIxMzEzMjU1NDUxMTI1MDU2IiwiZXhwIjoxNjA4NzE5Mjk3LCJpYXQiOjE2MDg3MTgzOTd9.r7_4WTwBlH51HqfFoIRkhGHpbdKrCEz_J8U7g7-SidkA6Zlf--PC8IZhNbA4tWoJvLrMJ5Zx4SNK_YRq75ms3w',666),(1733,'1733091921282213','2021-02-18 08:02:58','eyJhbGciOiJIUzUxMiJ9.eyJzdWIiOiIxNzMyODA4ODMzNTAyNTQ0IiwiZXhwIjoxNjEzNjM2Mjc4LCJpYXQiOjE2MTM2MzUzNzh9.KF0Oi2fqN5K12ps5erPl4A_XV4o_LQsRqfv0gQD870Uh5AgDLhPq10DiXl9tMIzmUJh-20QlLYZBjnsksUb1Ug',1727),(1737,'1733312422713728','2020-12-23 10:18:15','eyJhbGciOiJIUzUxMiJ9.eyJzdWIiOiIxNzMzMjM5NDY4ODc3OTYyIiwiZXhwIjoxNjA4NzE5NTk1LCJpYXQiOjE2MDg3MTg2OTV9.6bDxL6_iC-tNCl_8jqGe3wQSaRWcHyhrFmKr5kMJUgV681fmB1kIVY-f-iTPMv_-kpPBa2YkWjfqi9IBdGnDLg',1735),(1774,'1735441265238321','2020-11-11 10:50:16','eyJhbGciOiJIUzUxMiJ9.eyJzdWIiOiIxNzM1NDE3MjU5NjM2MjcxIiwiZXhwIjoxNjA1MDkzNjE2LCJpYXQiOjE2MDUwOTE4MTZ9.IXmua8luyFWMn8d1VFnQf_GEW3kRPsBSnmgDX-8F8FHmVxt-U3nLxVj7Xsb1LyHLudnlLvB66AuPhUA2ik8iUw',1773),(1816,'1747083764093504','2020-12-03 14:51:25','eyJhbGciOiJIUzUxMiJ9.eyJzdWIiOiI4MTM3OTc4OTExMDg0MjkiLCJleHAiOjE2MDcwMDg4ODUsImlhdCI6MTYwNzAwNzA4NX0.kMRUxFE7YMTn28LBdPVJwd8jpLK5AkOxpeCfHOQdS_0S-XTEhkvRBhpVrpHvR1COQMOM38eNBs6K-kYNDjcUhw',619),(1845,'1756573002802563','2021-02-12 13:43:14','eyJhbGciOiJIUzUxMiJ9.eyJzdWIiOiIxNzU2NDMyMDE4MzM4MzE3IiwiZXhwIjoxNjEzMTM4Mjk0LCJpYXQiOjE2MTMxMzczOTR9.WtEwZeQb099Glz7vyfqMN2PnwC0Z2HegkW96FXm9oV2F4OopEk_n7G6V9gSgULD8WBYUMiI2jIAidJOIdsc4Ug',1844),(1861,'1775906334986259','2020-12-07 22:28:51','eyJhbGciOiJIUzUxMiJ9.eyJzdWIiOiIxNzcyODY3OTI4ODM0OTc1IiwiZXhwIjoxNjA3MzgxOTMxLCJpYXQiOjE2MDczODAxMzF9.qAuHuVChq9uL0r4gGI4bTLc-n0YxdSTVCTto2e72A4jhRNo4ZeosBgCTHH4axBnukegup_P7gE63V-uMdNrHXQ',1860),(1878,'1826422269307024','2021-01-05 15:20:22','eyJhbGciOiJIUzUxMiJ9.eyJzdWIiOiIxODI2MDEzMTQ3NjcyOTY5IiwiZXhwIjoxNjA5ODYwOTIyLCJpYXQiOjE2MDk4NjAwMjJ9.h0GzcY_14K0P0zDGUnPVwub8WBl_jEhlmKyicf8cfLfGRIOhP1MgbsRLmha_NZE34Gmc3gefCNF5kZTBCIrKdw',1877),(1890,'1932555611803145','2021-02-12 22:02:13','eyJhbGciOiJIUzUxMiJ9.eyJzdWIiOiIxOTMyMzI0ODg3NjI1MDczIiwiZXhwIjoxNjEzMTY4MjMzLCJpYXQiOjE2MTMxNjczMzN9.Gxz9EB6Z-9H1p2LTpqmYy3KPPWWvzZqMR33jtAtm77zgKmFqDuceQYPtJYWUcIJz5fhyi1S0As-g5ng-HQEe1A',1889),(1899,'2004902469525838','2021-02-02 10:08:04','eyJhbGciOiJIUzUxMiJ9.eyJzdWIiOiIxOTg3ODQ3NjgzNDY2NTc4IiwiZXhwIjoxNjEyMjYxMzg0LCJpYXQiOjE2MTIyNjA0ODR9.nv8kA0hXsxCR43U6uikesAXOPRw7mu-enp1xfhoroJWBK9YMQrFpmh_ut0RFMYHG_lSvkrs76AOeVNi_Pjbz9Q',1897),(1901,'2015733747535151','2021-02-20 22:39:24','eyJhbGciOiJIUzUxMiJ9.eyJzdWIiOiIyMDE1NjU1NjExMDc3OTA5IiwiZXhwIjoxNjEzODYxNjY0LCJpYXQiOjE2MTM4NjA3NjR9.OzJZ8G3XjE6jtm3D-hOwul46ADlTTRmDQU68j1-e1njddHavKRj_1cdwxGOhoVjZBhfzDTZ3Fei4IF3phuMwhg',1900),(1904,'2029059311454106','2021-02-15 20:26:32','eyJhbGciOiJIUzUxMiJ9.eyJzdWIiOiIyMDI4NzM4MDAyNDkyOTI3IiwiZXhwIjoxNjEzNDIxNjkyLCJpYXQiOjE2MTM0MjA3OTJ9.G_vYuNADiiDX2I3ymEDIMNh-h5Pok34b1j8c_7oj_PV_EbfLwJRio6PTu6HnzHmo_Q_KPyU4odORGbzuYZnhAw',1903),(1922,'2057074831182867','2020-11-16 04:32:51','eyJhbGciOiJIUzUxMiJ9.eyJzdWIiOiIyMDI3OTkwMjUxMzQwNzQzIiwiZXhwIjoxNjA1NTAyOTcxLCJpYXQiOjE2MDU1MDExNzF9.L8LaK03VX8nRRxim5oUgHNQTy1hxzZFmVo8-Bi6V440QJHNjor2JESNL0y2ySgnLIoCyljOrNWa7Y_Kyl5Rkpw',1902),(1944,'2101604278487838','2021-01-20 19:08:49','eyJhbGciOiJIUzUxMiJ9.eyJzdWIiOiIyMTAxMzQwMjEzNDQ2MzczIiwiZXhwIjoxNjExMTcwNjI5LCJpYXQiOjE2MTExNjk3Mjl9.xLFKe5wzEZySU7WsSkUTGGCSZZ1SZX23yv-czxD5YhjugXwfV1L7zq7bs4Ef11uNJr_F2Y7RmrHmBh4bKNY5iQ',1943),(1962,'2115489776600750','2020-11-22 16:03:14','eyJhbGciOiJIUzUxMiJ9.eyJzdWIiOiIxOTk4OTUwMzc1ODA5MjM0IiwiZXhwIjoxNjA2MDYyNzk0LCJpYXQiOjE2MDYwNjA5OTR9.n4KOcYWM3y0vz-sVSqB5DOC7b9DkFMC7PeQkCgKEI6sotGpA9tSj3AZsZRtJ7MCxAIW6VOmtZU1jaSgY3Z041w',1898),(1988,'2166439649556944','2020-12-07 18:32:55','eyJhbGciOiJIUzUxMiJ9.eyJzdWIiOiIyMTY2MzA3MzQ4NzQ0Mjg3IiwiZXhwIjoxNjA3MzY3Nzc1LCJpYXQiOjE2MDczNjU5NzV9.6Ys292qQKst2loWgWqyxBehG3jombnde9x2aS_yJR9MYMFUx8w_AdoaUyq3pBNvcdg9F8W89mvj5J0H-GGj2KQ',1987),(1994,'2187798345045546','2021-02-21 18:31:08','eyJhbGciOiJIUzUxMiJ9.eyJzdWIiOiI3NTEzMzU2MDUwNjY4MTMiLCJleHAiOjE2MTM5MzMxNjgsImlhdCI6MTYxMzkzMjI2OH0.Yt-MqW2MQh-KxFPaDmf6HVJc8WFND7ofTx7EsVCwX-6f28Z-co8g3b86pd126FPiwWhTk1VwtQ2QgLYNn3sjcg',599),(1997,'2193945311067162','2021-02-20 14:05:20','eyJhbGciOiJIUzUxMiJ9.eyJzdWIiOiIyMTkzNjQyODI5NDM3ODUyIiwiZXhwIjoxNjEzODMwODIwLCJpYXQiOjE2MTM4Mjk5MjB9.5HsKmBQnr88rJGsON8x_-sc02aB-juK7IA9J2yf5n3jkNPMFGi7EbDuGCpD2rCIO5D4SsCzHaEm5skRhKfUZlg',1996),(1998,'2194105543261406','2021-02-08 19:07:31','eyJhbGciOiJIUzUxMiJ9.eyJzdWIiOiIyMTkzNjA1NjM2MzQ4MjQ5IiwiZXhwIjoxNjEyODEyMTUxLCJpYXQiOjE2MTI4MTEyNTF9.WVX2-xKYvDsC4PBah8UuCmQ3ySUPWlcNwL1ViIbXyyJ7AWH5wWaltPupbGOArbEqGAb4RHLMQmDY5ngRYzxNbA',1995),(2016,'2256057816382023','2020-11-19 11:04:27','eyJhbGciOiJIUzUxMiJ9.eyJzdWIiOiI2NzcxMTI2MDY4NDYwMCIsImV4cCI6MTYwNTc4NTY2NywiaWF0IjoxNjA1NzgzODY3fQ.u0tS8YIoxwg3hWmwrCYTsmVI1pT20873rTSWtlJdBYsWjC61SjZH_MAWd4nyLNjAq-vHVJuweJnKtvnJvJyeow',592),(2022,'2295074837279906','2021-02-21 17:45:34','eyJhbGciOiJIUzUxMiJ9.eyJzdWIiOiIyMjk0OTg4NzM3NDk1MDkwIiwiZXhwIjoxNjEzOTMwNDM0LCJpYXQiOjE2MTM5Mjk1MzR9.ABC0CYIJjSMWTIZ8fULmD30P-6mntu_xlrt0igVmEDJAScNsQN1OVmgIc6LPvry7brbx2xrUFBc41W0j_m4v7w',2021),(2026,'2313542652021557','2021-01-23 18:23:33','eyJhbGciOiJIUzUxMiJ9.eyJzdWIiOiIyMzEzNDgwNjg0MDQwMDgwIiwiZXhwIjoxNjExNDI3MTEzLCJpYXQiOjE2MTE0MjYyMTN9.SHId5ROs5ZydWGILTIVk0O6yv5PnqsknrSWSjr95Wtt_iV3UBLN4ndZMg-AbRl0rZ_MeeK-JBQ-57IX_3rn7BQ',2025),(2066,'2719746216868988','2021-02-11 20:12:44','eyJhbGciOiJIUzUxMiJ9.eyJzdWIiOiIyNzE5Njk5MjE2NDk5ODkxIiwiZXhwIjoxNjEzMDc1MjY0LCJpYXQiOjE2MTMwNzQzNjR9.9Ye7fXoJdfcTOw8Sv_jg1Kybw6EBbIkjK45hPyWcvI5dn46YKWCSXdxCyhuijXJobL8p67HOCzI3jrXM7JNylQ',2065),(2129,'3303759327056248','2021-02-21 14:06:15','eyJhbGciOiJIUzUxMiJ9.eyJzdWIiOiIzMzAzNTY1NTg1MDYyMTAyIiwiZXhwIjoxNjEzOTE3Mjc1LCJpYXQiOjE2MTM5MTYzNzV9.42R1oTB9VpxJJ_wXCI-xdaiKhCvgyf6Rlj5e1aqehY8uPgW7jWvgr4gShviriGvqV3MIZENG63Uf-lyldCyELA',2128),(2132,'3497746216486815','2020-12-26 21:48:29','eyJhbGciOiJIUzUxMiJ9.eyJzdWIiOiIzNDk3MzM1NTkxMjExMTkyIiwiZXhwIjoxNjA5MDIwMjA5LCJpYXQiOjE2MDkwMTkzMDl9.mbSRArik4G7677w4o1MTZYoiZbDXBvMqT9wMHNNkKs49UI1-cipV-_K2-znDOtNTxiKrjhEtt9rWP3oqrs0A0A',2131),(2167,'3648564223938210','2021-02-20 21:29:16','eyJhbGciOiJIUzUxMiJ9.eyJzdWIiOiIzNjQ4NDIzNTEzNzYzODc2IiwiZXhwIjoxNjEzODU3NDU2LCJpYXQiOjE2MTM4NTY1NTZ9.6wgSocumgfOGlljCWIKAbFLRsOlIz0AIdyTTv-TxtJvreQCAg1JxJuwE5-gHLWasfH7x0mHg2v6JEGMucLY3Ig',2166),(2203,'3922125624413666','2021-02-04 00:09:27','eyJhbGciOiJIUzUxMiJ9.eyJzdWIiOiIzOTIyMDI2MjU3NTI1MjkzIiwiZXhwIjoxNjEyMzk4MjY3LCJpYXQiOjE2MTIzOTczNjd9.mITjYnj_OUStzhDU5GXhLbJMVIi2cfTJa0oLjV6J8xILTeBi9ggOPyQApGHZ-2bpC2all-Ew_uvw56hOLmQeCA',2202),(2206,'3999434668562277','2021-02-22 09:02:47','eyJhbGciOiJIUzUxMiJ9.eyJzdWIiOiIzOTk5MzM1OTk2NjMxMzk1IiwiZXhwIjoxNjEzOTg1NDY3LCJpYXQiOjE2MTM5ODQ1Njd9.twszYK9gyFjnOOM1qvEMRLgvK5_OeIHvXszM3dYyQL3h8D5KqYK3nufk6WVUmGarBZMpmHux-DyIxIBLe3gz4Q',2205),(2264,'98620665291420','2021-02-03 19:15:11','eyJhbGciOiJIUzUxMiJ9.eyJzdWIiOiI5ODUyMjk4MzcxNTk1MiIsImV4cCI6MTYxMjM4MDYxMSwiaWF0IjoxNjEyMzc5NzExfQ.0cYk0gFvrtRlqdHx-Tbl6Uvr4VPLqdVynJqgkccNpHD7kNWkJppp6HsNEAz6Q617QpxTISZW-yldu6SykB-XMg',2263),(2281,'395557949678341','2020-12-13 22:08:38','eyJhbGciOiJIUzUxMiJ9.eyJzdWIiOiIzOTU0MDU2OTc1MDMxNDgiLCJleHAiOjE2MDc4OTkxMTgsImlhdCI6MTYwNzg5NzMxOH0.7kYtxd2vH4WbUFlg9gMBCwo8YPLVIMl_hPdD1qYBrFip4MgI5GhxalO7skH4LhTfPNkpRXfvskIOe8rG3XoywQ',2280),(2333,'1046876962536395','2021-02-14 14:23:00','eyJhbGciOiJIUzUxMiJ9.eyJzdWIiOiIxMDQ2NzU3OTQ3NjgwNDg1IiwiZXhwIjoxNjEzMzEzNDgwLCJpYXQiOjE2MTMzMTI1ODB9.NCmAQ6fWnzxty_dGziUPGN4wnu88vAIj4EdZiY1D4PS9GRI0smBx3ExDC25RAn8SOuAUo5dsikc3FdHXoWsj0g',2332),(2387,'529503511657890','2021-01-10 00:04:44','eyJhbGciOiJIUzUxMiJ9.eyJzdWIiOiI1MjkzNzQ5MDUzMzY3NzMiLCJleHAiOjE2MTAyMzc5ODQsImlhdCI6MTYxMDIzNzA4NH0._RmCtzfPhLcfPASpSDeIAYFceDB9lPSEE0mZD7F9_nsAz8T8cLaK3oytv5yNiamLPNltqhj96buFKC6lhxzjvA',2386),(2469,'671117274385703','2021-01-07 20:52:26','eyJhbGciOiJIUzUxMiJ9.eyJzdWIiOiI2NzA0MzgyNTg1MjQ2MzEiLCJleHAiOjE2MTAwNTM2NDYsImlhdCI6MTYxMDA1Mjc0Nn0.MpTCku3ppYHKR8XAX9vrc839RIA6yNG0OLBFoF5NUVWY0YYtNPer5GFC6bAwdmxbfmjtiVvdb7Ntx2L1rvm6Kg',2468),(2512,'1129450589698395','2021-02-22 09:12:32','eyJhbGciOiJIUzUxMiJ9.eyJzdWIiOiIxMTI5MjQ2Njc1MjUyNDYzIiwiZXhwIjoxNjEzOTg2MDUyLCJpYXQiOjE2MTM5ODUxNTJ9.AXdwGOS9xcAqH1gBqvncAr0L8kUDvBt_ddqp4-cWj5Y3iXNeQVCwhlpCXnlIEuA7iGdCcBMAmsBo9uWqwXp07w',2511),(2552,'1148805002460228','2021-01-05 02:27:31','eyJhbGciOiJIUzUxMiJ9.eyJzdWIiOiIxMTQ4NjgxODExODA3NTAzIiwiZXhwIjoxNjA5ODE0NTUxLCJpYXQiOjE2MDk4MTM2NTF9.FA2mB3V5OdVzK1Rv9BkWeFy9wtJNi4Uf5JA_QHm7b1UjOoUwkeo12gFUM-3AOaFg_kc3lnd34QPYESnrArU4Pg',2551),(2580,'1210438513880526','2021-01-23 15:36:50','eyJhbGciOiJIUzUxMiJ9.eyJzdWIiOiIxMjEwMTM0NzYyMDQxMjg3IiwiZXhwIjoxNjExNDE3MTEwLCJpYXQiOjE2MTE0MTYyMTB9.g4K_osrwL0g5nEFrLX1cCwaJyR4U7u4tArfjCa1YjSr95A6mbIIJolFFS1pW7D1eDVjua8PkxdKte0FP9bDAuA',2579),(2622,'1300084854697716','2021-01-11 10:48:20','eyJhbGciOiJIUzUxMiJ9.eyJzdWIiOiIxMjk5OTYwMDU1MTA4OTY5IiwiZXhwIjoxNjEwMzYzMDAwLCJpYXQiOjE2MTAzNjIxMDB9.vUC-pmehRVkJscVe5Rz-LrjV-zkeb9vgKU5M-qlY2UHxXMAc68n1rZ-x9N-zCMjhlMUTu3yXab1JU9mjSCBddA',2621),(2627,'1306274623315013','2021-02-12 10:20:11','eyJhbGciOiJIUzUxMiJ9.eyJzdWIiOiIxMzA1NzQ4OTE1Mjk5NTg4IiwiZXhwIjoxNjEzMTI2MTExLCJpYXQiOjE2MTMxMjUyMTF9.GFnTu73F4sswDVXvp0Xy_OMQQ1NdC_idK_pexjrVC02owSSH5H9_0gtYHPMRYM3dNmWwNqXastVi-g4J6alCgw',2626),(2632,'1309820465692629','2021-02-22 18:05:46','eyJhbGciOiJIUzUxMiJ9.eyJzdWIiOiIxMzA5NDA3MjMzNzc5MDQ2IiwiZXhwIjoxNjE0MDE4MDQ2LCJpYXQiOjE2MTQwMTcxNDZ9.oCv6b8aGFCaAl0sFJiapOMMYeLtK8Y7SGapZtt4gdcAqQEYRNw2Rr2zfdFKJrZGDxwEm4m-yCi_yeAq3t1gq-A',2631),(2639,'1369837705941382','2021-01-23 21:51:45','eyJhbGciOiJIUzUxMiJ9.eyJzdWIiOiIxMzY5NzYxNzM3NzY4NjIzIiwiZXhwIjoxNjExNDM5NjA1LCJpYXQiOjE2MTE0Mzg3MDV9.QGU39kBnrEW7d7V9Ig1gZmSQHyHVpqAbYAcqzTgPQ3xnnFwCuFHHq7yxvB4u9agCkmxTeItq8KGvnydW9_vHnw',2638),(2642,'1379656899834151','2021-02-20 15:36:08','eyJhbGciOiJIUzUxMiJ9.eyJzdWIiOiIxMzc5NTUzMzQ4NjQyMjU0IiwiZXhwIjoxNjEzODM2MjY4LCJpYXQiOjE2MTM4MzUzNjh9.QLoK19HTHx6-CySpanJLVyYvbqCr2BlotxjCOm0Rt_joJekEs23SZY1etfb-295oX8IR-xWY-IHe7xqY3eL_yA',2641),(2734,'1382350747322609','2021-01-12 23:58:14','eyJhbGciOiJIUzUxMiJ9.eyJzdWIiOiIxMzgxNzEyMjE1NjAyNjc2IiwiZXhwIjoxNjEwNDk2Nzk0LCJpYXQiOjE2MTA0OTU4OTR9.04yLOO1oLixSr1GVx8LJVwrXFOMHP3HlTyNJoRTpWWoCErx7-kYY9LgsM6tM6yNXUNu-SjS19HAkZetNOwqv7Q',2732),(2802,'1395118751296808','2021-01-23 05:55:43','eyJhbGciOiJIUzUxMiJ9.eyJzdWIiOiIxMzk0ODIxMjY4NzczODYwIiwiZXhwIjoxNjExMzgyMjQzLCJpYXQiOjE2MTEzODEzNDN9.eCzV0_hoCkmUOghrmKkTRkTEGsypilGUzra3I4QjQqoLPBL_VAEqaBWYJ4g7WguTP25L6qLniEPlp_sSIPmrFw',2798),(2843,'1434125132978059','2021-02-23 09:58:54','eyJhbGciOiJIUzUxMiJ9.eyJzdWIiOiI2NzY2NTYzNzA4MDcwMCIsImV4cCI6MTYxNDA3MTYzNCwiaWF0IjoxNjE0MDcwNzM0fQ.qJwnGNU82jCELpc8CCEzuSvJdtRxo3HmDio3Cb4FyeiRCDeVzywKCJcFNkBnXSx35TAGTjTGxbi_szXu7XQUDQ',591),(2879,'1469228750632606','2021-01-08 19:46:25','eyJhbGciOiJIUzUxMiJ9.eyJzdWIiOiIxNDY4ODYwMjk3ODEzMzg1IiwiZXhwIjoxNjEwMTM2MDg1LCJpYXQiOjE2MTAxMzUxODV9.wGVQaPpG6LkWmDtx2YH5BzwGByFbbGq2BimHR5d0yfAae207Z_VkXir9Ok43tQg_rF9qLiDxLMwxENPgCH6fmQ',2878),(2882,'1473783267854571','2021-01-08 20:29:20','eyJhbGciOiJIUzUxMiJ9.eyJzdWIiOiIxNDczNjMyMzYzMzkwMjg2IiwiZXhwIjoxNjEwMTM4NjYwLCJpYXQiOjE2MTAxMzc3NjB9.ZJlARrp0UfH9jkJU-B3k7txKyyQDlqf9AVh5N-2TQXxwfGMrByBHmT7Qm1CUzQPnChLDXiKTO-Rfqs6lL6xSUw',2881),(2910,'1483851417244140','2021-01-14 12:24:57','eyJhbGciOiJIUzUxMiJ9.eyJzdWIiOiIxNDgyNjU0OTIxMDc1ODI3IiwiZXhwIjoxNjEwNjI3OTk3LCJpYXQiOjE2MTA2MjcwOTd9.2HWpQ3oBLrY2w8lYcQat3XhbivPLQMu55vjWTSxZC3tEymzud8pVcBtJVcKSQlCRQHj9ldwY4T2SvapMBPJeBw',2909),(2912,'1524125125460038','2021-02-09 15:07:22','eyJhbGciOiJIUzUxMiJ9.eyJzdWIiOiIxNTIxODc1NDkzNzY4Mzc2IiwiZXhwIjoxNjEyODg0MTQyLCJpYXQiOjE2MTI4ODMyNDJ9.RMpzJZNJxzx3fvqluZlS5Gy4uLx78evGxNZ6MGuJizQtv8n9EXyaiJ9HworEDbj80jvYrS7vQsDF4v9uf1Atyw',2911),(2993,'1571621032009512','2021-01-10 00:14:58','eyJhbGciOiJIUzUxMiJ9.eyJzdWIiOiIxNTcxNDYwMDY5MjAyMzM5IiwiZXhwIjoxNjEwMjM4NTk4LCJpYXQiOjE2MTAyMzc2OTh9.9OzCaiCnVR2OXxClr8zmvuDnxKTQWlSl0GkxG5eyb2uBd8GaTFtZQECheov0LDiJ0J2BddV4bbHbQ9Tvf3Zgcw',2992),(3038,'1577788771977216','2021-01-10 01:14:31','eyJhbGciOiJIUzUxMiJ9.eyJzdWIiOiIxNTc3NzEwODYxMTcyNTI4IiwiZXhwIjoxNjEwMjQyMTcxLCJpYXQiOjE2MTAyNDEyNzF9.iEHqKXR8_cIcn_opxAdiKyOCi5osKtHzUlKv0MFOmNCDpihk8cnjuIE6vK_VNbWj7ObploXRRtxCqo8LAA0llA',3037),(3040,'1640408716505983','2021-01-10 18:43:45','eyJhbGciOiJIUzUxMiJ9.eyJzdWIiOiIxNjQwMjg4ODU5NzM1NjU1IiwiZXhwIjoxNjEwMzA1MTI0LCJpYXQiOjE2MTAzMDQyMjR9.89cVJ7j2GUmtSWVa2rw1dEoLmOP8UAFYzsMj-cDRLPsxswAXhrx_nWjVaZIMFWjR-k3Jad04l52WBwAcqJ5BQA',3039),(3042,'1644260222520169','2021-01-10 21:21:14','eyJhbGciOiJIUzUxMiJ9.eyJzdWIiOiIxNjQ0MTY0NDI4MjA4MzI3IiwiZXhwIjoxNjEwMzE0NTczLCJpYXQiOjE2MTAzMTM2NzN9.HqVL4pcw0VessLmnuishrRmuEXCa0iHHckw5_9n57EaXSY-PbuPKhsaRkrxBYVpaIbi-X0OOMQSt-st8lpqgyw',3041),(3080,'1713792345337400','2021-01-12 13:55:26','eyJhbGciOiJIUzUxMiJ9.eyJzdWIiOiIxNzEzMjkzNjMzNjc4Njg1IiwiZXhwIjoxNjEwNDYwNjI2LCJpYXQiOjE2MTA0NTk3MjZ9.8RASUK3AokjjY_My9YFHLz0VydHL1F1oIESYg24wPwxITzHgBE6iYP18KMgtT_bsa0w-lUfqggAbBSU4Mw3ebQ',3079),(3098,'1729302708193122','2021-01-11 19:19:58','eyJhbGciOiJIUzUxMiJ9.eyJzdWIiOiIxNzI5MTU2NDkzNDM4MTgyIiwiZXhwIjoxNjEwMzkzNjk4LCJpYXQiOjE2MTAzOTI3OTh9.AkFMBkZkCj4tIuG7x0u2c-F9nEk4tKQ47jSDS7-uNaDGjV0k00BUkUts55riIq18dhpPsoWhH_NyH6wb7M9Yeg',3097),(3100,'1742783636532784','2021-01-11 23:07:34','eyJhbGciOiJIUzUxMiJ9.eyJzdWIiOiIxNzQyNzMxMzM0MzEzNDI1IiwiZXhwIjoxNjEwNDA3MzU0LCJpYXQiOjE2MTA0MDY0NTR9.a__6gn2ikOUZQn4xIAoY7HsXxLTx7ZEU_hQaE9H09G20uUr3C0Ag7W3lz21IqE9jfQXbC8eU26KYkmblnrt9RA',3099),(3136,'1828991456399692','2021-01-12 23:26:58','eyJhbGciOiJIUzUxMiJ9.eyJzdWIiOiIxODI4OTA0MjE2ODY1NjA1IiwiZXhwIjoxNjEwNDk0OTE4LCJpYXQiOjE2MTA0OTQwMTh9.IZNoRQ16VZ2f3KepWx96VwvsuqQDxmVNDJyvAnkMNFk9fMVZ9UG2P8nsfwU4j-5sdHdKhzUj0e2QyJkgDS5SLw',3135),(3146,'1864344559167166','2021-02-01 09:52:01','eyJhbGciOiJIUzUxMiJ9.eyJzdWIiOiIxODY0Mjk0ODgzODE4MDgxIiwiZXhwIjoxNjEyMTc0MDIxLCJpYXQiOjE2MTIxNzMxMjF9.SFkVeWTcQ62gbs-agNUkt9oME4Q_fJcUGGhaCnGDhpuXJLbBr6dQBODsS6Osrl6d-eeodaiiblTiciGBCi7H_A',3145),(3166,'1922431187241798','2021-01-22 19:55:17','eyJhbGciOiJIUzUxMiJ9.eyJzdWIiOiIxODkzMzc5NDE0NjIxMTI1IiwiZXhwIjoxNjExMzQ2MjE3LCJpYXQiOjE2MTEzNDUzMTd9.OOe1-YaiP3FNASx1x7rY0IC7U7AXAGnDVO5NIIZego2RDU06lpQt_0RQxlZ3aENL4dyk9qZrWFtQ9NI9O-moNQ',3165),(3181,'1993948730922717','2021-02-20 09:09:52','eyJhbGciOiJIUzUxMiJ9.eyJzdWIiOiIxOTkxMDM1NDUwMTQxMjg2IiwiZXhwIjoxNjEzODEzMDkyLCJpYXQiOjE2MTM4MTIxOTJ9.stFNagd2FsB23KW1Zy4IzOJARHrrEkm2KUC78eNT-230kvmIG_H7DZUIImerc_SJCjFOjDkSUdpTvUO6gcP9_g',3180),(3193,'2058038136848301','2021-01-22 10:35:43','eyJhbGciOiJIUzUxMiJ9.eyJzdWIiOiIyMDU3OTA4NDkyOTYxOTE1IiwiZXhwIjoxNjExMzEyNjQzLCJpYXQiOjE2MTEzMTE3NDN9.XyN9kWutTLhqqQZc00-dN1S7p4o42mUwQdqglm62fBvdEh31npP_IFI21dhy4Q8CC_6sz0EVgGTsn1HCDCDvMw',3192),(3196,'2070282345294771','2021-01-15 18:02:35','eyJhbGciOiJIUzUxMiJ9.eyJzdWIiOiIyMDcwMjA3MTA0MjcyMDgzIiwiZXhwIjoxNjEwNzM0NjU1LCJpYXQiOjE2MTA3MzM3NTV9.iRScFaxGtQ69J3xWaTv_eRg5gDv9b5cQFj3lw1Yt5MSY198RnqKPyQwuiJJfmPemouvf_gOjv8hj44A4se4qRw',3195),(3198,'2073453195989054','2021-01-21 19:07:36','eyJhbGciOiJIUzUxMiJ9.eyJzdWIiOiIyMDczMzUxOTk5MTczMzEyIiwiZXhwIjoxNjExMjU2OTU2LCJpYXQiOjE2MTEyNTYwNTZ9.43bhWildrrlrE_VC5zU-HrJINTgluIq4brDFLFsjxRVlyENfN4HruwDywDJd7hyYIwBj178ToY0QkWf29h9HXw',3197),(3239,'2108191708811474','2021-01-16 14:07:39','eyJhbGciOiJIUzUxMiJ9.eyJzdWIiOiIyMTA4MTE1MzUwNTcyNTY3IiwiZXhwIjoxNjEwODA2OTU5LCJpYXQiOjE2MTA4MDYwNTl9.PHktJWauptpiZrFMqz6AyHo8mBzXamOMi67rA0BcQi4chOwO-34OfkH9IboRXgnrfdZX-aJT2R5EKf5CHKXgdA',3238),(3250,'2124148661609268','2021-01-16 09:00:19','eyJhbGciOiJIUzUxMiJ9.eyJzdWIiOiIyMTIyMjU3OTMyOTg4MzA1IiwiZXhwIjoxNjEwNzg4NTE5LCJpYXQiOjE2MTA3ODc2MTl9.vstk505W3wbX4XCpnRFWRZ1gJ1ImvVR80q1xNmkNOHUhgKeFwuvVlidBqvWHBYuX8Kn6tr9AZsvmRNOUXYlTxg',3249),(3252,'2125932821307969','2021-02-03 19:20:50','eyJhbGciOiJIUzUxMiJ9.eyJzdWIiOiIyMTI0OTgyMzI2NzQ4MjE1IiwiZXhwIjoxNjEyMzgwOTUwLCJpYXQiOjE2MTIzODAwNTB9.IZNcJkbr_cnlV_Q564Sdb9KsKamJJyfio6d4fBHOH4-rxG7r8mvdDFKzgVoF2lH9VuFkv1Rph-wyM-IQzWy_2Q',3251),(3254,'2131777250659297','2021-01-16 22:01:55','eyJhbGciOiJIUzUxMiJ9.eyJzdWIiOiIyMTMxNjc2NTA3NzYxMDMzIiwiZXhwIjoxNjEwODM1NDE1LCJpYXQiOjE2MTA4MzQ1MTV9.aEFNkKOo6S2Uf_Nr63waW1KcqJe8SZznp7UTaD5nho5JBdQHpF7fdwGn4UlI5HBZjkbl0yV3RrcJ_uk34Z-UMg',3253),(3266,'2156410363150051','2021-01-16 18:02:47','eyJhbGciOiJIUzUxMiJ9.eyJzdWIiOiIyMTU2MzQ3NzM5NzIzNjg4IiwiZXhwIjoxNjEwODIxMDY3LCJpYXQiOjE2MTA4MjAxNjd9.X93dllRcd03E0xoMmg6lnBGsIm_0GQ92qaRqljloQnEJmZlJIc5gYoe-Xe7S-pVUagyFcx1V7gkx1eInf3i7Fw',3265),(3267,'2160733814317082','2021-01-16 21:11:44','eyJhbGciOiJIUzUxMiJ9.eyJzdWIiOiIyMDY3Nzk0MTQ4NTUzMTQ4IiwiZXhwIjoxNjEwODMyNDA0LCJpYXQiOjE2MTA4MzE1MDR9._zOX8GIhdN3xoGxrvsJf75G_WrWE5ShaT_L0EmriuUhWcn5B-gibI8DhYuIVkLmbr7No9rJMsVcyZwHBab64yg',3194),(3288,'2185923397515626','2021-02-04 14:53:07','eyJhbGciOiJIUzUxMiJ9.eyJzdWIiOiIyMTg1NjEzNDc5MzYzMjY4IiwiZXhwIjoxNjEyNDUxMjg3LCJpYXQiOjE2MTI0NTAzODd9.DchhOGiBZoDDGnBbiJG3YpnvKHQbCCgf9VmRXRxjp__H7JKGUUx0yKmconyD3pYcIbdlmlChwZ1I8fvJRSvK2g',3287),(3293,'2240926294212094','2021-02-11 22:37:38','eyJhbGciOiJIUzUxMiJ9.eyJzdWIiOiIyMjQwODUxMTA2NzEwNzk2IiwiZXhwIjoxNjEzMDgzOTU4LCJpYXQiOjE2MTMwODMwNTh9.ZMQOuzpHRlNX7iIH3oq9ke_iJBVvTZWaPouIAe1OhaPH97IG23ey1-HxzayPb6UtmDLi07k1Pyt5vUKwK35bIg',3292),(3296,'2246805865059213','2021-02-12 21:47:53','eyJhbGciOiJIUzUxMiJ9.eyJzdWIiOiIyMjQ2Njg0Njg1MTE4MzgxIiwiZXhwIjoxNjEzMTY3MzczLCJpYXQiOjE2MTMxNjY0NzN9.MqMx1IMPckEo5mDQdXKM088BG8-_sTTIU313eY_LAspVEyAwT1Ookb0IiAG-zM6gdpHri5-BVXA3xAy1nwJdkg',3295),(3301,'2295965349417390','2021-02-22 08:38:07','eyJhbGciOiJIUzUxMiJ9.eyJzdWIiOiIyMjk1ODU3MjE1MDI0Mjc1IiwiZXhwIjoxNjEzOTgzOTg3LCJpYXQiOjE2MTM5ODMwODd9.I7VI3xQMgHG1uAMP_lOGdTXDLvaAjf5rTV0knd2cMz2hc_HeO0u4YKUBsWzdybdtReMyg4vBMS6XeuRCYZPt6g',3300),(3317,'2332028589510487','2021-02-11 17:40:27','eyJhbGciOiJIUzUxMiJ9.eyJzdWIiOiIyMzMxODc3ODM2MTM4NzgxIiwiZXhwIjoxNjEzMDY2MTI3LCJpYXQiOjE2MTMwNjUyMjd9.rS3yJ8BjvLWX9eOGylY4n97aYSDn-0v3l7WjwDcY98iTc7jUEKOcP_YV6fTGWr5bAIhnz2-IMnoKmVDkghEtYQ',3316),(3319,'2334785049759196','2021-01-18 19:33:23','eyJhbGciOiJIUzUxMiJ9.eyJzdWIiOiIyMzM0NjYwNDkxNzk1ODYzIiwiZXhwIjoxNjEwOTk5MzAzLCJpYXQiOjE2MTA5OTg0MDN9.yrRKVUEHLyRIQYraEEPhG5r6I3KgP3LBTeBIWUBglBV8JmrfnLy-hKnPA9B0tX55TyLFb08pp9SsvgMhigrHyg',3318),(3321,'2338678219472442','2021-01-18 22:19:07','eyJhbGciOiJIUzUxMiJ9.eyJzdWIiOiIyMzM4NTgyNTA4MjAyNTk3IiwiZXhwIjoxNjExMDA5MjQ3LCJpYXQiOjE2MTEwMDgzNDd9.ra2rohgwP5-Wnd3xOsLnH136ltB0M9h_qFni5dWkliHi2Q5dVQzAqElMLBuGf7ufcVxjZVO2tIKmS_XpMU4cIg',3320),(3352,'2350098182873797','2021-01-18 23:52:59','eyJhbGciOiJIUzUxMiJ9.eyJzdWIiOiIyMzQ5Nzc0NjE3NDk3MTIxIiwiZXhwIjoxNjExMDE0ODc5LCJpYXQiOjE2MTEwMTM5Nzl9.A-4K0xfjHxE0pXuDVc79CldLS9ZLuexX-UJ8EBPVBp_XvANOL08tG_fA0FiOoFwCDwa3U0W22kjDHaDvai3U2A',3350),(3361,'71202355778174','2021-01-19 18:31:02','eyJhbGciOiJIUzUxMiJ9.eyJzdWIiOiI2NDMxMzMzNzczNTQ2NCIsImV4cCI6MTYxMTA4MTk2MiwiaWF0IjoxNjExMDgxMDYyfQ.l-8irw8XG2FOQSfDq5b1_Qo_AZZGz1eodX_rvkVKe-i_5x2pQ0tXGw2GnLI_C4KI0jyCa3qhn1lIycNTkURTow',3360),(3416,'158377512091429','2021-01-21 22:24:44','eyJhbGciOiJIUzUxMiJ9.eyJzdWIiOiIxNTgzMTc1NzIzOTMxMTkiLCJleHAiOjE2MTEyNjg3ODQsImlhdCI6MTYxMTI2Nzg4NH0.b8nO1LWHudFz4m56qKmrXalXFgCpHwAEScda7rERqVw2kEdz_bN4lLnDpGEnV4cIYwg6pk4qI5nO-PSRZL3-bw',3415),(3488,'94167033627816','2021-01-21 18:30:01','eyJhbGciOiJIUzUxMiJ9.eyJzdWIiOiI5MzUxNDk3MjY4ODQ0OCIsImV4cCI6MTYxMTI1NDcwMSwiaWF0IjoxNjExMjUzODAxfQ.ZjHc7lLRdx_OkFLPg1evv5Zu60K_WQUKEdE9HuMKKaZ76dPU3WlONRQ6FjNxOklTd2o1R3bQbgt01HGE0ao9TQ',3486),(3510,'100600272779037','2021-01-28 06:22:07','eyJhbGciOiJIUzUxMiJ9.eyJzdWIiOiIxMDA0MTI1NDk2MzEyNTkiLCJleHAiOjE2MTE4MTU4MjcsImlhdCI6MTYxMTgxNDkyN30.j75pKOyBZHoFPiftykscXCGg6bX2ZnCTiHNBt0z_x4ClZCSj1eBZIEeAJ1fu-YXGn1ALVnoK0Ma4u8-W_WRkBg',3509),(3578,'166514626716700','2021-02-21 15:55:07','eyJhbGciOiJIUzUxMiJ9.eyJzdWIiOiIxMzcwNDMxNzE5NjI5MTc5IiwiZXhwIjoxNjEzOTIzODA3LCJpYXQiOjE2MTM5MjI5MDd9.zW9AO9J-BfzESZ0T_p2vzP5UArVAPgmzI5y3kZ-X9GK0ssbKY6AbYuojJL1MMLr5zl3j87fxgB1G0qNB47JXJQ',2640),(3586,'187154456912156','2021-02-21 15:16:08','eyJhbGciOiJIUzUxMiJ9.eyJzdWIiOiIxODY2NzgxOTg4MTExMzgiLCJleHAiOjE2MTM5MjE0NjgsImlhdCI6MTYxMzkyMDU2OH0.FU7aNyxSoZJ-cl7YMaHbdtKreDj_Smque2S4boevaYe-v_7SxuxGVcaGV1A2iKf9poHTutVcU1OZMKEyc51XrA',3585),(3597,'188603984396271','2021-01-22 20:40:09','eyJhbGciOiJIUzUxMiJ9.eyJzdWIiOiIxODg0OTMzNjYxNjA3NTYiLCJleHAiOjE2MTEzNDg5MDksImlhdCI6MTYxMTM0ODAwOX0.FuTQDpmkTyFRkLIrV4dUnRYq1ZsLFM5hNtxHKFtPur5xrWRUb52e34UiZXalRsMA_-ttEdTZ_Do4srmA4Xt64w',3596),(3599,'190118952737510','2021-02-02 23:12:41','eyJhbGciOiJIUzUxMiJ9.eyJzdWIiOiIxODk5NjUxODM2ODMwODUiLCJleHAiOjE2MTIzMDg0NjEsImlhdCI6MTYxMjMwNzU2MX0.JAlM0A7lUTfjQU_eo5I0qJGfEe3HpBG8Z-JGjONLRRhZHvwFWunVSgKCaczxyzoiHsaDQkqNsOUuBIYSIijy6Q',3598),(3605,'193004867517261','2021-01-22 21:53:33','eyJhbGciOiJIUzUxMiJ9.eyJzdWIiOiIxOTI4ODEyMDczNjcwNjkiLCJleHAiOjE2MTEzNTMzMTMsImlhdCI6MTYxMTM1MjQxM30.AtMQ729MENOMM8Ewn2Lh2TQlDFqK4hp2T8mcNyhUZsFxPdAORE_W9J1paL91YvOKL2K3o9edcdbi255leHYwqg',3604),(3635,'242422699801944','2021-01-23 11:44:22','eyJhbGciOiJIUzUxMiJ9.eyJzdWIiOiIyNDIzMzkyODU1MTkzNTUiLCJleHAiOjE2MTE0MDMxNjAsImlhdCI6MTYxMTQwMjI2MH0.QEVbcBgSNHrai6cA-Dqh4yUJKUa3siav__2mxknJVvO4qBQfovoC-cszPLnlgd9_9G529ShzpzIluVt4-CjrtA',3634),(3792,'644756961949994','2021-02-15 00:57:11','eyJhbGciOiJIUzUxMiJ9.eyJzdWIiOiI2NDQ2NDIzODEzNTM2ODkiLCJleHAiOjE2MTMzNTE1MzEsImlhdCI6MTYxMzM1MDYzMX0.OrLlAHl9q-6pcU4_bDOnwtMUn0QBENQ_V7KrC_Ejwfe-4d1KuTIBj_k8Wt1R0Iezxrmm-xJfWtXMxedXP_T25Q',3791),(3899,'703099639428462','2021-02-03 14:55:02','eyJhbGciOiJIUzUxMiJ9.eyJzdWIiOiI3MDMwMzQxMjEwNDUxMTEiLCJleHAiOjE2MTIzNjUwMDIsImlhdCI6MTYxMjM2NDEwMn0.Yo5gd-zX9ok5rdJ9lfzszWeuH55IjlsdWPExwvSPqd2rK7ppP1oH8mBq_RWrXmkmknJ02S5Rp2b7tjSwDrv0jQ',3898),(3913,'789608889874126','2021-02-22 13:32:14','eyJhbGciOiJIUzUxMiJ9.eyJzdWIiOiI3ODkzOTA2NDkyMTAyNjAiLCJleHAiOjE2MTQwMDE2MzQsImlhdCI6MTYxNDAwMDczNH0.lSdUrKN2LRUXkttuyajA5AVZTGM7uWJJrqGVPCtPnjL1OqKDb_YhvtmNoQKNAjT3D_FhxD5TnHVz95QDMLXWzw',3912),(3958,'855241684599987','2021-02-20 22:26:06','eyJhbGciOiJIUzUxMiJ9.eyJzdWIiOiI4NTM2Mzg0NTgwNDM4NTAiLCJleHAiOjE2MTM4NjA4NjYsImlhdCI6MTYxMzg1OTk2Nn0.qunwmndctHCKHHylwG2li7PT7gX3tDQjhPpsEwcW2duTf472RD-BNBxtfjbHJiRd0cVz7qF8sKnFqJWc8rqY0Q',3957),(3960,'865602262592330','2021-02-05 12:01:52','eyJhbGciOiJIUzUxMiJ9.eyJzdWIiOiI4NjU1NTAxMjk3NzY2NzgiLCJleHAiOjE2MTI1Mjc0MTIsImlhdCI6MTYxMjUyNjUxMn0.pqb4EiS81VTvYoZtOj_dou_q0NVwHajKhppJ7uKvpiHN5Z7ryVC0Yceho6ScgutgH3xSRwH1PlysVUokmu596g',3959),(3982,'964400954013547','2021-02-06 15:35:27','eyJhbGciOiJIUzUxMiJ9.eyJzdWIiOiI5NjQzMjQ0NzMzNzUyMzAiLCJleHAiOjE2MTI2MjY2MjcsImlhdCI6MTYxMjYyNTcyN30.P4-2B0HsabRrJ740oR9uyeL26XIrHDlDmN-4xhMAom6Q7njPeco4DSp2ReKUZ-Lmk0-kV6KG6GgOXShifo-eyw',3981),(3991,'981955435731747','2021-02-06 20:52:00','eyJhbGciOiJIUzUxMiJ9.eyJzdWIiOiI5ODE2NzIwNjcxNTEwNzkiLCJleHAiOjE2MTI2NDU2MjAsImlhdCI6MTYxMjY0NDcyMH0.QG4i84Mwg-VlMy1sj0jaLLuS3zE9Jzs_2tZTnKHB8zzyTz1LZInqoajQSk5oKQz3xlO4cakdDEjjeUcNcATGLg',3990),(3992,'982408305631988','2021-02-06 20:26:07','eyJhbGciOiJIUzUxMiJ9.eyJzdWIiOiI5ODEzODU4MjIwMTkzMjYiLCJleHAiOjE2MTI2NDQwNjcsImlhdCI6MTYxMjY0MzE2N30.IWqayKX1JV9PNNurHHDgD9WAQueIoS9NyfmlzCb-t8cNxYC8wRrqBjtEWVL75zHttq4Nghj_pOO_5oLSA5pc_g',3989),(3995,'991319790467038','2021-02-16 02:30:13','eyJhbGciOiJIUzUxMiJ9.eyJzdWIiOiI5OTEyMDQzMTYwODgwODgiLCJleHAiOjE2MTM0NDM1MTMsImlhdCI6MTYxMzQ0MjYxM30.rlxfhqfrczRJRuGtYH2aBZCKKqxTLYNI5Tb7567RJuoGjUM4i5nwExKCIs04XXCbACiP2x3b5HziXL5ijUFVTg',3994),(3997,'996978191937358','2021-02-07 00:28:04','eyJhbGciOiJIUzUxMiJ9.eyJzdWIiOiI5OTY5MDg5MTUzNTA1MzEiLCJleHAiOjE2MTI2NTg1ODQsImlhdCI6MTYxMjY1NzY4NH0.AQUdm-uf5qd8zLKBep1CYN1wYUoPVBetDJkVKXsn5BmeaYSLRZk5bp1BHUINmbYm52fmzp8SNbzh0JMKN_sAKg',3996),(3999,'1062188147886149','2021-02-07 18:29:18','eyJhbGciOiJIUzUxMiJ9.eyJzdWIiOiIxMDYyMDc2Nzg3MzAzMDk2IiwiZXhwIjoxNjEyNzIzNDU4LCJpYXQiOjE2MTI3MjI1NTh9.OFzh5M0tlitTeDaz18j-Vlgd2bmDQmb0cMEr1DSfun9Y6hR6aZsbOl--SRVg-Yf_hZPYHChYt2vm_znuPb54xg',3998),(4032,'1384044278231458','2021-02-15 12:46:59','eyJhbGciOiJIUzUxMiJ9.eyJzdWIiOiIxMzgzOTc1NTk1NjQ0NjE0IiwiZXhwIjoxNjEzMzk0MTE5LCJpYXQiOjE2MTMzOTMyMTl9.qrt8hKzqyxOucO6iCMGLeO_1lH9T_cFZEn_oQmc5WoJ4UyuNhNcdtM4Hsl0MsVONMiWdni-dncXZqZxfMN_y_g',4031),(4046,'1390635464266954','2021-02-21 18:47:56','eyJhbGciOiJIUzUxMiJ9.eyJzdWIiOiIxMzkwNTc1NzUyNjMyNDc3IiwiZXhwIjoxNjEzOTM0MTc2LCJpYXQiOjE2MTM5MzMyNzZ9.kS0sNlrfMk7kyFBoxzaAhMF5zZMpQMOrC8lmsjxDzx72wLQ11zomot0o_kXRk-tjc5-xZzrbQDwY0-hRJoKnwg',4045),(4063,'1401264032192974','2021-02-20 23:47:05','eyJhbGciOiJIUzUxMiJ9.eyJzdWIiOiIxNDAxMjMzNDQ4NTYzOTM1IiwiZXhwIjoxNjEzODY1NzI1LCJpYXQiOjE2MTM4NjQ4MjV9.z4JDqs7w9ttD74wuwQ5YONZLjjr49QN46Q8GOcZsKrym3yeUxSWRJtgDoBBNr_AsIHap_SbqKYY-dJBfGK8d-g',4062),(4069,'1409944894823379','2021-02-11 19:16:50','eyJhbGciOiJIUzUxMiJ9.eyJzdWIiOiIxNDA5ODU5NTkwNzcyMzc0IiwiZXhwIjoxNjEzMDcxOTEwLCJpYXQiOjE2MTMwNzEwMTB9.kKA0yVdEBAZ1XuvhsO-Winn3fLrKdyR2u6kZoc-DuglCkEwHhcZjMRTXRj-DMEcgFh4qmRb-ugt23N-kTTtKNA',4068),(4131,'1583896355154276','2021-02-22 09:53:05','eyJhbGciOiJIUzUxMiJ9.eyJzdWIiOiIxNTgzODEzMjEwNzY4MDIxIiwiZXhwIjoxNjEzOTg4NDg1LCJpYXQiOjE2MTM5ODc1ODV9.xuLPbylYAmo259Wy5MgrhsLFyTHhIbUpxwmMkCuE3yU6YdYKVwsCUCROE_JfUH8I8UXTaC8U4kRrY_euk5UgIg',4130),(4216,'1823603656485284','2021-02-16 15:34:08','eyJhbGciOiJIUzUxMiJ9.eyJzdWIiOiIxODIzNTYzNTY3NzcwNzMxIiwiZXhwIjoxNjEzNDkwNTQ4LCJpYXQiOjE2MTM0ODk2NDh9.bwR2y49Dqf2TQTJN_7T_j8JMgIPzVVQp3E59C5nnL4Y1jXMGljBIDG88pc8aObsi9RWq7MG-t-q_zv-1HzgROg',4215),(4277,'2194910356263637','2021-02-20 21:17:36','eyJhbGciOiJIUzUxMiJ9.eyJzdWIiOiIyMTk0ODU1MDcyMTQ0MjkyIiwiZXhwIjoxNjEzODU2NzU2LCJpYXQiOjE2MTM4NTU4NTZ9.qHTT17uXn2FiDbae4rfBqSTKeeo0GPJsmXsZqsI5NqR-dApdlq2VWvNWwvnVeiNZBmdqU8pUt8V7TiYU1W2oWA',4276),(4280,'2195103099788280','2021-02-20 21:54:16','eyJhbGciOiJIUzUxMiJ9.eyJzdWIiOiIyMTk0OTI0MzM0MzE1MTE1IiwiZXhwIjoxNjEzODU4OTU2LCJpYXQiOjE2MTM4NTgwNTZ9.1moTV5WSmh-0M1cy8NSbFZM9xR8IsEFPd_QgzBS5blvTeCzcoyH7cZneXbL0PIlfbyEgv0VG5RMno_muEzzlUA',4278),(4284,'2195165556403555','2021-02-21 10:25:46','eyJhbGciOiJIUzUxMiJ9.eyJzdWIiOiIyMTk1MDU4MTIwNDk4Mzg5IiwiZXhwIjoxNjEzOTA0MDQ2LCJpYXQiOjE2MTM5MDMxNDZ9.jLqI1_B8QTgYuyBi4mQ0xXOTgP4VRogWf8mPnsgKeln4dwSshPxRR0B_ClQO9FGvlarHfZqmetPicVoO93BiBw',4279),(4749,'2266181954358013','2021-02-21 16:58:57','eyJhbGciOiJIUzUxMiJ9.eyJzdWIiOiIyMjY1NjQ1MjE5NzIyNjQ4IiwiZXhwIjoxNjEzOTI3NjM3LCJpYXQiOjE2MTM5MjY3Mzd9.3Ah2G6e-upKicYm4fRFWooP7Nt2pRKCCfj7n0qJ_D8kUJE_nHgFJPX64YQpssOsH-ieYBp5Jhbe95QdPcKtPXQ',4748),(4757,'2269035868849512','2021-02-21 18:18:55','eyJhbGciOiJIUzUxMiJ9.eyJzdWIiOiIyMjY4ODY0NjQwMDc4MDg5IiwiZXhwIjoxNjEzOTMyNDM1LCJpYXQiOjE2MTM5MzE1MzV9.uAs56YDZCZEmhHDNrbVVGm5bK39gmHrvgRZcJamZdPMZx9OOAgL6d4hCfAoFXYzMVmHO2JunpVXnHNJsgvvzGw',4756),(4770,'2272049651243725','2021-02-21 20:36:18','eyJhbGciOiJIUzUxMiJ9.eyJzdWIiOiIyMjcxODc5NDYwMTQzNjg4IiwiZXhwIjoxNjEzOTQwNjc4LCJpYXQiOjE2MTM5Mzk3Nzh9.GI_KuV3FA3wdIUQIv5IUmnHq3SXdJ6IUksMphcMukMjupE7y50BBBqfJxtG8V-2RJEnsIM8Vg8zY7SSA18NMNA',4769),(4874,'2274390518800373','2021-02-22 09:24:26','eyJhbGciOiJIUzUxMiJ9.eyJzdWIiOiIyMjczOTYzNzIxOTg2Nzk2IiwiZXhwIjoxNjEzOTg2NzY2LCJpYXQiOjE2MTM5ODU4NjZ9.K6IjqpoK0FVHqdBidS7_fBwpuQ0tkG0KPDsdeJAROJxzFyf0Z6POqBfkYOsNTS8J_FKGW5_Uo2EUGeA6h66jTg',4873),(4917,'2322532262550136','2021-02-22 08:42:35','eyJhbGciOiJIUzUxMiJ9.eyJzdWIiOiIyMzIyNDgyNDc2OTMxMTQzIiwiZXhwIjoxNjEzOTg0MjU1LCJpYXQiOjE2MTM5ODMzNTV9.pmRK3PNpXJ2-o75nrzhvGs1SUyk9lksSZ2EUUCKOcBDaCBdRahicDsVSSDdEpFfHT7lZZDnpM9mWLckY2i4X3A',4916);
/*!40000 ALTER TABLE `token` ENABLE KEYS */;
UNLOCK TABLES;

--
-- Table structure for table `updates`
--

DROP TABLE IF EXISTS `updates`;
/*!40101 SET @saved_cs_client     = @@character_set_client */;
/*!40101 SET character_set_client = utf8 */;
CREATE TABLE `updates` (
  `id` int(11) NOT NULL,
  `id_server` varchar(255) NOT NULL,
  `active` bit(1) DEFAULT NULL,
  `created_at` datetime NOT NULL,
  `deleted` bit(1) DEFAULT NULL,
  `modified_at` datetime DEFAULT NULL,
  `revision` bigint(20) DEFAULT NULL,
  `description` varchar(255) NOT NULL,
  `version` varchar(255) NOT NULL,
  PRIMARY KEY (`id`),
  UNIQUE KEY `UK_17s1w3f0sghnyowgy9rm9ji3g` (`id_server`)
) ENGINE=InnoDB DEFAULT CHARSET=utf8;
/*!40101 SET character_set_client = @saved_cs_client */;

--
-- Dumping data for table `updates`
--

LOCK TABLES `updates` WRITE;
/*!40000 ALTER TABLE `updates` DISABLE KEYS */;
INSERT INTO `updates` VALUES (2597,'264006164566700','\0','2021-01-18 10:05:29','\0',NULL,0,'Affichage de l\'alerte des nouvelles mises à jour','0.2.6'),(2598,'264006166085099','\0','2021-01-18 10:05:29','\0',NULL,0,'Mis a jour du batch des comptes online','0.2.6'),(2599,'264006167570500','\0','2021-01-18 10:05:29','\0',NULL,0,'Affichage du nombre de documents partagés','0.2.6'),(2600,'264006168696100','\0','2021-01-18 10:05:29','\0',NULL,0,'Refonte de la page de reception des messages instantanés','0.2.6'),(2601,'264006169824400','\0','2021-01-18 10:05:29','\0',NULL,0,'Résolution du bug sur le reception de l\'email d\'inscription','0.2.6'),(2602,'264006170950400','\0','2021-01-18 10:05:29','\0',NULL,0,'Modification du loader','0.2.6'),(2668,'83777333291600','\0','2021-01-30 07:45:25','\0',NULL,0,'Possiblité de commenter et liker un document dans la rubrique des documents partagés','0.2.7'),(2669,'83777334387800','\0','2021-01-30 07:45:25','\0',NULL,0,'Retirer la possiblité de supprimer un post si ce n\'est pas ton post','0.2.7'),(2670,'83777335534700','\0','2021-01-30 07:45:25','\0',NULL,0,'Envoi d\'email lors d\'un like, un commentaire, nouvel abonné','0.2.7'),(2671,'83777336763000','\0','2021-01-30 07:45:25','\0',NULL,0,'Affichage des notifications des abonnements','0.2.7'),(2672,'83777337823000','\0','2021-01-30 07:45:25','\0',NULL,0,'Mettre PROFIL en minuscule sur le dashboard','0.2.7'),(2673,'83777338945500','\0','2021-01-30 07:45:25','\0',NULL,0,'Inverser envoyeur et recepteur de message dans la rubrique messages instantanés','0.2.7'),(2674,'83777340064100','\0','2021-01-30 07:45:25','\0',NULL,0,'Changer \'Lycée professionel\' par \'Lycée Général et professionnel\' parmi les type d\'etablissement','0.2.7'),(2675,'83777341154600','\0','2021-01-30 07:45:25','\0',NULL,0,'Style sur les mots clés','0.2.7'),(2676,'83777342248200','\0','2021-01-30 07:45:25','\0',NULL,0,'Formatage de la biographie et de la description d\'une publication','0.2.7'),(2677,'83777343451800','\0','2021-01-30 07:45:25','\0',NULL,0,'Nombre d\'elements dans la rubrique de modification de profil','0.2.7'),(2761,'397839981853100','\0','2021-02-02 22:59:21','\0',NULL,0,'Desactiver un compte','0.3.1'),(2762,'397839983098200','\0','2021-02-02 22:59:21','\0',NULL,0,'Supprimer un compte','0.3.1'),(2763,'397839984267700','\0','2021-02-02 22:59:21','\0',NULL,0,'Mot de passe oublié','0.3.1'),(2764,'397839985326200','\0','2021-02-02 22:59:21','\0',NULL,0,'Fix like et commentaire','0.3.1'),(2765,'397839986312800','\0','2021-02-02 22:59:21','\0',NULL,0,'Email de notification (abonné, like, commentaire)','0.3.1'),(2766,'397839987418000','\0','2021-02-02 22:59:21','\0',NULL,0,'Fix email d\'inscription','0.3.1'),(2770,'40223494568200','\0','2021-02-08 19:04:08','\0',NULL,0,'ition profil - Affichage du nombre d\'elements','0.3.2'),(2771,'40223496024500','\0','2021-02-08 19:04:08','\0',NULL,0,'Epaisseur et soulignement des icones de la barre header','0.3.2'),(2772,'40223499687900','\0','2021-02-08 19:04:08','\0',NULL,0,'Scroll des columnes  independamment au tableau de board','0.3.2'),(2773,'40223501266300','\0','2021-02-08 19:04:08','\0',NULL,0,'Lien sur la photo de post','0.3.2'),(2774,'40223503514800','\0','2021-02-08 19:04:08','\0',NULL,0,'Mettre 4 elements dans parcours pro et formations','0.3.2'),(2793,'210815858427000','','2021-02-10 18:27:01','\0',NULL,0,'Edition profil - Affichage du nombre d\'elements','0.3.4'),(2794,'210815859822700','','2021-02-10 18:27:01','\0',NULL,0,'Epaisseur et soulignement des icones de la barre header','0.3.4'),(2795,'210815861105400','','2021-02-10 18:27:01','\0',NULL,0,'Fixer les colonnes laterales lors du scroll','0.3.4'),(2796,'210815862383900','','2021-02-10 18:27:01','\0',NULL,0,'Lien sur la photo de post','0.3.4'),(2797,'210815863640200','','2021-02-10 18:27:01','\0',NULL,0,'Mettre 4 elements dans parcours pro et formations','0.3.4'),(2798,'210815865199900','','2021-02-10 18:27:01','\0',NULL,0,'Affichage des notifications','0.3.4'),(2799,'210815866766600','','2021-02-10 18:27:01','\0',NULL,0,'Filtrage dans la partie mon reseau','0.3.4');
/*!40000 ALTER TABLE `updates` ENABLE KEYS */;
UNLOCK TABLES;

--
-- Dumping events for database 'skillsmatesdb'
--

--
-- Dumping routines for database 'skillsmatesdb'
--
/*!40103 SET TIME_ZONE=@OLD_TIME_ZONE */;

/*!40101 SET SQL_MODE=@OLD_SQL_MODE */;
/*!40014 SET FOREIGN_KEY_CHECKS=@OLD_FOREIGN_KEY_CHECKS */;
/*!40014 SET UNIQUE_CHECKS=@OLD_UNIQUE_CHECKS */;
/*!40101 SET CHARACTER_SET_CLIENT=@OLD_CHARACTER_SET_CLIENT */;
/*!40101 SET CHARACTER_SET_RESULTS=@OLD_CHARACTER_SET_RESULTS */;
/*!40101 SET COLLATION_CONNECTION=@OLD_COLLATION_CONNECTION */;
/*!40111 SET SQL_NOTES=@OLD_SQL_NOTES */;

-- Dump completed on 2021-02-23 10:08:55
